M201 X500 Y500 Z100 E1000
M203 X30000 Y30000 Z300 E3600
M204 P500 T500
M566 X480.00 Y480.00 Z24.00 E300.00
M107
G90
M83
G92 Z0
G1 Z30
G28 X Y
G28 Z
G4
G92 Z0
G1 Z30
G1 X88.563 Y46.587
G21
G90
M83
M107
G92 E0
M118 S"@sync 0"
G1 Z.075 F300
M118 S"@pic"
G1 X89.129 Y46.265
G1 F307.974
G4
M118 S"@pump_pressure 0 721"
G1 X89.129 Y46.675
G1 X89.057 Y47.036
G1 X88.89 Y47.43
G1 X88.676 Y47.739
G1 X88.446 Y47.969
G1 X88.137 Y48.183
G1 X87.743 Y48.35
G1 X87.383 Y48.422
G1 X86.972 Y48.422
G1 X86.562 Y48.335
G1 X86.217 Y48.183
G1 X85.908 Y47.969
G1 X85.677 Y47.737
G1 X85.464 Y47.43
G1 X85.297 Y47.036
G1 X85.225 Y46.676
G1 X85.225 Y46.265
G1 X85.297 Y45.905
G1 X85.464 Y45.511
G1 X85.679 Y45.201
G1 X85.942 Y44.945
G1 X86.294 Y44.717
G1 X86.597 Y44.594
G1 X87.014 Y44.513
G1 X87.382 Y44.518
G1 X87.792 Y44.605
G1 X88.137 Y44.757
G1 X88.446 Y44.972
G1 X88.677 Y45.203
G1 X88.89 Y45.51
G1 X89.057 Y45.904
G1 X89.113 Y46.159
G4
M118 S"@pump_pressure 0 0"
G1 X89.233 Y46.254 F300
G1 F307.974
G4
M118 S"@pump_pressure 0 721"
G1 X89.233 Y46.686
G1 X89.157 Y47.067
G1 X88.981 Y47.48
G1 X88.756 Y47.806
G1 X88.513 Y48.049
G1 X88.187 Y48.274
G1 X87.774 Y48.45
G1 X87.394 Y48.526
G1 X86.961 Y48.526
G1 X86.53 Y48.434
G1 X86.167 Y48.274
G1 X85.842 Y48.049
G1 X85.597 Y47.804
G1 X85.373 Y47.48
G1 X85.198 Y47.067
G1 X85.121 Y46.687
G1 X85.121 Y46.254
G1 X85.198 Y45.874
M118 S"@sync 1"
G1 X85.373 Y45.46
G1 X85.599 Y45.135
G1 X85.876 Y44.864
G1 X86.246 Y44.624
G1 X86.567 Y44.495
G1 X87.005 Y44.41
G1 X87.393 Y44.414
G1 X87.824 Y44.506
G1 X88.187 Y44.666
G1 X88.513 Y44.892
G1 X88.757 Y45.137
G1 X88.981 Y45.46
G1 X89.157 Y45.873
G1 X89.216 Y46.148
G4
M118 S"@pump_pressure 0 0"
G1 X89.336 Y46.243 F300
G1 F307.974
G4
M118 S"@pump_pressure 0 721"
G1 X89.336 Y46.697
G1 X89.256 Y47.097
G1 X89.073 Y47.53
G1 X88.836 Y47.872
G1 X88.579 Y48.129
G1 X88.237 Y48.366
G1 X87.805 Y48.549
G1 X87.405 Y48.629
G1 X86.95 Y48.629
G1 X86.499 Y48.533
G1 X86.117 Y48.366
G1 X85.775 Y48.128
G1 X85.517 Y47.87
G1 X85.282 Y47.53
G1 X85.098 Y47.098
G1 X85.018 Y46.697
G1 X85.018 Y46.243
G1 X85.098 Y45.843
G1 X85.282 Y45.41
G1 X85.519 Y45.068
G1 X85.811 Y44.783
G1 X86.198 Y44.532
G1 X86.537 Y44.395
G1 X86.995 Y44.306
G1 X87.404 Y44.311
G1 X87.856 Y44.407
G1 X88.237 Y44.575
G1 X88.579 Y44.812
G1 X88.837 Y45.07
G1 X89.073 Y45.41
G1 X89.256 Y45.842
G1 X89.32 Y46.138
G4
M118 S"@pump_pressure 0 0"
G1 X89.44 Y46.232 F300
G1 F307.974
G4
M118 S"@pump_pressure 0 720"
G1 X89.44 Y46.708
G1 X89.356 Y47.128
G1 X89.271 Y47.359
G1 X89.164 Y47.58
G1 X88.916 Y47.939
G1 X88.646 Y48.208
G1 X88.287 Y48.457
G1 X88.066 Y48.564
G1 X87.836 Y48.648
G1 X87.415 Y48.733
G1 X86.939 Y48.733
G1 X86.704 Y48.696
G1 X86.467 Y48.632
G1 X86.067 Y48.457
G1 X85.709 Y48.208
G1 X85.437 Y47.937
G1 X85.191 Y47.58
G1 X85.083 Y47.359
M118 S"@sync 2"
G1 X84.999 Y47.129
G1 X84.914 Y46.708
G1 X84.914 Y46.232
G1 X84.999 Y45.812
G1 X85.083 Y45.581
G1 X85.191 Y45.36
G1 X85.439 Y45.002
G1 X85.745 Y44.702
G1 X85.938 Y44.562
G1 X86.151 Y44.439
G1 X86.507 Y44.295
G1 X86.743 Y44.237
G1 X86.986 Y44.203
G1 X87.415 Y44.207
G1 X87.65 Y44.245
G1 X87.888 Y44.308
G1 X88.287 Y44.483
G1 X88.646 Y44.732
G1 X88.917 Y45.004
G1 X89.164 Y45.36
G1 X89.271 Y45.581
G1 X89.355 Y45.812
G1 X89.423 Y46.127
G4
M118 S"@pump_pressure 0 0"
G1 X89.543 Y46.221 F300
G1 F307.974
G4
M118 S"@pump_pressure 0 720"
G1 X89.556 Y46.47
G1 X89.543 Y46.719
G1 X89.455 Y47.159
G1 X89.367 Y47.4
G1 X89.255 Y47.63
G1 X88.995 Y48.005
G1 X88.712 Y48.288
G1 X88.337 Y48.548
G1 X88.107 Y48.66
G1 X87.867 Y48.748
G1 X87.426 Y48.836
G1 X87.177 Y48.849
G1 X86.928 Y48.836
G1 X86.683 Y48.797
G1 X86.435 Y48.731
G1 X86.017 Y48.548
G1 X85.642 Y48.288
G1 X85.357 Y48.003
G1 X85.099 Y47.63
G1 X84.987 Y47.4
G1 X84.9 Y47.16
G1 X84.811 Y46.719
G1 X84.798 Y46.47
G1 X84.811 Y46.221
G1 X84.899 Y45.781
G1 X84.987 Y45.54
G1 X85.099 Y45.31
G1 X85.359 Y44.935
G1 X85.68 Y44.621
G1 X85.881 Y44.475
G1 X86.103 Y44.347
G1 X86.477 Y44.196
G1 X86.723 Y44.135
G1 X86.976 Y44.099
G1 X87.426 Y44.104
G1 X87.672 Y44.143
G1 X87.919 Y44.209
G1 X88.337 Y44.392
G1 X88.712 Y44.652
G1 X88.997 Y44.937
G1 X89.255 Y45.31
G1 X89.367 Y45.54
G1 X89.455 Y45.781
G1 X89.527 Y46.116
G4
M118 S"@pump_pressure 0 0"
G1 X89.647 Y46.21 F300
G1 F307.974
G4
M118 S"@pump_pressure 0 720"
G1 X89.66 Y46.47
G1 X89.647 Y46.73
G1 X89.554 Y47.19
G1 X89.463 Y47.44
G1 X89.346 Y47.68
G1 X89.075 Y48.072
G1 X88.779 Y48.368
G1 X88.387 Y48.639
M118 S"@sync 3"
G1 X88.147 Y48.756
G1 X87.897 Y48.847
G1 X87.437 Y48.94
G1 X87.177 Y48.953
G1 X86.918 Y48.94
G1 X86.661 Y48.899
G1 X86.403 Y48.83
G1 X85.967 Y48.639
G1 X85.576 Y48.368
G1 X85.277 Y48.069
G1 X85.008 Y47.68
G1 X84.891 Y47.44
G1 X84.8 Y47.19
G1 X84.708 Y46.73
G1 X84.694 Y46.47
G1 X84.708 Y46.211
G1 X84.8 Y45.75
G1 X84.891 Y45.5
G1 X85.008 Y45.26
G1 X85.279 Y44.869
G1 X85.614 Y44.54
G1 X85.825 Y44.387
G1 X86.056 Y44.254
G1 X86.447 Y44.096
G1 X86.703 Y44.033
G1 X86.967 Y43.995
G1 X87.436 Y44
G1 X87.693 Y44.041
G1 X87.951 Y44.11
G1 X88.387 Y44.301
G1 X88.779 Y44.572
G1 X89.077 Y44.871
G1 X89.346 Y45.26
G1 X89.463 Y45.5
G1 X89.554 Y45.75
G1 X89.63 Y46.105
G4
M118 S"@pump_pressure 0 0"
G1 X89.75 Y46.199 F300
G1 F307.974
G4
M118 S"@pump_pressure 0 720"
G1 X89.764 Y46.47
G1 X89.75 Y46.741
G1 X89.654 Y47.221
G1 X89.559 Y47.481
G1 X89.437 Y47.73
G1 X89.155 Y48.138
G1 X88.845 Y48.448
G1 X88.437 Y48.73
G1 X88.188 Y48.852
G1 X87.928 Y48.946
G1 X87.448 Y49.043
G1 X87.177 Y49.057
G1 X86.907 Y49.043
G1 X86.639 Y49.001
G1 X86.372 Y48.929
G1 X85.917 Y48.73
G1 X85.509 Y48.448
G1 X85.197 Y48.136
G1 X84.917 Y47.73
G1 X84.796 Y47.481
G1 X84.701 Y47.221
G1 X84.604 Y46.741
G1 X84.59 Y46.47
G1 X84.604 Y46.2
G1 X84.701 Y45.72
G1 X84.796 Y45.459
G1 X84.917 Y45.21
G1 X85.199 Y44.802
G1 X85.549 Y44.459
G1 X85.768 Y44.3
G1 X86.008 Y44.162
G1 X86.418 Y43.997
G1 X86.683 Y43.93
G1 X86.957 Y43.892
G1 X87.447 Y43.897
M118 S"@sync 4"
G1 X87.715 Y43.939
G1 X87.983 Y44.011
G1 X88.437 Y44.21
G1 X88.845 Y44.492
G1 X89.157 Y44.804
G1 X89.437 Y45.21
G1 X89.559 Y45.459
G1 X89.653 Y45.719
G1 X89.734 Y46.094
G4
M118 S"@pump_pressure 0 0"
G1 X89.854 Y46.189 F300
G1 F307.974
G4
M118 S"@pump_pressure 0 722"
G1 X89.869 Y46.47
G1 X89.854 Y46.751
G1 X89.753 Y47.252
G1 X89.655 Y47.522
G1 X89.529 Y47.78
G1 X89.235 Y48.205
G1 X88.912 Y48.528
G1 X88.487 Y48.822
G1 X88.229 Y48.948
G1 X87.959 Y49.046
G1 X87.459 Y49.147
G1 X87.177 Y49.161
G1 X86.896 Y49.147
G1 X86.618 Y49.103
G1 X86.34 Y49.028
G1 X85.867 Y48.822
G1 X85.443 Y48.528
G1 X85.117 Y48.202
G1 X84.826 Y47.78
G1 X84.7 Y47.522
G1 X84.602 Y47.252
G1 X84.501 Y46.752
G1 X84.486 Y46.47
G1 X84.501 Y46.189
G1 X84.601 Y45.689
G1 X84.7 Y45.418
G1 X84.826 Y45.16
G1 X85.119 Y44.736
G1 X85.483 Y44.379
G1 X85.711 Y44.213
G1 X85.96 Y44.069
G1 X86.388 Y43.897
G1 X86.663 Y43.828
G1 X86.948 Y43.788
G1 X87.458 Y43.793
G1 X87.737 Y43.838
G1 X88.014 Y43.912
G1 X88.487 Y44.119
G1 X88.912 Y44.412
G1 X89.237 Y44.738
G1 X89.529 Y45.16
G1 X89.655 Y45.419
G1 X89.753 Y45.688
G1 X89.837 Y46.083
G4
M118 S"@pump_pressure 0 0"
G1 X89.957 Y46.178 F300
G1 F307.974
G4
M118 S"@pump_pressure 0 722"
G1 X89.973 Y46.47
G1 X89.957 Y46.762
G1 X89.911 Y47.056
G1 X89.852 Y47.283
G1 X89.75 Y47.562
G1 X89.62 Y47.83
G1 X89.498 Y48.029
G1 X89.315 Y48.271
G1 X88.978 Y48.608
G1 X88.736 Y48.791
G1 X88.537 Y48.913
G1 X88.269 Y49.043
G1 X87.99 Y49.145
G1 X87.761 Y49.204
G1 X87.47 Y49.25
G1 X87.177 Y49.266
G1 X86.885 Y49.25
G1 X86.596 Y49.204
M118 S"@sync 5"
G1 X86.308 Y49.127
G1 X86.09 Y49.046
G1 X85.817 Y48.913
G1 X85.618 Y48.791
G1 X85.376 Y48.608
G1 X85.037 Y48.269
G1 X84.857 Y48.029
G1 X84.735 Y47.83
G1 X84.604 Y47.562
G1 X84.502 Y47.283
G1 X84.443 Y47.054
G1 X84.397 Y46.763
G1 X84.382 Y46.47
G1 X84.397 Y46.178
G1 X84.444 Y45.884
G1 X84.502 Y45.658
G1 X84.604 Y45.378
G1 X84.735 Y45.11
G1 X84.857 Y44.911
G1 X85.039 Y44.669
G1 X85.197 Y44.497
G1 X85.418 Y44.298
G1 X85.655 Y44.126
G1 X85.913 Y43.977
G1 X86.358 Y43.797
G1 X86.644 Y43.726
G1 X86.938 Y43.685
G1 X87.175 Y43.674
G1 X87.469 Y43.69
G1 X87.758 Y43.736
G1 X88.046 Y43.813
G1 X88.265 Y43.895
G1 X88.537 Y44.028
G1 X88.736 Y44.149
G1 X88.978 Y44.332
G1 X89.317 Y44.671
G1 X89.498 Y44.911
G1 X89.62 Y45.11
G1 X89.75 Y45.378
G1 X89.852 Y45.658
G1 X89.941 Y46.073
G4
M118 S"@pump_pressure 0 0"
G1 X90.061 Y46.167 F300
G1 F307.974
G4
M118 S"@pump_pressure 0 720"
G1 X90.077 Y46.47
G1 X90.061 Y46.773
G1 X90.013 Y47.078
G1 X89.952 Y47.313
G1 X89.846 Y47.603
G1 X89.711 Y47.88
G1 X89.584 Y48.088
G1 X89.395 Y48.338
G1 X89.045 Y48.688
G1 X88.795 Y48.877
G1 X88.587 Y49.004
G1 X88.31 Y49.139
G1 X88.021 Y49.244
G1 X87.782 Y49.306
G1 X87.48 Y49.354
G1 X87.177 Y49.37
G1 X86.874 Y49.354
G1 X86.574 Y49.306
G1 X86.277 Y49.226
G1 X86.049 Y49.141
G1 X85.767 Y49.004
G1 X85.56 Y48.877
G1 X85.31 Y48.688
G1 X84.957 Y48.335
G1 X84.771 Y48.088
G1 X84.643 Y47.88
G1 X84.508 Y47.603
G1 X84.403 Y47.314
G1 X84.341 Y47.075
G1 X84.294 Y46.773
G1 X84.278 Y46.47
G1 X84.294 Y46.167
G1 X84.342 Y45.863
G1 X84.403 Y45.627
G1 X84.508 Y45.337
G1 X84.643 Y45.06
G1 X84.771 Y44.853
G1 X84.959 Y44.603
G1 X85.123 Y44.423
G1 X85.352 Y44.217
G1 X85.598 Y44.038
G1 X85.865 Y43.884
G1 X86.328 Y43.698
G1 X86.624 Y43.624
M118 S"@sync 6"
G1 X86.929 Y43.581
G1 X87.175 Y43.57
G1 X87.48 Y43.587
G1 X87.78 Y43.634
G1 X88.078 Y43.714
G1 X88.306 Y43.799
G1 X88.587 Y43.936
G1 X88.795 Y44.064
G1 X89.045 Y44.252
G1 X89.397 Y44.605
G1 X89.584 Y44.852
G1 X89.711 Y45.06
G1 X89.846 Y45.337
G1 X89.951 Y45.627
G1 X90.044 Y46.062
G4
M118 S"@pump_pressure 0 0"
G1 X90.164 Y46.156 F300
G1 F307.974
G4
M118 S"@pump_pressure 0 720"
G1 X90.181 Y46.47
G1 X90.164 Y46.784
G1 X90.114 Y47.099
G1 X90.051 Y47.344
G1 X89.942 Y47.644
G1 X89.802 Y47.93
G1 X89.67 Y48.146
G1 X89.475 Y48.404
G1 X89.111 Y48.768
G1 X88.853 Y48.963
G1 X88.637 Y49.095
G1 X88.351 Y49.235
G1 X88.051 Y49.344
G1 X87.803 Y49.408
G1 X87.491 Y49.457
G1 X87.177 Y49.474
G1 X86.863 Y49.457
G1 X86.553 Y49.408
G1 X86.245 Y49.326
G1 X86.008 Y49.237
G1 X85.717 Y49.095
G1 X85.501 Y48.963
G1 X85.243 Y48.768
G1 X84.877 Y48.402
G1 X84.685 Y48.146
G1 X84.552 Y47.93
G1 X84.412 Y47.644
G1 X84.304 Y47.344
G1 X84.239 Y47.096
G1 X84.19 Y46.784
G1 X84.174 Y46.47
G1 X84.19 Y46.156
G1 X84.24 Y45.841
G1 X84.303 Y45.596
G1 X84.412 Y45.297
G1 X84.552 Y45.01
G1 X84.685 Y44.794
G1 X84.879 Y44.536
G1 X85.05 Y44.349
G1 X85.287 Y44.136
G1 X85.541 Y43.951
G1 X85.817 Y43.792
G1 X86.298 Y43.598
G1 X86.604 Y43.522
G1 X86.919 Y43.477
G1 X87.176 Y43.466
G1 X87.491 Y43.483
G1 X87.802 Y43.532
G1 X88.11 Y43.615
G1 X88.347 Y43.704
G1 X88.637 Y43.845
G1 X88.853 Y43.978
G1 X89.111 Y44.172
G1 X89.477 Y44.538
G1 X89.67 Y44.794
G1 X89.802 Y45.01
G1 X89.942 Y45.297
G1 X90.051 Y45.596
G1 X90.148 Y46.051
G4
M118 S"@pump_pressure 0 0"
G1 X90.268 Y46.145 F300
G1 F307.974
G4
M118 S"@pump_pressure 0 720"
G1 X90.285 Y46.47
G1 X90.268 Y46.795
G1 X90.216 Y47.12
G1 X90.15 Y47.375
G1 X90.038 Y47.684
G1 X89.893 Y47.98
M118 S"@sync 7"
G1 X89.756 Y48.205
G1 X89.555 Y48.471
G1 X89.178 Y48.848
G1 X88.912 Y49.049
G1 X88.687 Y49.186
G1 X88.391 Y49.331
G1 X88.082 Y49.443
G1 X87.824 Y49.51
G1 X87.502 Y49.561
G1 X87.177 Y49.578
G1 X86.852 Y49.561
G1 X86.531 Y49.51
G1 X86.213 Y49.425
G1 X85.966 Y49.332
G1 X85.667 Y49.186
G1 X85.443 Y49.049
G1 X85.177 Y48.848
G1 X84.797 Y48.468
G1 X84.599 Y48.205
G1 X84.461 Y47.98
G1 X84.317 Y47.684
G1 X84.204 Y47.375
G1 X84.138 Y47.117
G1 X84.087 Y46.795
G1 X84.07 Y46.47
G1 X84.087 Y46.145
G1 X84.138 Y45.82
G1 X84.204 Y45.565
G1 X84.317 Y45.256
G1 X84.461 Y44.96
G1 X84.599 Y44.736
G1 X84.799 Y44.47
G1 X84.977 Y44.275
G1 X85.222 Y44.055
G1 X85.485 Y43.864
G1 X85.77 Y43.699
G1 X86.268 Y43.498
G1 X86.584 Y43.42
G1 X86.91 Y43.374
G1 X87.176 Y43.362
G1 X87.502 Y43.38
G1 X87.823 Y43.431
G1 X88.141 Y43.516
G1 X88.388 Y43.608
G1 X88.687 Y43.754
G1 X88.912 Y43.892
G1 X89.178 Y44.092
G1 X89.557 Y44.472
G1 X89.756 Y44.735
G1 X89.893 Y44.96
G1 X90.038 Y45.256
G1 X90.15 Y45.565
G1 X90.251 Y46.04
G4
M118 S"@pump_pressure 0 0"
G1 X90.371 Y46.134 F300
G1 F307.974
G4
M118 S"@pump_pressure 0 720"
G1 X90.389 Y46.47
G1 X90.371 Y46.806
G1 X90.318 Y47.141
G1 X90.25 Y47.406
G1 X90.133 Y47.725
G1 X89.985 Y48.03
G1 X89.842 Y48.263
G1 X89.635 Y48.537
G1 X89.244 Y48.928
G1 X88.97 Y49.135
G1 X88.737 Y49.278
G1 X88.432 Y49.426
G1 X88.113 Y49.543
G1 X87.845 Y49.612
G1 X87.513 Y49.664
G1 X87.177 Y49.682
G1 X86.841 Y49.664
G1 X86.509 Y49.612
G1 X86.181 Y49.524
G1 X85.925 Y49.428
G1 X85.617 Y49.278
G1 X85.384 Y49.135
G1 X85.11 Y48.928
M118 S"@sync 8"
G1 X84.717 Y48.535
G1 X84.513 Y48.263
G1 X84.37 Y48.03
G1 X84.221 Y47.725
G1 X84.105 Y47.406
G1 X84.036 Y47.138
G1 X83.983 Y46.806
G1 X83.966 Y46.47
G1 X83.983 Y46.134
G1 X84.036 Y45.799
G1 X84.105 Y45.534
G1 X84.221 Y45.215
G1 X84.37 Y44.91
G1 X84.513 Y44.677
G1 X84.719 Y44.403
G1 X84.904 Y44.201
G1 X85.156 Y43.974
G1 X85.428 Y43.777
G1 X85.722 Y43.607
G1 X86.238 Y43.399
G1 X86.564 Y43.318
G1 X86.9 Y43.27
G1 X87.177 Y43.258
G1 X87.513 Y43.276
G1 X87.845 Y43.329
G1 X88.173 Y43.417
G1 X88.429 Y43.512
G1 X88.737 Y43.663
G1 X88.97 Y43.806
G1 X89.244 Y44.012
G1 X89.637 Y44.405
G1 X89.842 Y44.677
G1 X89.985 Y44.91
G1 X90.133 Y45.215
G1 X90.25 Y45.534
G1 X90.355 Y46.029
G4
M118 S"@pump_pressure 0 0"
G1 X90.475 Y46.123 F300
G1 F307.974
G4
M118 S"@pump_pressure 0 720"
G1 X90.493 Y46.47
G1 X90.475 Y46.817
G1 X90.42 Y47.162
G1 X90.349 Y47.437
G1 X90.229 Y47.766
G1 X90.076 Y48.08
G1 X89.928 Y48.322
G1 X89.715 Y48.604
G1 X89.311 Y49.008
G1 X89.029 Y49.221
G1 X88.787 Y49.369
G1 X88.473 Y49.522
G1 X88.144 Y49.642
G1 X87.866 Y49.713
G1 X87.524 Y49.768
G1 X87.177 Y49.786
G1 X86.831 Y49.768
G1 X86.488 Y49.713
G1 X86.15 Y49.623
G1 X85.884 Y49.524
G1 X85.567 Y49.369
G1 X85.325 Y49.221
G1 X85.044 Y49.008
G1 X84.833 Y48.815
G1 X84.637 Y48.601
G1 X84.427 Y48.322
G1 X84.279 Y48.08
G1 X84.125 Y47.766
G1 X84.005 Y47.437
G1 X83.934 Y47.159
G1 X83.88 Y46.817
G1 X83.862 Y46.47
G1 X83.88 Y46.124
G1 X83.934 Y45.778
G1 X84.005 Y45.504
G1 X84.125 Y45.175
G1 X84.279 Y44.86
G1 X84.427 Y44.618
G1 X84.639 Y44.337
G1 X84.83 Y44.128
M118 S"@sync 9"
G1 X85.091 Y43.893
G1 X85.371 Y43.689
G1 X85.675 Y43.514
G1 X85.935 Y43.396
G1 X86.208 Y43.299
G1 X86.544 Y43.215
G1 X86.891 Y43.167
G1 X87.177 Y43.154
G1 X87.524 Y43.173
G1 X87.867 Y43.227
G1 X88.205 Y43.318
G1 X88.47 Y43.417
G1 X88.787 Y43.572
G1 X89.029 Y43.72
G1 X89.311 Y43.932
G1 X89.522 Y44.125
G1 X89.717 Y44.339
G1 X89.928 Y44.618
G1 X90.076 Y44.86
G1 X90.229 Y45.175
G1 X90.349 Y45.503
G1 X90.421 Y45.781
G1 X90.458 Y46.018
G4
M118 S"@pump_pressure 0 0"
G1 X90.578 Y46.113 F300
G1 F307.974
G4
M118 S"@pump_pressure 0 722"
G1 X90.597 Y46.47
G1 X90.578 Y46.828
G1 X90.522 Y47.184
G1 X90.448 Y47.468
G1 X90.325 Y47.806
G1 X90.167 Y48.13
G1 X90.014 Y48.38
G1 X89.795 Y48.67
G1 X89.595 Y48.888
G1 X89.377 Y49.088
G1 X89.087 Y49.307
G1 X88.837 Y49.46
G1 X88.513 Y49.618
G1 X88.175 Y49.741
G1 X87.888 Y49.815
G1 X87.535 Y49.871
G1 X87.177 Y49.89
G1 X86.82 Y49.871
G1 X86.466 Y49.815
G1 X86.118 Y49.722
G1 X85.843 Y49.619
G1 X85.517 Y49.46
G1 X85.267 Y49.307
G1 X84.977 Y49.088
G1 X84.759 Y48.889
G1 X84.557 Y48.668
G1 X84.341 Y48.38
G1 X84.187 Y48.13
G1 X84.029 Y47.806
G1 X83.906 Y47.468
G1 X83.832 Y47.18
G1 X83.776 Y46.828
G1 X83.757 Y46.47
G1 X83.776 Y46.113
G1 X83.833 Y45.757
G1 X83.906 Y45.473
G1 X84.029 Y45.134
G1 X84.187 Y44.81
G1 X84.341 Y44.56
G1 X84.559 Y44.27
G1 X84.757 Y44.054
G1 X85.025 Y43.813
G1 X85.315 Y43.602
G1 X85.627 Y43.422
G1 X85.896 Y43.299
G1 X86.178 Y43.2
G1 X86.525 Y43.113
G1 X86.881 Y43.063
G1 X87.178 Y43.05
G1 X87.534 Y43.069
G1 X87.888 Y43.125
G1 X88.236 Y43.218
G1 X88.511 Y43.321
G1 X88.837 Y43.48
M118 S"@sync 10"
G1 X89.087 Y43.634
G1 X89.377 Y43.852
G1 X89.595 Y44.052
G1 X89.797 Y44.272
G1 X90.014 Y44.56
G1 X90.167 Y44.81
G1 X90.325 Y45.134
G1 X90.448 Y45.473
G1 X90.522 Y45.76
G1 X90.562 Y46.007
G4
M118 S"@pump_pressure 0 0"
G1 X90.682 Y46.102 F300
G1 F307.974
G4
M118 S"@pump_pressure 0 722"
G1 X90.701 Y46.47
G1 X90.682 Y46.838
G1 X90.624 Y47.205
G1 X90.548 Y47.498
G1 X90.421 Y47.847
G1 X90.258 Y48.18
G1 X90.1 Y48.439
G1 X89.875 Y48.737
G1 X89.669 Y48.962
G1 X89.444 Y49.168
G1 X89.146 Y49.393
G1 X88.887 Y49.551
G1 X88.554 Y49.714
G1 X88.206 Y49.841
G1 X87.909 Y49.917
G1 X87.546 Y49.975
G1 X87.177 Y49.994
G1 X86.809 Y49.975
G1 X86.445 Y49.917
G1 X86.086 Y49.821
G1 X85.802 Y49.715
G1 X85.467 Y49.551
G1 X85.208 Y49.393
G1 X84.91 Y49.168
G1 X84.685 Y48.962
G1 X84.477 Y48.734
G1 X84.255 Y48.439
G1 X84.096 Y48.18
G1 X83.934 Y47.847
G1 X83.807 Y47.499
G1 X83.73 Y47.202
G1 X83.673 Y46.839
G1 X83.653 Y46.47
G1 X83.673 Y46.102
G1 X83.731 Y45.735
G1 X83.807 Y45.442
G1 X83.934 Y45.093
G1 X84.096 Y44.76
G1 X84.255 Y44.501
G1 X84.479 Y44.203
G1 X84.684 Y43.98
G1 X84.96 Y43.732
G1 X85.258 Y43.515
G1 X85.579 Y43.329
G1 X85.857 Y43.203
G1 X86.148 Y43.1
G1 X86.505 Y43.011
G1 X86.872 Y42.96
G1 X87.178 Y42.946
G1 X87.545 Y42.966
G1 X87.91 Y43.023
G1 X88.268 Y43.119
G1 X88.552 Y43.226
G1 X88.887 Y43.389
G1 X89.146 Y43.548
G1 X89.444 Y43.772
G1 X89.669 Y43.978
G1 X89.877 Y44.206
G1 X90.1 Y44.501
G1 X90.258 Y44.76
G1 X90.421 Y45.093
G1 X90.548 Y45.442
G1 X90.624 Y45.739
G1 X90.665 Y45.997
G4
M118 S"@pump_pressure 0 0"
G1 X90.784 Y46.086 F300
G1 F307.974
M118 S"@sync 11"
G4
M118 S"@pump_pressure 0 721"
G1 X90.805 Y46.47
G1 X90.785 Y46.849
G1 X90.725 Y47.226
G1 X90.647 Y47.529
G1 X90.517 Y47.888
G1 X90.349 Y48.23
G1 X90.186 Y48.497
G1 X89.955 Y48.803
G1 X89.743 Y49.035
G1 X89.51 Y49.248
G1 X89.204 Y49.479
G1 X88.937 Y49.642
G1 X88.595 Y49.81
G1 X88.236 Y49.94
G1 X87.93 Y50.019
G1 X87.556 Y50.078
G1 X87.177 Y50.098
G1 X86.798 Y50.078
G1 X86.423 Y50.019
G1 X86.055 Y49.92
G1 X85.761 Y49.81
G1 X85.417 Y49.642
G1 X85.15 Y49.479
G1 X84.844 Y49.248
G1 X84.612 Y49.036
G1 X84.397 Y48.801
G1 X84.169 Y48.498
G1 X84.005 Y48.23
G1 X83.838 Y47.888
G1 X83.707 Y47.529
G1 X83.628 Y47.223
G1 X83.569 Y46.849
G1 X83.549 Y46.47
G1 X83.569 Y46.091
G1 X83.629 Y45.714
G1 X83.707 Y45.411
G1 X83.838 Y45.053
G1 X84.005 Y44.71
G1 X84.169 Y44.443
G1 X84.399 Y44.137
G1 X84.611 Y43.906
G1 X84.894 Y43.651
G1 X85.201 Y43.428
G1 X85.532 Y43.237
G1 X85.818 Y43.106
G1 X86.118 Y43
G1 X86.485 Y42.909
G1 X86.863 Y42.856
G1 X87.179 Y42.842
G1 X87.556 Y42.862
G1 X87.931 Y42.922
G1 X88.3 Y43.02
G1 X88.593 Y43.13
G1 X88.937 Y43.298
G1 X89.205 Y43.462
G1 X89.51 Y43.692
G1 X89.742 Y43.905
G1 X89.957 Y44.14
G1 X90.186 Y44.443
G1 X90.349 Y44.71
G1 X90.517 Y45.053
G1 X90.647 Y45.411
G1 X90.726 Y45.718
G1 X90.768 Y45.98
G4
M118 S"@pump_pressure 0 0"
G1 X90.887 Y46.069 F300
G1 F307.974
G4
M118 S"@pump_pressure 0 720"
G1 X90.909 Y46.47
G1 X90.889 Y46.86
G1 X90.827 Y47.247
G1 X90.746 Y47.56
G1 X90.612 Y47.928
G1 X90.441 Y48.28
G1 X90.272 Y48.556
G1 X90.035 Y48.87
M118 S"@sync 12"
G1 X89.816 Y49.109
G1 X89.577 Y49.328
G1 X89.263 Y49.565
G1 X88.987 Y49.734
G1 X88.635 Y49.905
G1 X88.267 Y50.039
G1 X87.951 Y50.121
G1 X87.567 Y50.182
G1 X87.177 Y50.202
G1 X86.787 Y50.182
G1 X86.401 Y50.12
G1 X86.023 Y50.019
G1 X85.72 Y49.906
G1 X85.367 Y49.734
G1 X85.091 Y49.565
G1 X84.777 Y49.328
G1 X84.538 Y49.109
G1 X84.317 Y48.867
G1 X84.083 Y48.556
G1 X83.914 Y48.28
G1 X83.742 Y47.928
G1 X83.608 Y47.56
G1 X83.526 Y47.244
G1 X83.466 Y46.86
G1 X83.445 Y46.47
G1 X83.466 Y46.08
G1 X83.527 Y45.693
G1 X83.608 Y45.38
G1 X83.742 Y45.012
G1 X83.914 Y44.66
G1 X84.083 Y44.384
G1 X84.319 Y44.07
G1 X84.538 Y43.832
G1 X84.829 Y43.57
G1 X85.145 Y43.34
G1 X85.484 Y43.144
G1 X85.779 Y43.01
G1 X86.088 Y42.901
G1 X86.465 Y42.807
G1 X86.853 Y42.752
G1 X87.179 Y42.738
G1 X87.567 Y42.759
G1 X87.953 Y42.82
G1 X88.332 Y42.921
G1 X88.634 Y43.034
G1 X88.987 Y43.207
G1 X89.263 Y43.376
G1 X89.577 Y43.612
G1 X89.816 Y43.831
G1 X90.037 Y44.073
G1 X90.272 Y44.384
G1 X90.441 Y44.66
G1 X90.612 Y45.012
G1 X90.746 Y45.38
G1 X90.828 Y45.696
G1 X90.87 Y45.964
G4
M118 S"@pump_pressure 0 0"
G1 X90.99 Y46.053 F300
G1 F307.974
G4
M118 S"@pump_pressure 0 721"
G1 X91.013 Y46.47
G1 X90.992 Y46.871
G1 X90.929 Y47.268
G1 X90.846 Y47.591
G1 X90.708 Y47.969
G1 X90.532 Y48.33
G1 X90.358 Y48.615
G1 X90.115 Y48.936
G1 X89.89 Y49.183
G1 X89.643 Y49.408
G1 X89.322 Y49.651
G1 X89.037 Y49.825
G1 X88.676 Y50.001
M118 S"@sync 13"
G1 X88.298 Y50.139
G1 X87.972 Y50.223
G1 X87.578 Y50.285
G1 X87.177 Y50.306
G1 X86.776 Y50.285
G1 X86.38 Y50.222
G1 X85.991 Y50.118
G1 X85.679 Y50.001
G1 X85.317 Y49.825
G1 X85.033 Y49.651
G1 X84.711 Y49.408
G1 X84.465 Y49.183
G1 X84.237 Y48.934
G1 X83.997 Y48.615
G1 X83.823 Y48.33
G1 X83.646 Y47.969
G1 X83.509 Y47.591
G1 X83.425 Y47.265
G1 X83.362 Y46.871
G1 X83.341 Y46.47
G1 X83.362 Y46.069
G1 X83.425 Y45.672
G1 X83.509 Y45.349
G1 X83.646 Y44.971
G1 X83.823 Y44.61
G1 X83.997 Y44.326
G1 X84.239 Y44.004
G1 X84.464 Y43.758
G1 X84.763 Y43.489
G1 X85.088 Y43.253
G1 X85.436 Y43.052
G1 X85.74 Y42.914
G1 X86.058 Y42.801
G1 X86.445 Y42.705
G1 X86.844 Y42.649
G1 X87.18 Y42.634
G1 X87.578 Y42.655
G1 X87.975 Y42.718
G1 X88.363 Y42.822
G1 X88.675 Y42.939
G1 X89.037 Y43.116
G1 X89.322 Y43.29
G1 X89.643 Y43.532
G1 X89.89 Y43.758
G1 X90.117 Y44.007
G1 X90.358 Y44.326
G1 X90.532 Y44.61
G1 X90.708 Y44.971
G1 X90.846 Y45.349
G1 X90.93 Y45.675
G1 X90.973 Y45.948
G4
M118 S"@pump_pressure 0 0"
G1 X91.092 Y46.037 F300
G1 F307.974
G4
M118 S"@pump_pressure 0 721"
G1 X91.117 Y46.47
G1 X91.096 Y46.882
G1 X91.031 Y47.29
G1 X90.945 Y47.622
G1 X90.804 Y48.01
G1 X90.623 Y48.381
G1 X90.444 Y48.673
G1 X90.195 Y49.003
G1 X89.963 Y49.256
G1 X89.71 Y49.488
G1 X89.38 Y49.737
G1 X89.088 Y49.916
G1 X88.717 Y50.097
G1 X88.329 Y50.238
G1 X87.993 Y50.325
G1 X87.589 Y50.388
G1 X87.177 Y50.41
M118 S"@sync 14"
G1 X86.765 Y50.388
G1 X86.358 Y50.324
G1 X85.959 Y50.217
G1 X85.638 Y50.097
G1 X85.267 Y49.916
G1 X84.974 Y49.737
G1 X84.644 Y49.488
G1 X84.391 Y49.256
G1 X84.157 Y49
G1 X83.911 Y48.673
G1 X83.731 Y48.38
G1 X83.55 Y48.01
G1 X83.409 Y47.622
G1 X83.323 Y47.286
G1 X83.259 Y46.882
G1 X83.237 Y46.47
G1 X83.259 Y46.058
G1 X83.323 Y45.651
G1 X83.409 Y45.318
G1 X83.55 Y44.931
G1 X83.731 Y44.56
G1 X83.911 Y44.267
G1 X84.159 Y43.937
G1 X84.391 Y43.684
G1 X84.698 Y43.408
G1 X85.031 Y43.166
G1 X85.389 Y42.96
G1 X85.701 Y42.817
G1 X86.028 Y42.701
G1 X86.425 Y42.603
G1 X86.834 Y42.545
G1 X87.18 Y42.53
G1 X87.589 Y42.552
G1 X87.996 Y42.616
G1 X88.395 Y42.723
G1 X88.716 Y42.843
G1 X89.088 Y43.024
G1 X89.38 Y43.204
G1 X89.71 Y43.452
G1 X89.963 Y43.684
G1 X90.197 Y43.94
G1 X90.444 Y44.267
G1 X90.623 Y44.56
G1 X90.804 Y44.931
G1 X90.945 Y45.318
G1 X91.032 Y45.654
G1 X91.076 Y45.932
G4
M118 S"@pump_pressure 0 0"
G1 X90.741 Y46.292 F300
G1 X88.803 Y45.439
G1 F306.604
G4
M118 S"@pump_pressure 0 721"
G1 X88.395 Y45.031
G1 X88.099 Y44.825
G1 X87.997 Y44.781
G1 X88.864 Y45.648
G1 X88.973 Y45.904
G1 X87.743 Y44.675
G1 X87.556 Y44.635
M118 S"@sync 15"
G1 X89.016 Y46.095
G1 X89.052 Y46.278
G1 X87.369 Y44.596
G1 X87.22 Y44.594
G1 X89.052 Y46.426
G1 X89.052 Y46.573
G1 X87.07 Y44.592
G1 X86.938 Y44.608
G1 X89.043 Y46.712
G1 X89.018 Y46.835
G1 X86.815 Y44.632
G1 X86.691 Y44.655
G1 X88.994 Y46.958
G1 X88.958 Y47.07
G1 X86.575 Y44.687
G1 X86.47 Y44.73
M118 S"@sync 16"
G1 X88.914 Y47.174
G1 X88.87 Y47.278
G1 X86.365 Y44.772
G1 X86.27 Y44.825
G1 X88.826 Y47.381
G1 X88.767 Y47.47
G1 X86.18 Y44.883
G1 X86.091 Y44.941
G1 X88.707 Y47.557
G1 X88.646 Y47.644
G1 X86.001 Y44.999
G1 X85.925 Y45.07
G1 X88.58 Y47.725
G1 X88.506 Y47.799
M118 S"@sync 17"
G1 X85.85 Y45.143
G1 X85.775 Y45.216
G1 X88.432 Y47.873
G1 X88.351 Y47.94
G1 X85.708 Y45.296
G1 X85.647 Y45.383
G1 X88.264 Y48
G1 X88.177 Y48.06
G1 X85.587 Y45.47
G1 X85.528 Y45.559
G1 X88.088 Y48.119
G1 X87.985 Y48.163
G1 X85.484 Y45.663
G1 X85.44 Y45.766
M118 S"@sync 18"
G1 X87.881 Y48.207
G1 X87.777 Y48.251
G1 X85.396 Y45.87
G1 X85.361 Y45.982
G1 X87.665 Y48.286
G1 X87.542 Y48.311
G1 X85.336 Y46.105
G1 X85.312 Y46.228
G1 X87.419 Y48.336
G1 X87.28 Y48.344
G1 X85.303 Y46.367
G1 X85.303 Y46.515
G1 X87.133 Y48.344
G1 X86.985 Y48.344
G1 X85.303 Y46.662
G1 X85.338 Y46.845
M118 S"@sync 19"
G1 X86.799 Y48.306
G1 X86.611 Y48.266
G1 X85.382 Y47.036
G1 X85.491 Y47.293
G1 X86.357 Y48.16
G1 X86.256 Y48.115
G1 X85.959 Y47.909
G1 X85.552 Y47.502
G92 E0
G4
M118 S"@pump_pressure 0 0"
G1 Z.15 F300
M118 S"@pic"
G1 X89.129 Y46.265
G4
M118 S"@pump_pressure 0 701"
G1 X89.129 Y46.683
G1 X89.055 Y47.043
G1 X88.89 Y47.43
G1 X88.676 Y47.739
G1 X88.446 Y47.969
G1 X88.137 Y48.183
G1 X87.792 Y48.335
G1 X87.382 Y48.422
G1 X86.972 Y48.422
G1 X86.562 Y48.335
G1 X86.218 Y48.183
G1 X85.908 Y47.969
G1 X85.679 Y47.739
G1 X85.464 Y47.43
G1 X85.313 Y47.085
G1 X85.225 Y46.675
G1 X85.225 Y46.265
G1 X85.299 Y45.897
G1 X85.464 Y45.511
G1 X85.679 Y45.201
G1 X85.942 Y44.945
G1 X86.294 Y44.717
G1 X86.645 Y44.58
G1 X87.013 Y44.514
G1 X87.381 Y44.518
G1 X87.792 Y44.605
G1 X88.137 Y44.757
G1 X88.446 Y44.972
G1 X88.676 Y45.201
G1 X88.89 Y45.511
G1 X89.057 Y45.905
G1 X89.113 Y46.16
G4
M118 S"@pump_pressure 0 0"
G1 X89.233 Y46.254
G4
M118 S"@pump_pressure 0 702"
G1 X89.233 Y46.693
G1 X89.154 Y47.074
G1 X88.981 Y47.48
G1 X88.756 Y47.806
G1 X88.513 Y48.049
G1 X88.187 Y48.274
G1 X87.824 Y48.434
G1 X87.393 Y48.526
G1 X86.961 Y48.526
M118 S"@sync 20"
G1 X86.53 Y48.434
G1 X86.168 Y48.274
G1 X85.842 Y48.049
G1 X85.599 Y47.806
G1 X85.373 Y47.48
G1 X85.213 Y47.117
G1 X85.121 Y46.686
G1 X85.121 Y46.254
G1 X85.2 Y45.866
G1 X85.373 Y45.46
G1 X85.599 Y45.135
G1 X85.876 Y44.864
G1 X86.246 Y44.624
G1 X86.615 Y44.48
G1 X87.004 Y44.41
G1 X87.392 Y44.414
G1 X87.824 Y44.506
G1 X88.187 Y44.666
G1 X88.513 Y44.892
G1 X88.756 Y45.135
G1 X88.981 Y45.46
G1 X89.157 Y45.874
G1 X89.216 Y46.149
G4
M118 S"@pump_pressure 0 0"
G1 X89.336 Y46.243
G4
M118 S"@pump_pressure 0 700"
G1 X89.336 Y46.704
G1 X89.254 Y47.104
G1 X89.073 Y47.53
G1 X88.836 Y47.872
G1 X88.579 Y48.128
G1 X88.237 Y48.366
G1 X87.856 Y48.533
G1 X87.404 Y48.629
G1 X86.95 Y48.629
G1 X86.499 Y48.533
G1 X86.118 Y48.366
G1 X85.775 Y48.129
G1 X85.519 Y47.872
G1 X85.282 Y47.53
G1 X85.114 Y47.149
G1 X85.018 Y46.697
G1 X85.018 Y46.243
G1 X85.101 Y45.835
G1 X85.282 Y45.41
G1 X85.519 Y45.068
G1 X85.811 Y44.783
G1 X86.198 Y44.532
G1 X86.586 Y44.381
G1 X86.994 Y44.306
G1 X87.403 Y44.311
G1 X87.856 Y44.407
G1 X88.237 Y44.575
G1 X88.579 Y44.812
G1 X88.836 Y45.068
G1 X89.073 Y45.41
G1 X89.256 Y45.843
G1 X89.32 Y46.138
G4
M118 S"@pump_pressure 0 0"
G1 X89.44 Y46.232
G4
M118 S"@pump_pressure 0 701"
G1 X89.452 Y46.47
G1 X89.44 Y46.714
G1 X89.353 Y47.134
G1 X89.272 Y47.359
G1 X89.164 Y47.58
G1 X88.916 Y47.939
M118 S"@sync 21"
G1 X88.646 Y48.208
G1 X88.287 Y48.457
G1 X87.888 Y48.632
G1 X87.65 Y48.696
G1 X87.415 Y48.733
G1 X86.939 Y48.733
G1 X86.704 Y48.696
G1 X86.467 Y48.632
G1 X86.067 Y48.457
G1 X85.709 Y48.209
G1 X85.439 Y47.939
G1 X85.191 Y47.58
G1 X85.015 Y47.18
G1 X84.952 Y46.943
G1 X84.914 Y46.708
G1 X84.914 Y46.232
G1 X85.001 Y45.804
G1 X85.082 Y45.582
G1 X85.191 Y45.36
G1 X85.439 Y45.002
G1 X85.745 Y44.702
G1 X85.938 Y44.562
G1 X86.151 Y44.439
G1 X86.557 Y44.281
G1 X86.985 Y44.203
G1 X87.414 Y44.207
G1 X87.65 Y44.245
G1 X87.887 Y44.308
G1 X88.287 Y44.484
G1 X88.646 Y44.732
G1 X88.916 Y45.002
G1 X89.164 Y45.36
G1 X89.271 Y45.581
G1 X89.356 Y45.812
G1 X89.423 Y46.127
G4
M118 S"@pump_pressure 0 0"
G1 X89.543 Y46.221
G4
M118 S"@pump_pressure 0 701"
G1 X89.556 Y46.47
G1 X89.543 Y46.725
G1 X89.453 Y47.165
G1 X89.367 Y47.4
G1 X89.255 Y47.63
G1 X88.995 Y48.005
G1 X88.712 Y48.288
G1 X88.337 Y48.548
G1 X87.919 Y48.731
G1 X87.672 Y48.797
G1 X87.426 Y48.836
G1 X87.177 Y48.849
G1 X86.929 Y48.836
G1 X86.683 Y48.797
G1 X86.435 Y48.731
G1 X86.017 Y48.548
G1 X85.642 Y48.288
G1 X85.359 Y48.005
G1 X85.099 Y47.63
G1 X84.916 Y47.212
G1 X84.85 Y46.965
G1 X84.811 Y46.719
G1 X84.798 Y46.47
G1 X84.811 Y46.221
G1 X84.902 Y45.773
G1 X84.987 Y45.541
G1 X85.099 Y45.31
G1 X85.359 Y44.935
G1 X85.68 Y44.621
G1 X85.881 Y44.475
G1 X86.103 Y44.347
G1 X86.528 Y44.181
G1 X86.976 Y44.099
G1 X87.425 Y44.104
G1 X87.672 Y44.143
G1 X87.919 Y44.209
G1 X88.337 Y44.392
M118 S"@sync 22"
G1 X88.712 Y44.652
G1 X88.995 Y44.935
G1 X89.255 Y45.31
G1 X89.367 Y45.54
G1 X89.455 Y45.781
G1 X89.527 Y46.116
G4
M118 S"@pump_pressure 0 0"
G1 X89.647 Y46.211
G4
M118 S"@pump_pressure 0 704"
G1 X89.66 Y46.47
G1 X89.647 Y46.735
G1 X89.552 Y47.195
G1 X89.463 Y47.44
G1 X89.346 Y47.68
G1 X89.075 Y48.072
G1 X88.779 Y48.368
G1 X88.387 Y48.639
G1 X87.951 Y48.83
G1 X87.693 Y48.899
G1 X87.437 Y48.94
G1 X87.177 Y48.953
G1 X86.918 Y48.94
G1 X86.661 Y48.899
G1 X86.403 Y48.83
G1 X85.967 Y48.639
G1 X85.576 Y48.368
G1 X85.279 Y48.072
G1 X85.008 Y47.68
G1 X84.817 Y47.244
G1 X84.748 Y46.986
G1 X84.708 Y46.73
G1 X84.694 Y46.47
G1 X84.708 Y46.211
G1 X84.803 Y45.742
G1 X84.891 Y45.501
G1 X85.008 Y45.26
G1 X85.279 Y44.869
G1 X85.614 Y44.54
G1 X85.825 Y44.387
G1 X86.056 Y44.254
G1 X86.499 Y44.081
G1 X86.966 Y43.996
G1 X87.436 Y44
G1 X87.694 Y44.041
G1 X87.951 Y44.11
G1 X88.387 Y44.301
G1 X88.779 Y44.572
G1 X89.075 Y44.869
G1 X89.346 Y45.26
G1 X89.463 Y45.5
G1 X89.554 Y45.75
G1 X89.63 Y46.105
G4
M118 S"@pump_pressure 0 0"
G1 X89.75 Y46.2
G4
M118 S"@pump_pressure 0 704"
G1 X89.765 Y46.47
G1 X89.75 Y46.746
G1 X89.652 Y47.226
G1 X89.559 Y47.481
G1 X89.437 Y47.73
G1 X89.155 Y48.138
G1 X88.845 Y48.448
G1 X88.437 Y48.73
G1 X87.983 Y48.929
G1 X87.715 Y49.001
G1 X87.448 Y49.043
G1 X87.177 Y49.057
G1 X86.907 Y49.043
G1 X86.639 Y49.001
G1 X86.372 Y48.929
G1 X85.917 Y48.73
G1 X85.509 Y48.448
G1 X85.199 Y48.138
M118 S"@sync 23"
G1 X84.917 Y47.73
G1 X84.718 Y47.276
G1 X84.646 Y47.008
G1 X84.604 Y46.741
G1 X84.59 Y46.47
G1 X84.604 Y46.2
G1 X84.703 Y45.711
G1 X84.795 Y45.46
G1 X84.917 Y45.21
G1 X85.199 Y44.802
G1 X85.549 Y44.459
G1 X85.768 Y44.3
G1 X86.008 Y44.162
G1 X86.47 Y43.981
G1 X86.957 Y43.892
G1 X87.447 Y43.897
G1 X87.715 Y43.939
G1 X87.983 Y44.011
G1 X88.437 Y44.21
G1 X88.845 Y44.492
G1 X89.155 Y44.802
G1 X89.437 Y45.21
G1 X89.559 Y45.459
G1 X89.654 Y45.719
G1 X89.734 Y46.095
G4
M118 S"@pump_pressure 0 0"
G1 X89.854 Y46.189
G4
M118 S"@pump_pressure 0 701"
G1 X89.869 Y46.47
G1 X89.854 Y46.756
G1 X89.751 Y47.256
G1 X89.655 Y47.522
G1 X89.529 Y47.78
G1 X89.235 Y48.205
G1 X88.912 Y48.528
G1 X88.487 Y48.822
G1 X88.014 Y49.028
G1 X87.737 Y49.103
G1 X87.459 Y49.147
G1 X87.177 Y49.162
G1 X86.896 Y49.147
G1 X86.618 Y49.103
G1 X86.34 Y49.028
G1 X85.867 Y48.822
G1 X85.443 Y48.528
G1 X85.119 Y48.205
G1 X84.826 Y47.78
G1 X84.619 Y47.307
G1 X84.545 Y47.03
G1 X84.501 Y46.751
G1 X84.486 Y46.47
G1 X84.501 Y46.189
G1 X84.545 Y45.906
G1 X84.604 Y45.68
G1 X84.699 Y45.419
G1 X84.826 Y45.16
G1 X85.119 Y44.736
G1 X85.483 Y44.379
G1 X85.711 Y44.213
G1 X85.96 Y44.069
G1 X86.441 Y43.881
G1 X86.947 Y43.788
G1 X87.458 Y43.793
G1 X87.737 Y43.838
G1 X88.014 Y43.912
G1 X88.487 Y44.119
G1 X88.912 Y44.412
G1 X89.235 Y44.736
M118 S"@sync 24"
G1 X89.529 Y45.16
G1 X89.655 Y45.418
G1 X89.753 Y45.689
G1 X89.837 Y46.084
G4
M118 S"@pump_pressure 0 0"
G1 X89.957 Y46.178
G4
M118 S"@pump_pressure 0 701"
G1 X89.973 Y46.47
G1 X89.957 Y46.767
G1 X89.921 Y47.007
G1 X89.851 Y47.287
G1 X89.75 Y47.562
G1 X89.62 Y47.83
G1 X89.498 Y48.029
G1 X89.315 Y48.271
G1 X88.978 Y48.608
G1 X88.736 Y48.791
G1 X88.537 Y48.913
G1 X88.265 Y49.046
G1 X88.046 Y49.127
G1 X87.758 Y49.204
G1 X87.469 Y49.25
G1 X87.177 Y49.266
G1 X86.885 Y49.25
G1 X86.596 Y49.204
G1 X86.308 Y49.127
G1 X86.09 Y49.046
G1 X85.817 Y48.913
G1 X85.618 Y48.791
G1 X85.376 Y48.608
G1 X85.039 Y48.271
G1 X84.857 Y48.029
G1 X84.735 Y47.83
G1 X84.602 Y47.558
G1 X84.52 Y47.339
G1 X84.443 Y47.051
G1 X84.397 Y46.762
G1 X84.382 Y46.47
G1 X84.397 Y46.178
G1 X84.444 Y45.885
G1 X84.505 Y45.649
G1 X84.604 Y45.378
G1 X84.735 Y45.11
G1 X84.857 Y44.911
G1 X85.039 Y44.669
G1 X85.197 Y44.497
G1 X85.418 Y44.298
G1 X85.655 Y44.126
G1 X85.913 Y43.977
G1 X86.125 Y43.88
G1 X86.412 Y43.781
G1 X86.639 Y43.727
G1 X86.938 Y43.685
G1 X87.181 Y43.675
G1 X87.469 Y43.69
G1 X87.758 Y43.736
G1 X88.046 Y43.813
G1 X88.265 Y43.895
G1 X88.537 Y44.028
G1 X88.736 Y44.15
G1 X88.978 Y44.332
G1 X89.315 Y44.669
G1 X89.498 Y44.911
G1 X89.62 Y45.11
G1 X89.75 Y45.378
G1 X89.852 Y45.658
G1 X89.941 Y46.073
G4
M118 S"@pump_pressure 0 0"
G1 X90.061 Y46.167
G4
M118 S"@pump_pressure 0 701"
G1 X90.077 Y46.47
G1 X90.061 Y46.777
G1 X90.023 Y47.028
G1 X89.95 Y47.317
G1 X89.846 Y47.603
G1 X89.711 Y47.88
G1 X89.584 Y48.088
G1 X89.395 Y48.338
G1 X89.045 Y48.688
G1 X88.795 Y48.877
G1 X88.587 Y49.004
G1 X88.306 Y49.141
G1 X88.078 Y49.226
G1 X87.78 Y49.306
G1 X87.48 Y49.354
G1 X87.177 Y49.37
G1 X86.874 Y49.354
G1 X86.574 Y49.306
G1 X86.277 Y49.226
G1 X86.049 Y49.141
M118 S"@sync 25"
G1 X85.767 Y49.004
G1 X85.56 Y48.877
G1 X85.31 Y48.688
G1 X84.959 Y48.338
G1 X84.771 Y48.088
G1 X84.643 Y47.88
G1 X84.506 Y47.599
G1 X84.421 Y47.371
G1 X84.341 Y47.073
G1 X84.294 Y46.773
G1 X84.278 Y46.47
G1 X84.294 Y46.167
G1 X84.342 Y45.863
G1 X84.405 Y45.618
G1 X84.508 Y45.338
G1 X84.643 Y45.06
G1 X84.771 Y44.853
G1 X84.959 Y44.603
G1 X85.123 Y44.423
G1 X85.352 Y44.217
G1 X85.598 Y44.038
G1 X85.865 Y43.884
G1 X86.086 Y43.783
G1 X86.383 Y43.681
G1 X86.619 Y43.625
G1 X86.928 Y43.581
G1 X87.181 Y43.571
G1 X87.48 Y43.586
G1 X87.78 Y43.634
G1 X88.078 Y43.714
G1 X88.306 Y43.799
G1 X88.587 Y43.936
G1 X88.795 Y44.064
G1 X89.045 Y44.252
G1 X89.395 Y44.603
G1 X89.584 Y44.853
G1 X89.711 Y45.06
G1 X89.846 Y45.337
G1 X89.952 Y45.627
G1 X90.044 Y46.062
G4
M118 S"@pump_pressure 0 0"
G1 X90.164 Y46.156
G4
M118 S"@pump_pressure 0 701"
G1 X90.181 Y46.47
G1 X90.164 Y46.788
G1 X90.125 Y47.048
G1 X90.05 Y47.348
G1 X89.942 Y47.644
G1 X89.802 Y47.93
G1 X89.67 Y48.146
G1 X89.475 Y48.404
G1 X89.111 Y48.768
G1 X88.853 Y48.963
G1 X88.637 Y49.095
G1 X88.347 Y49.237
G1 X88.11 Y49.326
G1 X87.802 Y49.408
G1 X87.491 Y49.457
G1 X87.177 Y49.474
G1 X86.863 Y49.457
G1 X86.553 Y49.408
G1 X86.245 Y49.326
G1 X86.008 Y49.237
G1 X85.717 Y49.095
G1 X85.501 Y48.963
G1 X85.243 Y48.768
G1 X84.879 Y48.404
G1 X84.685 Y48.146
G1 X84.552 Y47.93
G1 X84.411 Y47.64
G1 X84.322 Y47.403
G1 X84.239 Y47.095
G1 X84.19 Y46.784
G1 X84.174 Y46.47
G1 X84.19 Y46.156
G1 X84.24 Y45.842
G1 X84.306 Y45.587
G1 X84.412 Y45.297
G1 X84.552 Y45.01
G1 X84.685 Y44.794
G1 X84.879 Y44.536
G1 X85.05 Y44.349
G1 X85.287 Y44.136
G1 X85.541 Y43.951
M118 S"@sync 26"
G1 X85.817 Y43.792
G1 X86.048 Y43.687
G1 X86.353 Y43.582
G1 X86.6 Y43.522
G1 X86.919 Y43.478
G1 X87.182 Y43.466
G1 X87.491 Y43.483
G1 X87.802 Y43.532
G1 X88.109 Y43.615
G1 X88.347 Y43.703
G1 X88.637 Y43.845
G1 X88.853 Y43.978
G1 X89.111 Y44.172
G1 X89.475 Y44.536
G1 X89.67 Y44.794
G1 X89.802 Y45.01
G1 X89.942 Y45.297
G1 X90.051 Y45.596
G1 X90.148 Y46.051
G4
M118 S"@pump_pressure 0 0"
G1 X90.268 Y46.145
G4
M118 S"@pump_pressure 0 701"
G1 X90.285 Y46.47
G1 X90.268 Y46.798
G1 X90.227 Y47.068
G1 X90.149 Y47.378
G1 X90.038 Y47.684
G1 X89.893 Y47.98
G1 X89.756 Y48.205
G1 X89.555 Y48.471
G1 X89.178 Y48.848
G1 X88.912 Y49.049
G1 X88.687 Y49.186
G1 X88.388 Y49.332
G1 X88.141 Y49.425
G1 X87.823 Y49.51
G1 X87.502 Y49.561
G1 X87.177 Y49.578
G1 X86.852 Y49.561
G1 X86.531 Y49.51
G1 X86.213 Y49.425
G1 X85.966 Y49.332
G1 X85.667 Y49.186
G1 X85.443 Y49.049
G1 X85.177 Y48.848
G1 X84.799 Y48.471
G1 X84.599 Y48.205
G1 X84.461 Y47.98
G1 X84.315 Y47.681
G1 X84.223 Y47.434
G1 X84.138 Y47.116
G1 X84.087 Y46.795
G1 X84.07 Y46.47
G1 X84.087 Y46.145
G1 X84.138 Y45.821
G1 X84.207 Y45.556
G1 X84.316 Y45.256
G1 X84.461 Y44.96
G1 X84.599 Y44.736
G1 X84.799 Y44.47
G1 X84.977 Y44.275
G1 X85.222 Y44.055
G1 X85.485 Y43.864
G1 X85.77 Y43.699
G1 X86.009 Y43.59
G1 X86.324 Y43.482
G1 X86.58 Y43.42
G1 X86.909 Y43.374
G1 X87.183 Y43.362
G1 X87.502 Y43.38
G1 X87.823 Y43.431
G1 X88.141 Y43.516
G1 X88.388 Y43.608
G1 X88.687 Y43.754
G1 X88.912 Y43.892
G1 X89.178 Y44.092
G1 X89.555 Y44.469
G1 X89.756 Y44.736
G1 X89.893 Y44.96
G1 X90.038 Y45.256
G1 X90.15 Y45.565
M118 S"@sync 27"
G1 X90.251 Y46.04
G4
M118 S"@pump_pressure 0 0"
G1 X90.371 Y46.134
G4
M118 S"@pump_pressure 0 701"
G1 X90.389 Y46.47
G1 X90.371 Y46.809
G1 X90.329 Y47.089
G1 X90.249 Y47.409
G1 X90.133 Y47.725
G1 X89.985 Y48.03
G1 X89.842 Y48.263
G1 X89.635 Y48.537
G1 X89.244 Y48.928
G1 X88.97 Y49.135
G1 X88.737 Y49.278
G1 X88.429 Y49.428
G1 X88.173 Y49.524
G1 X87.845 Y49.612
G1 X87.513 Y49.664
G1 X87.177 Y49.682
G1 X86.841 Y49.664
G1 X86.509 Y49.612
G1 X86.181 Y49.524
G1 X85.925 Y49.428
G1 X85.617 Y49.278
G1 X85.384 Y49.135
G1 X85.11 Y48.928
G1 X84.719 Y48.537
G1 X84.513 Y48.263
G1 X84.37 Y48.03
G1 X84.219 Y47.722
G1 X84.124 Y47.466
G1 X84.036 Y47.138
G1 X83.983 Y46.806
G1 X83.966 Y46.47
G1 X83.983 Y46.134
G1 X84.036 Y45.8
G1 X84.108 Y45.525
G1 X84.221 Y45.216
G1 X84.37 Y44.91
G1 X84.513 Y44.677
G1 X84.719 Y44.403
G1 X84.904 Y44.202
G1 X85.156 Y43.974
G1 X85.428 Y43.777
G1 X85.722 Y43.607
G1 X85.971 Y43.494
G1 X86.295 Y43.382
G1 X86.561 Y43.318
G1 X86.9 Y43.27
G1 X87.183 Y43.258
G1 X87.512 Y43.276
G1 X87.845 Y43.329
G1 X88.173 Y43.417
G1 X88.429 Y43.512
G1 X88.737 Y43.663
G1 X88.97 Y43.806
G1 X89.244 Y44.012
G1 X89.635 Y44.403
G1 X89.842 Y44.677
G1 X89.985 Y44.91
G1 X90.133 Y45.215
G1 X90.25 Y45.534
G1 X90.355 Y46.029
G4
M118 S"@pump_pressure 0 0"
G1 X90.475 Y46.124
G4
M118 S"@pump_pressure 0 703"
G1 X90.493 Y46.47
G1 X90.475 Y46.819
G1 X90.431 Y47.109
G1 X90.348 Y47.439
G1 X90.229 Y47.766
G1 X90.076 Y48.08
G1 X89.928 Y48.322
G1 X89.715 Y48.604
G1 X89.311 Y49.008
G1 X89.029 Y49.221
G1 X88.787 Y49.369
G1 X88.47 Y49.524
M118 S"@sync 28"
G1 X88.205 Y49.623
G1 X87.867 Y49.713
G1 X87.524 Y49.768
G1 X87.177 Y49.786
G1 X86.831 Y49.768
G1 X86.488 Y49.713
G1 X86.15 Y49.623
G1 X85.884 Y49.524
G1 X85.567 Y49.369
G1 X85.325 Y49.221
G1 X85.044 Y49.008
G1 X84.639 Y48.604
G1 X84.427 Y48.322
G1 X84.279 Y48.08
G1 X84.124 Y47.763
G1 X84.025 Y47.498
G1 X83.934 Y47.159
G1 X83.88 Y46.817
G1 X83.862 Y46.47
G1 X83.88 Y46.124
G1 X83.934 Y45.778
G1 X84.008 Y45.494
G1 X84.125 Y45.175
G1 X84.279 Y44.86
G1 X84.427 Y44.618
G1 X84.639 Y44.336
G1 X84.83 Y44.128
G1 X85.091 Y43.893
G1 X85.371 Y43.689
G1 X85.675 Y43.514
G1 X85.932 Y43.397
G1 X86.266 Y43.282
G1 X86.542 Y43.216
G1 X86.891 Y43.167
G1 X87.184 Y43.154
G1 X87.523 Y43.173
G1 X87.867 Y43.227
G1 X88.205 Y43.318
G1 X88.47 Y43.417
G1 X88.787 Y43.572
G1 X89.029 Y43.72
G1 X89.311 Y43.932
G1 X89.715 Y44.336
G1 X89.928 Y44.618
G1 X90.076 Y44.86
G1 X90.229 Y45.175
G1 X90.349 Y45.504
G1 X90.42 Y45.778
G1 X90.458 Y46.018
G4
M118 S"@pump_pressure 0 0"
G1 X90.578 Y46.113
G4
M118 S"@pump_pressure 0 703"
G1 X90.597 Y46.47
G1 X90.578 Y46.83
G1 X90.533 Y47.13
G1 X90.448 Y47.47
G1 X90.325 Y47.806
G1 X90.167 Y48.13
G1 X90.014 Y48.38
G1 X89.795 Y48.67
G1 X89.595 Y48.888
G1 X89.377 Y49.088
G1 X89.087 Y49.307
G1 X88.837 Y49.46
G1 X88.511 Y49.619
G1 X88.236 Y49.722
G1 X87.888 Y49.815
G1 X87.535 Y49.871
G1 X87.177 Y49.89
G1 X86.82 Y49.871
G1 X86.466 Y49.815
G1 X86.118 Y49.722
G1 X85.843 Y49.619
G1 X85.517 Y49.46
G1 X85.267 Y49.307
G1 X84.977 Y49.088
G1 X84.759 Y48.888
M118 S"@sync 29"
G1 X84.559 Y48.67
G1 X84.341 Y48.38
G1 X84.187 Y48.13
G1 X84.028 Y47.804
G1 X83.926 Y47.529
G1 X83.832 Y47.181
G1 X83.776 Y46.828
G1 X83.757 Y46.47
G1 X83.776 Y46.113
G1 X83.833 Y45.757
G1 X83.909 Y45.463
G1 X84.029 Y45.134
G1 X84.187 Y44.81
G1 X84.341 Y44.56
G1 X84.559 Y44.27
G1 X84.757 Y44.054
G1 X85.025 Y43.813
G1 X85.315 Y43.602
G1 X85.627 Y43.422
G1 X85.894 Y43.3
G1 X86.237 Y43.182
G1 X86.522 Y43.114
G1 X86.881 Y43.063
G1 X87.184 Y43.05
G1 X87.534 Y43.069
G1 X87.888 Y43.125
G1 X88.236 Y43.218
G1 X88.511 Y43.321
G1 X88.837 Y43.48
G1 X89.087 Y43.634
G1 X89.377 Y43.852
G1 X89.595 Y44.052
G1 X89.795 Y44.27
G1 X90.014 Y44.56
G1 X90.167 Y44.81
G1 X90.325 Y45.134
G1 X90.448 Y45.473
G1 X90.522 Y45.757
G1 X90.561 Y46.007
G4
M118 S"@pump_pressure 0 0"
G1 X90.682 Y46.102
G4
M118 S"@pump_pressure 0 703"
G1 X90.701 Y46.47
G1 X90.682 Y46.84
G1 X90.635 Y47.15
G1 X90.547 Y47.5
G1 X90.421 Y47.847
G1 X90.258 Y48.18
G1 X90.1 Y48.439
G1 X89.875 Y48.737
G1 X89.669 Y48.962
G1 X89.444 Y49.168
G1 X89.146 Y49.393
G1 X88.887 Y49.551
G1 X88.552 Y49.715
G1 X88.268 Y49.821
G1 X87.91 Y49.917
G1 X87.546 Y49.975
G1 X87.177 Y49.994
G1 X86.809 Y49.975
G1 X86.445 Y49.917
G1 X86.086 Y49.821
G1 X85.802 Y49.715
G1 X85.467 Y49.551
G1 X85.208 Y49.393
G1 X84.911 Y49.168
G1 X84.685 Y48.962
G1 X84.479 Y48.737
G1 X84.255 Y48.439
G1 X84.096 Y48.18
G1 X83.933 Y47.845
G1 X83.826 Y47.561
G1 X83.73 Y47.203
G1 X83.673 Y46.838
G1 X83.653 Y46.47
G1 X83.673 Y46.102
M118 S"@sync 30"
G1 X83.731 Y45.736
G1 X83.81 Y45.432
G1 X83.933 Y45.094
G1 X84.096 Y44.76
G1 X84.255 Y44.501
G1 X84.479 Y44.203
G1 X84.684 Y43.98
G1 X84.96 Y43.732
G1 X85.258 Y43.515
G1 X85.579 Y43.329
G1 X85.855 Y43.204
G1 X86.208 Y43.082
G1 X86.503 Y43.011
G1 X86.872 Y42.96
G1 X87.185 Y42.946
G1 X87.545 Y42.966
G1 X87.91 Y43.023
G1 X88.268 Y43.119
G1 X88.552 Y43.226
G1 X88.887 Y43.389
G1 X89.146 Y43.548
G1 X89.444 Y43.772
G1 X89.669 Y43.978
G1 X89.875 Y44.203
G1 X90.1 Y44.501
G1 X90.258 Y44.76
G1 X90.421 Y45.093
G1 X90.548 Y45.442
G1 X90.624 Y45.735
G1 X90.665 Y45.997
G4
M118 S"@pump_pressure 0 0"
G1 X90.785 Y46.091
G4
M118 S"@pump_pressure 0 701"
G1 X90.805 Y46.47
G1 X90.785 Y46.851
G1 X90.737 Y47.171
G1 X90.647 Y47.531
G1 X90.517 Y47.888
G1 X90.349 Y48.23
G1 X90.186 Y48.497
G1 X89.955 Y48.803
G1 X89.743 Y49.035
G1 X89.51 Y49.248
G1 X89.204 Y49.479
G1 X88.937 Y49.642
G1 X88.593 Y49.81
G1 X88.3 Y49.92
G1 X87.931 Y50.019
G1 X87.556 Y50.078
G1 X87.177 Y50.098
G1 X86.798 Y50.078
G1 X86.423 Y50.019
G1 X86.055 Y49.92
G1 X85.761 Y49.81
G1 X85.417 Y49.642
G1 X85.15 Y49.479
G1 X84.844 Y49.248
G1 X84.612 Y49.035
G1 X84.399 Y48.803
G1 X84.169 Y48.497
G1 X84.005 Y48.23
G1 X83.837 Y47.886
G1 X83.727 Y47.593
G1 X83.629 Y47.224
G1 X83.569 Y46.849
G1 X83.549 Y46.47
G1 X83.569 Y46.091
G1 X83.629 Y45.715
G1 X83.71 Y45.401
G1 X83.838 Y45.053
G1 X84.005 Y44.71
G1 X84.169 Y44.443
G1 X84.399 Y44.137
G1 X84.611 Y43.906
M118 S"@sync 31"
G1 X84.894 Y43.651
G1 X85.201 Y43.428
G1 X85.532 Y43.237
G1 X85.817 Y43.107
G1 X86.179 Y42.982
G1 X86.483 Y42.909
G1 X86.862 Y42.856
G1 X87.186 Y42.842
G1 X87.556 Y42.862
G1 X87.931 Y42.922
G1 X88.3 Y43.02
G1 X88.593 Y43.13
G1 X88.937 Y43.298
G1 X89.205 Y43.462
G1 X89.51 Y43.692
G1 X89.743 Y43.905
G1 X89.955 Y44.137
G1 X90.186 Y44.443
G1 X90.349 Y44.71
G1 X90.517 Y45.053
G1 X90.647 Y45.411
G1 X90.725 Y45.714
G1 X90.768 Y45.986
G4
M118 S"@pump_pressure 0 0"
G1 X90.889 Y46.08
G4
M118 S"@pump_pressure 0 701"
G1 X90.909 Y46.47
G1 X90.889 Y46.861
G1 X90.839 Y47.191
G1 X90.746 Y47.561
G1 X90.612 Y47.928
G1 X90.441 Y48.28
G1 X90.272 Y48.556
G1 X90.035 Y48.87
G1 X89.816 Y49.109
G1 X89.577 Y49.328
G1 X89.263 Y49.565
G1 X88.987 Y49.734
G1 X88.634 Y49.906
G1 X88.332 Y50.019
G1 X87.953 Y50.12
G1 X87.567 Y50.182
G1 X87.177 Y50.202
G1 X86.787 Y50.182
G1 X86.401 Y50.12
G1 X86.023 Y50.019
G1 X85.72 Y49.906
G1 X85.367 Y49.734
G1 X85.091 Y49.565
G1 X84.777 Y49.328
G1 X84.538 Y49.109
G1 X84.319 Y48.87
G1 X84.083 Y48.556
G1 X83.914 Y48.28
G1 X83.741 Y47.927
G1 X83.628 Y47.625
G1 X83.527 Y47.246
G1 X83.466 Y46.86
G1 X83.445 Y46.47
G1 X83.466 Y46.08
G1 X83.527 Y45.693
G1 X83.611 Y45.371
G1 X83.742 Y45.012
G1 X83.914 Y44.66
G1 X84.083 Y44.384
G1 X84.319 Y44.07
G1 X84.538 Y43.832
G1 X84.829 Y43.57
G1 X85.145 Y43.34
G1 X85.484 Y43.144
G1 X85.778 Y43.01
M118 S"@sync 32"
G1 X86.15 Y42.883
G1 X86.464 Y42.807
G1 X86.853 Y42.752
G1 X87.186 Y42.738
G1 X87.567 Y42.759
G1 X87.953 Y42.82
G1 X88.331 Y42.921
G1 X88.634 Y43.034
G1 X88.987 Y43.207
G1 X89.263 Y43.376
G1 X89.577 Y43.612
G1 X89.816 Y43.831
G1 X90.035 Y44.07
G1 X90.272 Y44.384
G1 X90.441 Y44.66
G1 X90.612 Y45.012
G1 X90.746 Y45.38
G1 X90.827 Y45.693
G1 X90.872 Y45.975
G4
M118 S"@pump_pressure 0 0"
G1 X90.992 Y46.069
G4
M118 S"@pump_pressure 0 701"
G1 X91.013 Y46.47
G1 X90.992 Y46.872
G1 X90.941 Y47.211
G1 X90.845 Y47.592
G1 X90.708 Y47.969
G1 X90.532 Y48.33
G1 X90.358 Y48.615
G1 X90.115 Y48.936
G1 X89.89 Y49.183
G1 X89.643 Y49.408
G1 X89.322 Y49.651
G1 X89.038 Y49.825
G1 X88.675 Y50.001
G1 X88.363 Y50.118
G1 X87.975 Y50.222
G1 X87.578 Y50.285
G1 X87.177 Y50.306
G1 X86.776 Y50.285
G1 X86.38 Y50.222
G1 X85.991 Y50.118
G1 X85.679 Y50.001
G1 X85.317 Y49.825
G1 X85.033 Y49.651
G1 X84.711 Y49.408
G1 X84.465 Y49.183
G1 X84.239 Y48.936
G1 X83.997 Y48.615
G1 X83.823 Y48.33
G1 X83.646 Y47.968
G1 X83.529 Y47.656
G1 X83.425 Y47.268
G1 X83.362 Y46.871
G1 X83.341 Y46.47
G1 X83.362 Y46.069
G1 X83.425 Y45.672
G1 X83.512 Y45.34
G1 X83.646 Y44.971
G1 X83.823 Y44.61
G1 X83.997 Y44.326
G1 X84.239 Y44.004
G1 X84.464 Y43.758
G1 X84.763 Y43.489
G1 X85.088 Y43.253
G1 X85.436 Y43.052
G1 X85.74 Y42.914
G1 X86.121 Y42.783
G1 X86.445 Y42.705
G1 X86.843 Y42.649
M118 S"@sync 33"
G1 X87.187 Y42.634
G1 X87.578 Y42.655
G1 X87.975 Y42.718
G1 X88.363 Y42.822
G1 X88.675 Y42.939
G1 X89.038 Y43.116
G1 X89.322 Y43.29
G1 X89.643 Y43.532
G1 X89.89 Y43.758
G1 X90.115 Y44.004
G1 X90.358 Y44.326
G1 X90.532 Y44.61
G1 X90.708 Y44.971
G1 X90.846 Y45.349
G1 X90.929 Y45.672
G1 X90.975 Y45.964
G4
M118 S"@pump_pressure 0 0"
G1 X91.095 Y46.053
G4
M118 S"@pump_pressure 0 702"
G1 X91.117 Y46.47
G1 X91.096 Y46.882
G1 X91.043 Y47.232
G1 X90.945 Y47.622
G1 X90.804 Y48.01
G1 X90.623 Y48.38
G1 X90.444 Y48.673
G1 X90.195 Y49.003
G1 X89.963 Y49.256
G1 X89.71 Y49.488
G1 X89.38 Y49.737
G1 X89.088 Y49.916
G1 X88.716 Y50.097
G1 X88.395 Y50.217
G1 X87.996 Y50.324
G1 X87.589 Y50.388
G1 X87.177 Y50.41
G1 X86.765 Y50.388
G1 X86.358 Y50.324
G1 X85.959 Y50.217
G1 X85.638 Y50.097
G1 X85.267 Y49.916
G1 X84.974 Y49.737
G1 X84.644 Y49.488
G1 X84.391 Y49.256
G1 X84.159 Y49.003
G1 X83.911 Y48.673
G1 X83.731 Y48.38
G1 X83.55 Y48.009
G1 X83.43 Y47.688
G1 X83.323 Y47.289
G1 X83.259 Y46.882
G1 X83.237 Y46.47
G1 X83.259 Y46.058
G1 X83.323 Y45.651
G1 X83.412 Y45.309
G1 X83.55 Y44.931
G1 X83.731 Y44.56
G1 X83.911 Y44.267
G1 X84.159 Y43.937
G1 X84.391 Y43.684
G1 X84.698 Y43.408
G1 X85.031 Y43.166
G1 X85.389 Y42.96
G1 X85.701 Y42.817
G1 X86.091 Y42.683
G1 X86.425 Y42.603
G1 X86.834 Y42.545
G1 X87.187 Y42.53
M118 S"@sync 34"
G1 X87.589 Y42.552
G1 X87.996 Y42.616
G1 X88.395 Y42.723
G1 X88.716 Y42.843
G1 X89.088 Y43.024
G1 X89.38 Y43.204
G1 X89.71 Y43.452
G1 X89.963 Y43.684
G1 X90.195 Y43.937
G1 X90.444 Y44.267
G1 X90.623 Y44.56
G1 X90.804 Y44.931
G1 X90.945 Y45.318
G1 X91.031 Y45.651
G1 X91.078 Y45.948
G4
M118 S"@pump_pressure 0 0"
G1 X90.756 Y46.298
G1 X88.209 Y48.095
G1 F306.607
G4
M118 S"@pump_pressure 0 722"
G1 X88.616 Y47.688
G1 X88.822 Y47.392
G1 X88.864 Y47.293
G1 X87.997 Y48.16
G1 X87.743 Y48.266
G1 X88.973 Y47.036
G1 X89.016 Y46.845
G1 X87.556 Y48.306
G1 X87.369 Y48.344
G1 X89.051 Y46.662
G1 X89.051 Y46.515
G1 X87.222 Y48.344
G1 X87.074 Y48.344
G1 X89.051 Y46.367
G1 X89.043 Y46.228
M118 S"@sync 35"
G1 X86.936 Y48.335
G1 X86.814 Y48.309
G1 X89.018 Y46.105
G1 X88.994 Y45.982
G1 X86.693 Y48.283
G1 X86.573 Y48.255
G1 X88.958 Y45.87
G1 X88.914 Y45.766
G1 X86.471 Y48.21
G1 X86.368 Y48.164
G1 X88.87 Y45.663
G1 X88.826 Y45.559
G1 X86.266 Y48.119
G1 X86.177 Y48.06
M118 S"@sync 36"
G1 X88.767 Y45.47
G1 X88.707 Y45.383
G1 X86.09 Y48
G1 X86.003 Y47.939
G1 X88.647 Y45.296
G1 X88.58 Y45.215
G1 X85.922 Y47.872
G1 X85.849 Y47.799
G1 X88.506 Y45.142
G1 X88.432 Y45.068
G1 X85.775 Y47.725
G1 X85.708 Y47.644
G1 X88.351 Y45.001
G1 X88.264 Y44.94
M118 S"@sync 37"
G1 X85.647 Y47.557
G1 X85.587 Y47.47
G1 X88.177 Y44.88
G1 X88.088 Y44.821
G1 X85.528 Y47.381
G1 X85.483 Y47.279
G1 X87.986 Y44.776
G1 X87.883 Y44.731
G1 X85.438 Y47.176
G1 X85.393 Y47.074
G1 X87.781 Y44.686
G1 X87.662 Y44.657
G1 X85.364 Y46.955
G1 X85.338 Y46.833
M118 S"@sync 38"
G1 X87.54 Y44.631
G1 X87.418 Y44.605
G1 X85.312 Y46.711
G1 X85.303 Y46.573
G1 X87.282 Y44.595
G1 X87.136 Y44.593
G1 X85.303 Y46.426
G1 X85.303 Y46.278
G1 X86.983 Y44.598
G1 X86.802 Y44.631
G1 X85.339 Y46.094
G1 X85.38 Y45.905
G1 X86.607 Y44.678
G1 X86.366 Y44.772
G1 X85.49 Y45.648
G1 X85.533 Y45.548
G1 X85.738 Y45.252
G1 X86.132 Y44.858
G92 E0
G4
M118 S"@pump_pressure 0 0"
G1 Z.225 F300
M118 S"@pic"
G1 X89.129 Y46.263
G4
M118 S"@pump_pressure 0 702"
G1 X89.133 Y46.645
G1 X89.054 Y47.044
G1 X88.89 Y47.43
G1 X88.676 Y47.739
G1 X88.446 Y47.969
G1 X88.137 Y48.183
M118 S"@sync 39"
G1 X87.745 Y48.35
G1 X87.384 Y48.422
G1 X86.972 Y48.422
G1 X86.562 Y48.335
G1 X86.218 Y48.183
G1 X85.908 Y47.969
G1 X85.679 Y47.739
G1 X85.464 Y47.43
G1 X85.298 Y47.038
G1 X85.225 Y46.677
G1 X85.225 Y46.265
G1 X85.297 Y45.905
G1 X85.464 Y45.511
G1 X85.679 Y45.201
G1 X85.942 Y44.945
G1 X86.294 Y44.717
G1 X86.644 Y44.58
G1 X87.012 Y44.514
G1 X87.38 Y44.518
G1 X87.792 Y44.605
G1 X88.137 Y44.757
G1 X88.446 Y44.972
G1 X88.676 Y45.201
G1 X88.89 Y45.51
G1 X89.057 Y45.902
G1 X89.113 Y46.158
G4
M118 S"@pump_pressure 0 0"
G1 X89.233 Y46.252
G4
M118 S"@pump_pressure 0 702"
G1 X89.236 Y46.655
G1 X89.154 Y47.075
G1 X88.981 Y47.48
G1 X88.756 Y47.806
G1 X88.513 Y48.049
G1 X88.187 Y48.274
G1 X87.776 Y48.449
G1 X87.395 Y48.526
G1 X86.961 Y48.526
G1 X86.53 Y48.434
G1 X86.167 Y48.274
G1 X85.842 Y48.049
G1 X85.599 Y47.806
G1 X85.373 Y47.48
G1 X85.198 Y47.069
G1 X85.122 Y46.688
G1 X85.121 Y46.254
G1 X85.198 Y45.874
G1 X85.373 Y45.46
G1 X85.599 Y45.135
G1 X85.876 Y44.864
G1 X86.246 Y44.624
G1 X86.615 Y44.48
G1 X87.003 Y44.41
G1 X87.391 Y44.414
G1 X87.824 Y44.506
G1 X88.187 Y44.666
G1 X88.513 Y44.892
G1 X88.756 Y45.135
G1 X88.981 Y45.46
G1 X89.156 Y45.871
G1 X89.216 Y46.147
G4
M118 S"@pump_pressure 0 0"
G1 X89.336 Y46.241
G4
M118 S"@pump_pressure 0 701"
G1 X89.34 Y46.665
G1 X89.253 Y47.105
G1 X89.073 Y47.53
G1 X88.836 Y47.872
G1 X88.579 Y48.129
M118 S"@sync 40"
G1 X88.237 Y48.366
G1 X87.807 Y48.548
G1 X87.406 Y48.629
G1 X86.95 Y48.629
G1 X86.499 Y48.533
G1 X86.117 Y48.366
G1 X85.775 Y48.129
G1 X85.519 Y47.872
G1 X85.282 Y47.53
G1 X85.099 Y47.1
G1 X85.018 Y46.699
G1 X85.018 Y46.243
G1 X85.098 Y45.843
G1 X85.282 Y45.41
G1 X85.519 Y45.068
G1 X85.811 Y44.783
G1 X86.198 Y44.532
G1 X86.586 Y44.381
G1 X86.993 Y44.306
G1 X87.402 Y44.311
G1 X87.856 Y44.407
G1 X88.237 Y44.575
G1 X88.579 Y44.812
G1 X88.836 Y45.068
G1 X89.073 Y45.41
G1 X89.255 Y45.841
G1 X89.32 Y46.136
G4
M118 S"@pump_pressure 0 0"
G1 X89.44 Y46.231
G4
M118 S"@pump_pressure 0 701"
G1 X89.443 Y46.675
G1 X89.353 Y47.135
G1 X89.272 Y47.359
G1 X89.164 Y47.58
G1 X88.916 Y47.939
G1 X88.646 Y48.208
G1 X88.287 Y48.457
G1 X88.066 Y48.564
G1 X87.837 Y48.648
G1 X87.417 Y48.733
G1 X87.177 Y48.745
G1 X86.939 Y48.733
G1 X86.704 Y48.696
G1 X86.467 Y48.632
G1 X86.067 Y48.457
G1 X85.709 Y48.208
G1 X85.439 Y47.939
G1 X85.191 Y47.58
G1 X85.083 Y47.359
G1 X85 Y47.13
G1 X84.915 Y46.71
G1 X84.902 Y46.47
G1 X84.914 Y46.232
G1 X84.999 Y45.812
G1 X85.083 Y45.581
G1 X85.191 Y45.36
G1 X85.439 Y45.002
G1 X85.745 Y44.702
G1 X85.938 Y44.562
G1 X86.151 Y44.439
G1 X86.557 Y44.281
G1 X86.984 Y44.203
G1 X87.413 Y44.207
G1 X87.65 Y44.245
G1 X87.888 Y44.308
G1 X88.287 Y44.484
G1 X88.646 Y44.732
G1 X88.916 Y45.002
G1 X89.164 Y45.36
M118 S"@sync 41"
G1 X89.271 Y45.581
G1 X89.355 Y45.81
G1 X89.423 Y46.125
G4
M118 S"@pump_pressure 0 0"
G1 X89.543 Y46.22
G4
M118 S"@pump_pressure 0 702"
G1 X89.547 Y46.684
G1 X89.513 Y46.923
G1 X89.452 Y47.166
G1 X89.367 Y47.4
G1 X89.255 Y47.63
G1 X88.996 Y48.005
G1 X88.712 Y48.288
G1 X88.337 Y48.548
G1 X88.107 Y48.66
G1 X87.868 Y48.747
G1 X87.427 Y48.836
G1 X87.177 Y48.849
G1 X86.929 Y48.836
G1 X86.682 Y48.797
G1 X86.435 Y48.731
G1 X86.017 Y48.548
G1 X85.642 Y48.288
G1 X85.359 Y48.005
G1 X85.099 Y47.63
G1 X84.987 Y47.4
G1 X84.9 Y47.161
G1 X84.811 Y46.72
G1 X84.798 Y46.47
G1 X84.811 Y46.221
G1 X84.9 Y45.781
G1 X84.987 Y45.54
G1 X85.099 Y45.31
G1 X85.359 Y44.935
G1 X85.68 Y44.621
G1 X85.881 Y44.475
G1 X86.103 Y44.347
G1 X86.528 Y44.181
G1 X86.975 Y44.099
G1 X87.424 Y44.104
G1 X87.672 Y44.143
G1 X87.919 Y44.209
G1 X88.337 Y44.392
G1 X88.712 Y44.652
G1 X88.995 Y44.935
G1 X89.255 Y45.31
G1 X89.367 Y45.54
G1 X89.454 Y45.779
G1 X89.527 Y46.115
G4
M118 S"@pump_pressure 0 0"
G1 X89.647 Y46.209
G4
M118 S"@pump_pressure 0 701"
G1 X89.651 Y46.694
G1 X89.615 Y46.943
G1 X89.552 Y47.196
G1 X89.463 Y47.44
G1 X89.346 Y47.68
G1 X89.075 Y48.072
G1 X88.779 Y48.368
G1 X88.387 Y48.639
G1 X88.148 Y48.756
G1 X87.899 Y48.847
G1 X87.438 Y48.94
G1 X87.177 Y48.953
G1 X86.918 Y48.94
G1 X86.661 Y48.899
G1 X86.403 Y48.83
G1 X85.967 Y48.639
G1 X85.576 Y48.368
G1 X85.279 Y48.072
G1 X85.008 Y47.68
G1 X84.891 Y47.44
G1 X84.801 Y47.192
G1 X84.708 Y46.731
G1 X84.694 Y46.47
G1 X84.708 Y46.211
G1 X84.8 Y45.75
G1 X84.891 Y45.5
M118 S"@sync 42"
G1 X85.008 Y45.26
G1 X85.279 Y44.869
G1 X85.614 Y44.54
G1 X85.825 Y44.388
G1 X86.056 Y44.254
G1 X86.499 Y44.081
G1 X86.965 Y43.996
G1 X87.435 Y44
G1 X87.693 Y44.041
G1 X87.951 Y44.11
G1 X88.387 Y44.301
G1 X88.779 Y44.572
G1 X89.075 Y44.869
G1 X89.346 Y45.26
G1 X89.463 Y45.5
G1 X89.554 Y45.749
G1 X89.63 Y46.104
G4
M118 S"@pump_pressure 0 0"
G1 X89.75 Y46.198
G4
M118 S"@pump_pressure 0 701"
G1 X89.754 Y46.704
G1 X89.717 Y46.962
G1 X89.651 Y47.227
G1 X89.559 Y47.481
G1 X89.437 Y47.73
G1 X89.155 Y48.138
G1 X88.845 Y48.448
G1 X88.437 Y48.73
G1 X88.188 Y48.852
G1 X87.93 Y48.946
G1 X87.449 Y49.043
G1 X87.177 Y49.057
G1 X86.907 Y49.043
G1 X86.639 Y49.001
G1 X86.372 Y48.929
G1 X85.917 Y48.73
G1 X85.509 Y48.448
G1 X85.199 Y48.138
G1 X84.917 Y47.73
G1 X84.796 Y47.481
G1 X84.701 Y47.222
G1 X84.604 Y46.742
G1 X84.59 Y46.47
G1 X84.604 Y46.2
G1 X84.701 Y45.719
G1 X84.796 Y45.459
G1 X84.917 Y45.21
G1 X85.199 Y44.802
G1 X85.549 Y44.459
G1 X85.768 Y44.3
G1 X86.008 Y44.162
G1 X86.47 Y43.981
G1 X86.956 Y43.892
G1 X87.446 Y43.897
G1 X87.715 Y43.939
G1 X87.983 Y44.011
G1 X88.437 Y44.21
G1 X88.845 Y44.492
G1 X89.155 Y44.802
G1 X89.437 Y45.21
G1 X89.559 Y45.459
G1 X89.653 Y45.718
G1 X89.734 Y46.093
G4
M118 S"@pump_pressure 0 0"
G1 X89.854 Y46.188
G4
M118 S"@pump_pressure 0 703"
G1 X89.869 Y46.474
G1 X89.858 Y46.714
G1 X89.819 Y46.982
G1 X89.751 Y47.257
G1 X89.655 Y47.522
G1 X89.529 Y47.78
G1 X89.235 Y48.205
M118 S"@sync 43"
G1 X88.912 Y48.528
G1 X88.487 Y48.822
G1 X88.229 Y48.948
G1 X87.96 Y49.045
G1 X87.46 Y49.147
G1 X87.177 Y49.162
G1 X86.896 Y49.147
G1 X86.618 Y49.103
G1 X86.34 Y49.028
G1 X85.867 Y48.822
G1 X85.443 Y48.528
G1 X85.119 Y48.205
G1 X84.826 Y47.78
G1 X84.7 Y47.522
G1 X84.602 Y47.253
G1 X84.501 Y46.753
G1 X84.486 Y46.47
G1 X84.501 Y46.189
G1 X84.601 Y45.689
G1 X84.7 Y45.419
G1 X84.826 Y45.16
G1 X85.119 Y44.736
G1 X85.483 Y44.379
G1 X85.711 Y44.213
G1 X85.96 Y44.069
G1 X86.441 Y43.881
G1 X86.947 Y43.788
G1 X87.457 Y43.793
G1 X87.737 Y43.838
G1 X88.014 Y43.912
G1 X88.487 Y44.119
G1 X88.912 Y44.412
G1 X89.235 Y44.736
G1 X89.529 Y45.16
G1 X89.655 Y45.419
G1 X89.752 Y45.687
G1 X89.837 Y46.082
G4
M118 S"@pump_pressure 0 0"
G1 X89.957 Y46.177
G4
M118 S"@pump_pressure 0 703"
G1 X89.973 Y46.474
G1 X89.961 Y46.723
G1 X89.922 Y47.002
G1 X89.85 Y47.287
G1 X89.75 Y47.562
G1 X89.62 Y47.83
G1 X89.498 Y48.029
G1 X89.315 Y48.271
G1 X88.978 Y48.608
G1 X88.736 Y48.791
G1 X88.537 Y48.913
G1 X88.269 Y49.043
G1 X87.991 Y49.145
G1 X87.749 Y49.207
G1 X87.471 Y49.25
G1 X87.177 Y49.266
G1 X86.885 Y49.25
G1 X86.596 Y49.204
G1 X86.308 Y49.127
G1 X86.09 Y49.046
G1 X85.817 Y48.913
G1 X85.618 Y48.791
G1 X85.376 Y48.608
G1 X85.039 Y48.271
G1 X84.857 Y48.029
G1 X84.735 Y47.83
G1 X84.604 Y47.562
G1 X84.503 Y47.284
G1 X84.441 Y47.042
G1 X84.397 Y46.763
G1 X84.382 Y46.47
G1 X84.397 Y46.178
G1 X84.444 Y45.884
G1 X84.502 Y45.658
G1 X84.604 Y45.378
M118 S"@sync 44"
G1 X84.735 Y45.11
G1 X84.857 Y44.911
G1 X85.039 Y44.669
G1 X85.197 Y44.497
G1 X85.418 Y44.298
G1 X85.655 Y44.126
G1 X85.913 Y43.977
G1 X86.125 Y43.88
G1 X86.412 Y43.781
G1 X86.639 Y43.727
G1 X86.937 Y43.685
G1 X87.187 Y43.675
G1 X87.468 Y43.69
G1 X87.758 Y43.736
G1 X88.046 Y43.813
G1 X88.265 Y43.895
G1 X88.537 Y44.028
G1 X88.736 Y44.149
G1 X88.978 Y44.332
G1 X89.315 Y44.669
G1 X89.498 Y44.911
G1 X89.62 Y45.11
G1 X89.75 Y45.378
G1 X89.852 Y45.656
G1 X89.941 Y46.072
G4
M118 S"@pump_pressure 0 0"
G1 X90.061 Y46.166
G4
M118 S"@pump_pressure 0 700"
G1 X90.077 Y46.474
G1 X90.065 Y46.733
G1 X90.024 Y47.022
G1 X89.95 Y47.318
G1 X89.846 Y47.603
G1 X89.711 Y47.88
G1 X89.584 Y48.088
G1 X89.395 Y48.338
G1 X89.045 Y48.688
G1 X88.795 Y48.877
G1 X88.587 Y49.004
G1 X88.31 Y49.139
G1 X88.022 Y49.244
G1 X87.77 Y49.308
G1 X87.481 Y49.354
G1 X87.177 Y49.37
G1 X86.874 Y49.354
G1 X86.574 Y49.306
G1 X86.277 Y49.226
G1 X86.049 Y49.141
G1 X85.767 Y49.004
G1 X85.56 Y48.877
G1 X85.31 Y48.688
G1 X84.959 Y48.338
G1 X84.771 Y48.088
G1 X84.643 Y47.88
G1 X84.508 Y47.603
G1 X84.403 Y47.315
G1 X84.339 Y47.063
G1 X84.294 Y46.774
G1 X84.278 Y46.47
G1 X84.294 Y46.167
G1 X84.342 Y45.862
G1 X84.403 Y45.627
G1 X84.508 Y45.337
G1 X84.643 Y45.06
G1 X84.771 Y44.853
G1 X84.959 Y44.603
G1 X85.123 Y44.423
G1 X85.352 Y44.217
G1 X85.598 Y44.038
G1 X85.865 Y43.884
G1 X86.087 Y43.783
G1 X86.383 Y43.681
G1 X86.619 Y43.625
G1 X86.928 Y43.581
G1 X87.187 Y43.571
G1 X87.479 Y43.586
G1 X87.78 Y43.634
G1 X88.078 Y43.714
G1 X88.306 Y43.799
G1 X88.587 Y43.936
G1 X88.795 Y44.064
G1 X89.045 Y44.252
G1 X89.395 Y44.603
G1 X89.584 Y44.853
G1 X89.711 Y45.06
G1 X89.846 Y45.337
G1 X89.951 Y45.626
M118 S"@sync 45"
G1 X90.044 Y46.061
G4
M118 S"@pump_pressure 0 0"
G1 X90.164 Y46.155
G4
M118 S"@pump_pressure 0 703"
G1 X90.181 Y46.473
G1 X90.168 Y46.743
G1 X90.126 Y47.042
G1 X90.049 Y47.348
G1 X89.942 Y47.644
G1 X89.802 Y47.93
G1 X89.67 Y48.146
G1 X89.475 Y48.404
G1 X89.111 Y48.768
G1 X88.853 Y48.963
G1 X88.637 Y49.095
G1 X88.351 Y49.235
G1 X88.052 Y49.343
G1 X87.791 Y49.41
G1 X87.492 Y49.457
G1 X87.177 Y49.474
G1 X86.863 Y49.457
G1 X86.553 Y49.408
G1 X86.245 Y49.326
G1 X86.008 Y49.237
G1 X85.717 Y49.095
G1 X85.501 Y48.963
G1 X85.243 Y48.768
G1 X84.879 Y48.404
G1 X84.685 Y48.146
G1 X84.552 Y47.93
G1 X84.412 Y47.644
G1 X84.304 Y47.345
G1 X84.237 Y47.084
G1 X84.19 Y46.785
G1 X84.174 Y46.47
G1 X84.19 Y46.156
G1 X84.24 Y45.841
G1 X84.303 Y45.596
G1 X84.412 Y45.297
G1 X84.552 Y45.01
G1 X84.685 Y44.794
G1 X84.879 Y44.536
G1 X85.05 Y44.349
G1 X85.287 Y44.136
G1 X85.541 Y43.951
G1 X85.817 Y43.792
G1 X86.048 Y43.687
G1 X86.353 Y43.582
G1 X86.6 Y43.522
G1 X86.918 Y43.478
G1 X87.188 Y43.467
G1 X87.49 Y43.483
G1 X87.802 Y43.532
G1 X88.11 Y43.615
G1 X88.347 Y43.703
G1 X88.637 Y43.845
G1 X88.853 Y43.978
G1 X89.111 Y44.172
G1 X89.475 Y44.536
G1 X89.67 Y44.794
G1 X89.802 Y45.01
G1 X89.942 Y45.297
G1 X90.051 Y45.595
G1 X90.148 Y46.05
G4
M118 S"@pump_pressure 0 0"
G1 X90.268 Y46.144
G4
M118 S"@pump_pressure 0 701"
G1 X90.285 Y46.473
G1 X90.272 Y46.753
G1 X90.228 Y47.062
G1 X90.149 Y47.379
G1 X90.038 Y47.684
G1 X89.893 Y47.98
G1 X89.756 Y48.205
G1 X89.555 Y48.471
G1 X89.178 Y48.848
G1 X88.912 Y49.049
G1 X88.687 Y49.186
G1 X88.391 Y49.331
G1 X88.083 Y49.443
G1 X87.812 Y49.512
G1 X87.503 Y49.561
G1 X87.177 Y49.578
G1 X86.852 Y49.561
M118 S"@sync 46"
G1 X86.531 Y49.51
G1 X86.213 Y49.425
G1 X85.967 Y49.332
G1 X85.667 Y49.186
G1 X85.443 Y49.049
G1 X85.177 Y48.848
G1 X84.799 Y48.471
G1 X84.599 Y48.205
G1 X84.461 Y47.98
G1 X84.317 Y47.684
G1 X84.204 Y47.376
G1 X84.135 Y47.105
G1 X84.087 Y46.796
G1 X84.07 Y46.47
G1 X84.087 Y46.145
G1 X84.138 Y45.82
G1 X84.204 Y45.565
G1 X84.317 Y45.256
G1 X84.461 Y44.96
G1 X84.599 Y44.736
G1 X84.799 Y44.47
G1 X84.977 Y44.275
G1 X85.222 Y44.055
G1 X85.485 Y43.864
G1 X85.77 Y43.699
G1 X86.009 Y43.59
G1 X86.324 Y43.482
G1 X86.58 Y43.42
G1 X86.909 Y43.374
G1 X87.189 Y43.363
G1 X87.501 Y43.379
G1 X87.823 Y43.431
G1 X88.141 Y43.516
G1 X88.388 Y43.608
G1 X88.687 Y43.754
G1 X88.912 Y43.892
G1 X89.178 Y44.092
G1 X89.555 Y44.47
G1 X89.756 Y44.736
G1 X89.893 Y44.96
G1 X90.038 Y45.256
G1 X90.15 Y45.564
G1 X90.251 Y46.039
G4
M118 S"@pump_pressure 0 0"
G1 X90.371 Y46.134
G4
M118 S"@pump_pressure 0 701"
G1 X90.389 Y46.473
G1 X90.376 Y46.762
G1 X90.33 Y47.082
G1 X90.248 Y47.409
G1 X90.133 Y47.725
G1 X89.985 Y48.03
G1 X89.842 Y48.263
G1 X89.635 Y48.537
G1 X89.244 Y48.928
G1 X88.97 Y49.135
G1 X88.737 Y49.278
G1 X88.432 Y49.426
G1 X88.114 Y49.542
G1 X87.833 Y49.614
G1 X87.514 Y49.664
G1 X87.177 Y49.682
G1 X86.842 Y49.664
G1 X86.509 Y49.612
G1 X86.181 Y49.524
G1 X85.925 Y49.428
G1 X85.617 Y49.278
G1 X85.384 Y49.135
G1 X85.11 Y48.928
G1 X84.719 Y48.537
G1 X84.513 Y48.263
G1 X84.37 Y48.03
G1 X84.221 Y47.725
G1 X84.105 Y47.407
G1 X84.033 Y47.126
G1 X83.983 Y46.807
G1 X83.966 Y46.47
G1 X83.983 Y46.134
M118 S"@sync 47"
G1 X84.036 Y45.799
G1 X84.105 Y45.534
G1 X84.221 Y45.215
G1 X84.37 Y44.91
G1 X84.513 Y44.677
G1 X84.719 Y44.403
G1 X84.904 Y44.202
G1 X85.156 Y43.974
G1 X85.428 Y43.777
G1 X85.722 Y43.607
G1 X85.971 Y43.494
G1 X86.295 Y43.382
G1 X86.561 Y43.318
G1 X86.9 Y43.27
G1 X87.19 Y43.259
G1 X87.512 Y43.276
G1 X87.845 Y43.329
G1 X88.173 Y43.417
G1 X88.429 Y43.512
G1 X88.737 Y43.663
G1 X88.97 Y43.806
G1 X89.244 Y44.012
G1 X89.635 Y44.403
G1 X89.842 Y44.677
G1 X89.985 Y44.91
G1 X90.133 Y45.215
G1 X90.249 Y45.533
G1 X90.355 Y46.028
G4
M118 S"@pump_pressure 0 0"
G1 X90.475 Y46.123
G4
M118 S"@pump_pressure 0 703"
G1 X90.493 Y46.472
G1 X90.479 Y46.772
G1 X90.432 Y47.102
G1 X90.348 Y47.44
G1 X90.229 Y47.766
G1 X90.076 Y48.08
G1 X89.928 Y48.322
G1 X89.715 Y48.604
G1 X89.311 Y49.008
G1 X89.029 Y49.221
G1 X88.787 Y49.369
G1 X88.473 Y49.522
G1 X88.145 Y49.642
G1 X87.854 Y49.716
G1 X87.524 Y49.768
G1 X87.177 Y49.786
G1 X86.831 Y49.768
G1 X86.488 Y49.713
G1 X86.15 Y49.623
G1 X85.884 Y49.524
G1 X85.567 Y49.369
G1 X85.325 Y49.221
G1 X85.044 Y49.008
G1 X84.639 Y48.604
G1 X84.427 Y48.322
G1 X84.279 Y48.08
G1 X84.125 Y47.766
G1 X84.006 Y47.438
G1 X83.931 Y47.147
G1 X83.88 Y46.817
G1 X83.862 Y46.47
G1 X83.88 Y46.124
G1 X83.934 Y45.778
G1 X84.005 Y45.504
G1 X84.125 Y45.175
G1 X84.279 Y44.86
G1 X84.427 Y44.618
G1 X84.639 Y44.337
G1 X84.83 Y44.128
G1 X85.091 Y43.893
G1 X85.371 Y43.689
G1 X85.674 Y43.514
G1 X85.932 Y43.397
G1 X86.266 Y43.282
G1 X86.542 Y43.216
G1 X86.89 Y43.167
M118 S"@sync 48"
G1 X87.19 Y43.154
G1 X87.523 Y43.173
G1 X87.867 Y43.227
G1 X88.205 Y43.318
G1 X88.47 Y43.417
G1 X88.787 Y43.572
G1 X89.029 Y43.72
G1 X89.311 Y43.932
G1 X89.715 Y44.336
G1 X89.928 Y44.618
G1 X90.076 Y44.86
G1 X90.229 Y45.175
G1 X90.349 Y45.503
G1 X90.458 Y46.018
G4
M118 S"@pump_pressure 0 0"
G1 X90.578 Y46.112
G4
M118 S"@pump_pressure 0 701"
G1 X90.597 Y46.472
G1 X90.583 Y46.782
G1 X90.534 Y47.122
G1 X90.447 Y47.47
G1 X90.325 Y47.806
G1 X90.167 Y48.13
G1 X90.014 Y48.38
G1 X89.795 Y48.67
G1 X89.595 Y48.888
G1 X89.377 Y49.088
G1 X89.087 Y49.307
G1 X88.837 Y49.46
G1 X88.513 Y49.618
G1 X88.175 Y49.741
G1 X87.875 Y49.818
G1 X87.535 Y49.871
G1 X87.177 Y49.89
G1 X86.82 Y49.871
G1 X86.466 Y49.815
G1 X86.118 Y49.722
G1 X85.843 Y49.619
G1 X85.517 Y49.46
G1 X85.267 Y49.307
G1 X84.977 Y49.088
G1 X84.759 Y48.888
G1 X84.559 Y48.67
G1 X84.341 Y48.38
G1 X84.187 Y48.13
G1 X84.029 Y47.806
G1 X83.906 Y47.468
G1 X83.829 Y47.168
G1 X83.776 Y46.828
G1 X83.757 Y46.47
G1 X83.776 Y46.113
G1 X83.833 Y45.757
G1 X83.906 Y45.473
G1 X84.029 Y45.134
G1 X84.187 Y44.81
G1 X84.341 Y44.56
G1 X84.559 Y44.27
G1 X84.757 Y44.054
G1 X85.025 Y43.813
G1 X85.315 Y43.602
G1 X85.627 Y43.422
G1 X85.894 Y43.3
G1 X86.237 Y43.182
G1 X86.522 Y43.114
G1 X86.881 Y43.063
G1 X87.191 Y43.05
G1 X87.534 Y43.069
G1 X87.888 Y43.125
G1 X88.236 Y43.218
G1 X88.511 Y43.321
G1 X88.837 Y43.48
G1 X89.087 Y43.634
G1 X89.377 Y43.852
G1 X89.595 Y44.052
G1 X89.795 Y44.27
G1 X90.014 Y44.56
M118 S"@sync 49"
G1 X90.167 Y44.81
G1 X90.325 Y45.134
G1 X90.448 Y45.472
G1 X90.525 Y45.772
G1 X90.562 Y46.007
G4
M118 S"@pump_pressure 0 0"
G1 X90.682 Y46.101
G4
M118 S"@pump_pressure 0 701"
G1 X90.701 Y46.472
G1 X90.686 Y46.792
G1 X90.636 Y47.142
G1 X90.547 Y47.5
G1 X90.421 Y47.847
G1 X90.258 Y48.18
G1 X90.1 Y48.439
G1 X89.875 Y48.737
G1 X89.669 Y48.962
G1 X89.444 Y49.168
G1 X89.146 Y49.393
G1 X88.887 Y49.551
G1 X88.554 Y49.714
G1 X88.206 Y49.84
G1 X87.896 Y49.92
G1 X87.546 Y49.975
G1 X87.177 Y49.994
G1 X86.809 Y49.975
G1 X86.445 Y49.917
G1 X86.086 Y49.821
G1 X85.802 Y49.715
G1 X85.467 Y49.551
G1 X85.208 Y49.393
G1 X84.911 Y49.168
G1 X84.685 Y48.962
G1 X84.479 Y48.737
G1 X84.255 Y48.439
G1 X84.096 Y48.18
G1 X83.934 Y47.847
G1 X83.807 Y47.499
G1 X83.728 Y47.189
G1 X83.673 Y46.839
G1 X83.653 Y46.47
G1 X83.673 Y46.102
G1 X83.731 Y45.735
G1 X83.807 Y45.442
G1 X83.934 Y45.093
G1 X84.096 Y44.76
G1 X84.255 Y44.501
G1 X84.479 Y44.203
G1 X84.684 Y43.98
G1 X84.96 Y43.732
G1 X85.258 Y43.515
G1 X85.579 Y43.329
G1 X85.855 Y43.204
G1 X86.208 Y43.082
G1 X86.503 Y43.011
G1 X86.871 Y42.96
G1 X87.192 Y42.946
G1 X87.545 Y42.966
G1 X87.91 Y43.023
G1 X88.268 Y43.119
G1 X88.552 Y43.226
G1 X88.887 Y43.389
G1 X89.146 Y43.548
G1 X89.444 Y43.772
G1 X89.669 Y43.978
G1 X89.875 Y44.203
G1 X90.1 Y44.501
G1 X90.258 Y44.76
G1 X90.421 Y45.093
G1 X90.547 Y45.441
G1 X90.627 Y45.752
G1 X90.665 Y45.996
G4
M118 S"@pump_pressure 0 0"
G1 X90.785 Y46.091
G4
M118 S"@pump_pressure 0 703"
G1 X90.805 Y46.471
G1 X90.79 Y46.801
G1 X90.738 Y47.162
M118 S"@sync 50"
G1 X90.646 Y47.531
G1 X90.517 Y47.888
G1 X90.349 Y48.23
G1 X90.186 Y48.497
G1 X89.955 Y48.803
G1 X89.743 Y49.035
G1 X89.51 Y49.248
G1 X89.205 Y49.479
G1 X88.937 Y49.642
G1 X88.595 Y49.81
G1 X88.237 Y49.94
G1 X87.917 Y50.022
G1 X87.557 Y50.078
G1 X87.177 Y50.098
G1 X86.798 Y50.078
G1 X86.423 Y50.019
G1 X86.055 Y49.92
G1 X85.761 Y49.81
G1 X85.417 Y49.642
G1 X85.15 Y49.479
G1 X84.844 Y49.248
G1 X84.612 Y49.035
G1 X84.399 Y48.803
G1 X84.169 Y48.497
G1 X84.005 Y48.23
G1 X83.838 Y47.888
G1 X83.708 Y47.53
G1 X83.626 Y47.21
G1 X83.569 Y46.85
G1 X83.549 Y46.47
G1 X83.569 Y46.091
G1 X83.629 Y45.714
G1 X83.707 Y45.411
G1 X83.838 Y45.053
G1 X84.005 Y44.71
G1 X84.169 Y44.443
G1 X84.399 Y44.137
G1 X84.611 Y43.906
G1 X84.894 Y43.651
G1 X85.201 Y43.428
G1 X85.532 Y43.237
G1 X85.817 Y43.107
G1 X86.179 Y42.982
G1 X86.483 Y42.909
G1 X86.862 Y42.856
G1 X87.192 Y42.842
G1 X87.556 Y42.862
G1 X87.931 Y42.922
G1 X88.3 Y43.02
G1 X88.593 Y43.13
G1 X88.937 Y43.298
G1 X89.205 Y43.462
G1 X89.51 Y43.692
G1 X89.743 Y43.905
G1 X89.955 Y44.137
G1 X90.186 Y44.443
G1 X90.349 Y44.71
G1 X90.517 Y45.053
G1 X90.647 Y45.411
G1 X90.729 Y45.731
G1 X90.769 Y45.985
G4
M118 S"@pump_pressure 0 0"
G1 X90.889 Y46.083
G4
M118 S"@pump_pressure 0 702"
G1 X90.909 Y46.471
G1 X90.893 Y46.811
G1 X90.841 Y47.182
G1 X90.746 Y47.561
G1 X90.612 Y47.928
G1 X90.441 Y48.28
G1 X90.272 Y48.556
G1 X90.035 Y48.87
G1 X89.816 Y49.109
M118 S"@sync 51"
G1 X89.577 Y49.328
G1 X89.263 Y49.565
G1 X88.987 Y49.734
G1 X88.635 Y49.905
G1 X88.267 Y50.039
G1 X87.938 Y50.124
G1 X87.568 Y50.182
G1 X87.177 Y50.202
G1 X86.787 Y50.182
G1 X86.401 Y50.12
G1 X86.023 Y50.019
G1 X85.72 Y49.906
G1 X85.367 Y49.734
G1 X85.091 Y49.565
G1 X84.777 Y49.328
G1 X84.538 Y49.109
G1 X84.319 Y48.87
G1 X84.083 Y48.556
G1 X83.914 Y48.28
G1 X83.742 Y47.928
G1 X83.608 Y47.56
G1 X83.524 Y47.231
G1 X83.466 Y46.86
G1 X83.445 Y46.47
G1 X83.466 Y46.08
G1 X83.527 Y45.693
G1 X83.608 Y45.38
G1 X83.742 Y45.012
G1 X83.914 Y44.66
G1 X84.083 Y44.384
G1 X84.319 Y44.07
G1 X84.538 Y43.832
G1 X84.829 Y43.57
G1 X85.145 Y43.34
G1 X85.484 Y43.144
G1 X85.778 Y43.01
G1 X86.15 Y42.883
G1 X86.464 Y42.807
G1 X86.853 Y42.752
G1 X87.193 Y42.738
G1 X87.567 Y42.759
G1 X87.953 Y42.82
G1 X88.332 Y42.921
G1 X88.634 Y43.034
G1 X88.987 Y43.207
G1 X89.263 Y43.376
G1 X89.577 Y43.612
G1 X89.816 Y43.831
G1 X90.035 Y44.07
G1 X90.272 Y44.384
G1 X90.441 Y44.66
G1 X90.612 Y45.012
G1 X90.746 Y45.38
G1 X90.831 Y45.71
G1 X90.873 Y45.978
G4
M118 S"@pump_pressure 0 0"
G1 X90.992 Y46.077
G4
M118 S"@pump_pressure 0 701"
G1 X91.013 Y46.471
G1 X90.997 Y46.821
G1 X90.943 Y47.202
G1 X90.845 Y47.592
G1 X90.708 Y47.969
G1 X90.532 Y48.33
G1 X90.358 Y48.615
G1 X90.115 Y48.936
G1 X89.89 Y49.183
G1 X89.643 Y49.408
G1 X89.322 Y49.651
G1 X89.038 Y49.825
G1 X88.676 Y50.001
M118 S"@sync 52"
G1 X88.298 Y50.139
G1 X87.959 Y50.225
G1 X87.578 Y50.285
G1 X87.177 Y50.306
G1 X86.776 Y50.285
G1 X86.38 Y50.222
G1 X85.991 Y50.118
G1 X85.679 Y50.001
G1 X85.317 Y49.825
G1 X85.033 Y49.651
G1 X84.711 Y49.408
G1 X84.465 Y49.183
G1 X84.239 Y48.936
G1 X83.997 Y48.615
G1 X83.823 Y48.33
G1 X83.646 Y47.969
G1 X83.509 Y47.591
G1 X83.422 Y47.252
G1 X83.362 Y46.871
G1 X83.341 Y46.47
G1 X83.362 Y46.069
G1 X83.425 Y45.672
G1 X83.509 Y45.349
G1 X83.646 Y44.971
G1 X83.823 Y44.61
G1 X83.997 Y44.326
G1 X84.239 Y44.004
G1 X84.464 Y43.758
G1 X84.763 Y43.489
G1 X85.088 Y43.253
G1 X85.436 Y43.052
G1 X85.74 Y42.914
G1 X86.121 Y42.783
G1 X86.445 Y42.705
G1 X86.843 Y42.649
G1 X87.194 Y42.634
G1 X87.578 Y42.655
G1 X87.975 Y42.718
G1 X88.363 Y42.822
G1 X88.675 Y42.939
G1 X89.037 Y43.116
G1 X89.322 Y43.29
G1 X89.643 Y43.532
G1 X89.89 Y43.758
G1 X90.115 Y44.004
G1 X90.358 Y44.326
G1 X90.532 Y44.61
G1 X90.708 Y44.971
G1 X90.846 Y45.349
G1 X90.933 Y45.689
G1 X90.977 Y45.972
G4
M118 S"@pump_pressure 0 0"
G1 X91.096 Y46.072
G4
M118 S"@pump_pressure 0 702"
G1 X91.117 Y46.47
G1 X91.1 Y46.831
G1 X91.045 Y47.222
G1 X90.945 Y47.622
G1 X90.804 Y48.01
G1 X90.623 Y48.38
G1 X90.444 Y48.673
G1 X90.195 Y49.003
G1 X89.963 Y49.256
G1 X89.71 Y49.488
G1 X89.38 Y49.737
G1 X89.088 Y49.916
G1 X88.717 Y50.097
G1 X88.329 Y50.238
G1 X87.98 Y50.327
M118 S"@sync 53"
G1 X87.589 Y50.388
G1 X87.177 Y50.41
G1 X86.765 Y50.388
G1 X86.358 Y50.324
G1 X85.959 Y50.217
G1 X85.638 Y50.097
G1 X85.267 Y49.916
G1 X84.974 Y49.737
G1 X84.644 Y49.488
G1 X84.391 Y49.256
G1 X84.159 Y49.003
G1 X83.911 Y48.673
G1 X83.731 Y48.38
G1 X83.55 Y48.01
G1 X83.409 Y47.622
G1 X83.32 Y47.273
G1 X83.259 Y46.882
G1 X83.237 Y46.47
G1 X83.259 Y46.058
G1 X83.323 Y45.651
G1 X83.409 Y45.318
G1 X83.55 Y44.931
G1 X83.731 Y44.56
G1 X83.911 Y44.267
G1 X84.159 Y43.937
G1 X84.391 Y43.684
G1 X84.698 Y43.408
G1 X85.031 Y43.166
G1 X85.389 Y42.96
G1 X85.701 Y42.817
G1 X86.091 Y42.683
G1 X86.425 Y42.603
G1 X86.834 Y42.545
G1 X87.194 Y42.53
G1 X87.589 Y42.552
G1 X87.996 Y42.616
G1 X88.395 Y42.723
G1 X88.716 Y42.843
G1 X89.088 Y43.024
G1 X89.38 Y43.204
G1 X89.71 Y43.452
G1 X89.963 Y43.684
G1 X90.195 Y43.937
G1 X90.444 Y44.267
G1 X90.623 Y44.56
G1 X90.804 Y44.931
G1 X90.945 Y45.318
G1 X91.034 Y45.668
G1 X91.081 Y45.967
G4
M118 S"@pump_pressure 0 0"
G1 X90.773 Y46.305
G1 X88.802 Y45.439
G1 F306.604
G4
M118 S"@pump_pressure 0 721"
G1 X88.395 Y45.031
G1 X88.099 Y44.825
G1 X87.997 Y44.781
G1 X88.864 Y45.648
G1 X88.973 Y45.904
M118 S"@sync 54"
G1 X87.743 Y44.675
G1 X87.556 Y44.635
G1 X89.016 Y46.095
G1 X89.052 Y46.278
G1 X87.369 Y44.595
G1 X87.22 Y44.594
G1 X89.053 Y46.427
G1 X89.054 Y46.576
G1 X87.07 Y44.592
G1 X86.937 Y44.607
G1 X89.041 Y46.71
G1 X89.016 Y46.833
G1 X86.812 Y44.629
G1 X86.687 Y44.652
G1 X88.992 Y46.957
G1 X88.958 Y47.071
G1 X86.578 Y44.69
G1 X86.471 Y44.731
M118 S"@sync 55"
G1 X88.914 Y47.174
G1 X88.87 Y47.278
G1 X86.365 Y44.772
G1 X86.27 Y44.825
G1 X88.826 Y47.381
G1 X88.767 Y47.47
G1 X86.18 Y44.883
G1 X86.091 Y44.941
G1 X88.707 Y47.557
G1 X88.646 Y47.644
G1 X86.001 Y44.999
G1 X85.925 Y45.07
G1 X88.58 Y47.725
G1 X88.506 Y47.799
M118 S"@sync 56"
G1 X85.85 Y45.143
G1 X85.775 Y45.216
G1 X88.432 Y47.873
G1 X88.351 Y47.94
G1 X85.708 Y45.296
G1 X85.647 Y45.383
G1 X88.264 Y48
G1 X88.177 Y48.06
G1 X85.587 Y45.47
G1 X85.528 Y45.559
G1 X88.088 Y48.119
G1 X87.985 Y48.163
M118 S"@sync 57"
G1 X85.484 Y45.663
G1 X85.44 Y45.766
G1 X87.881 Y48.207
G1 X87.777 Y48.251
G1 X85.396 Y45.87
G1 X85.361 Y45.982
G1 X87.665 Y48.286
G1 X87.542 Y48.311
G1 X85.336 Y46.105
G1 X85.312 Y46.228
G1 X87.419 Y48.336
G1 X87.28 Y48.344
G1 X85.303 Y46.367
G1 X85.303 Y46.515
G1 X87.133 Y48.344
G1 X86.985 Y48.345
G1 X85.303 Y46.662
M118 S"@sync 58"
G1 X85.338 Y46.845
G1 X86.799 Y48.306
G1 X86.611 Y48.266
G1 X85.382 Y47.036
G1 X85.491 Y47.293
G1 X86.357 Y48.16
G1 X86.256 Y48.115
G1 X85.959 Y47.909
G1 X85.552 Y47.502
G92 E0
G4
M118 S"@pump_pressure 0 0"
G1 Z.3 F300
M118 S"@pic"
G1 X89.129 Y46.265
G4
M118 S"@pump_pressure 0 703"
G1 X89.129 Y46.675
G1 X89.057 Y47.036
G1 X88.89 Y47.43
G1 X88.676 Y47.739
G1 X88.446 Y47.969
G1 X88.137 Y48.183
G1 X87.746 Y48.349
G1 X87.385 Y48.422
G1 X86.972 Y48.422
G1 X86.562 Y48.335
G1 X86.218 Y48.183
G1 X85.908 Y47.969
G1 X85.679 Y47.739
G1 X85.464 Y47.43
G1 X85.298 Y47.039
G1 X85.225 Y46.678
G1 X85.225 Y46.265
G1 X85.297 Y45.905
G1 X85.464 Y45.51
G1 X85.679 Y45.201
G1 X85.942 Y44.945
G1 X86.294 Y44.717
G1 X86.645 Y44.58
G1 X87.011 Y44.514
G1 X87.38 Y44.517
G1 X87.792 Y44.605
G1 X88.137 Y44.757
G1 X88.446 Y44.972
G1 X88.676 Y45.201
G1 X88.89 Y45.51
G1 X89.057 Y45.905
G1 X89.113 Y46.16
G4
M118 S"@pump_pressure 0 0"
G1 X89.233 Y46.254
G4
M118 S"@pump_pressure 0 702"
G1 X89.233 Y46.686
G1 X89.157 Y47.067
G1 X88.981 Y47.48
G1 X88.756 Y47.806
G1 X88.513 Y48.048
M118 S"@sync 59"
G1 X88.187 Y48.274
G1 X87.777 Y48.449
G1 X87.396 Y48.526
G1 X86.961 Y48.526
G1 X86.53 Y48.434
G1 X86.168 Y48.274
G1 X85.842 Y48.049
G1 X85.599 Y47.806
G1 X85.373 Y47.48
G1 X85.199 Y47.07
G1 X85.122 Y46.689
G1 X85.121 Y46.254
G1 X85.198 Y45.874
G1 X85.373 Y45.46
G1 X85.599 Y45.135
G1 X85.876 Y44.864
G1 X86.246 Y44.624
G1 X86.615 Y44.48
G1 X87.002 Y44.41
G1 X87.391 Y44.414
G1 X87.824 Y44.506
G1 X88.187 Y44.666
G1 X88.513 Y44.892
G1 X88.756 Y45.135
G1 X88.981 Y45.46
G1 X89.157 Y45.874
G1 X89.216 Y46.149
G4
M118 S"@pump_pressure 0 0"
G1 X89.336 Y46.243
G4
M118 S"@pump_pressure 0 701"
G1 X89.336 Y46.697
G1 X89.256 Y47.097
G1 X89.073 Y47.53
G1 X88.836 Y47.872
G1 X88.579 Y48.128
G1 X88.237 Y48.366
G1 X87.807 Y48.548
G1 X87.407 Y48.629
G1 X86.95 Y48.629
G1 X86.499 Y48.533
G1 X86.117 Y48.366
G1 X85.775 Y48.128
G1 X85.519 Y47.872
G1 X85.282 Y47.53
G1 X85.099 Y47.1
G1 X85.018 Y46.7
G1 X85.018 Y46.243
G1 X85.098 Y45.843
G1 X85.282 Y45.41
G1 X85.519 Y45.068
G1 X85.811 Y44.783
G1 X86.198 Y44.532
G1 X86.586 Y44.381
G1 X86.993 Y44.307
G1 X87.402 Y44.311
G1 X87.856 Y44.407
G1 X88.237 Y44.575
G1 X88.579 Y44.812
G1 X88.836 Y45.068
G1 X89.073 Y45.41
G1 X89.256 Y45.843
G1 X89.32 Y46.138
G4
M118 S"@pump_pressure 0 0"
G1 X89.44 Y46.232
G4
M118 S"@pump_pressure 0 701"
G1 X89.44 Y46.708
M118 S"@sync 60"
G1 X89.355 Y47.128
G1 X89.271 Y47.359
G1 X89.164 Y47.58
G1 X88.916 Y47.939
G1 X88.646 Y48.208
G1 X88.287 Y48.457
G1 X88.066 Y48.564
G1 X87.838 Y48.647
G1 X87.417 Y48.733
G1 X87.177 Y48.745
G1 X86.939 Y48.733
G1 X86.704 Y48.696
G1 X86.467 Y48.632
G1 X86.067 Y48.457
G1 X85.709 Y48.208
G1 X85.439 Y47.939
G1 X85.191 Y47.58
G1 X85.083 Y47.359
G1 X85 Y47.131
G1 X84.915 Y46.71
G1 X84.902 Y46.47
G1 X84.914 Y46.232
G1 X84.999 Y45.812
G1 X85.083 Y45.581
G1 X85.191 Y45.36
G1 X85.439 Y45.002
G1 X85.745 Y44.702
G1 X85.938 Y44.562
G1 X86.151 Y44.439
G1 X86.557 Y44.281
G1 X86.983 Y44.203
G1 X87.413 Y44.207
G1 X87.65 Y44.245
G1 X87.888 Y44.308
G1 X88.287 Y44.484
G1 X88.646 Y44.732
G1 X88.916 Y45.002
G1 X89.164 Y45.36
G1 X89.271 Y45.581
G1 X89.356 Y45.812
G1 X89.423 Y46.127
G4
M118 S"@pump_pressure 0 0"
G1 X89.543 Y46.221
G4
M118 S"@pump_pressure 0 701"
G1 X89.556 Y46.47
G1 X89.543 Y46.719
G1 X89.455 Y47.159
G1 X89.367 Y47.4
G1 X89.255 Y47.63
G1 X88.995 Y48.005
G1 X88.712 Y48.288
G1 X88.337 Y48.548
G1 X88.107 Y48.66
G1 X87.869 Y48.747
G1 X87.428 Y48.836
G1 X87.177 Y48.849
G1 X86.928 Y48.836
G1 X86.683 Y48.797
G1 X86.435 Y48.731
G1 X86.017 Y48.548
G1 X85.642 Y48.288
G1 X85.359 Y48.005
G1 X85.099 Y47.63
G1 X84.987 Y47.4
G1 X84.9 Y47.162
G1 X84.811 Y46.721
G1 X84.798 Y46.47
G1 X84.811 Y46.221
G1 X84.9 Y45.781
G1 X84.987 Y45.54
G1 X85.099 Y45.31
G1 X85.359 Y44.935
G1 X85.68 Y44.621
G1 X85.881 Y44.475
G1 X86.103 Y44.347
G1 X86.528 Y44.181
G1 X86.974 Y44.099
M118 S"@sync 61"
G1 X87.424 Y44.104
G1 X87.672 Y44.143
G1 X87.919 Y44.209
G1 X88.337 Y44.392
G1 X88.712 Y44.652
G1 X88.996 Y44.935
G1 X89.255 Y45.31
G1 X89.367 Y45.54
G1 X89.455 Y45.781
G1 X89.527 Y46.116
G4
M118 S"@pump_pressure 0 0"
G1 X89.647 Y46.211
G4
M118 S"@pump_pressure 0 704"
G1 X89.66 Y46.47
G1 X89.647 Y46.73
G1 X89.554 Y47.19
G1 X89.463 Y47.44
G1 X89.346 Y47.68
G1 X89.075 Y48.072
G1 X88.779 Y48.368
G1 X88.387 Y48.639
G1 X88.147 Y48.756
G1 X87.899 Y48.846
G1 X87.439 Y48.94
G1 X87.177 Y48.953
G1 X86.918 Y48.94
G1 X86.661 Y48.899
G1 X86.403 Y48.83
G1 X85.967 Y48.639
G1 X85.576 Y48.368
G1 X85.279 Y48.072
G1 X85.008 Y47.68
G1 X84.891 Y47.44
G1 X84.801 Y47.192
G1 X84.708 Y46.732
G1 X84.694 Y46.47
G1 X84.708 Y46.211
G1 X84.8 Y45.75
G1 X84.891 Y45.5
G1 X85.008 Y45.26
G1 X85.279 Y44.869
G1 X85.614 Y44.54
G1 X85.825 Y44.387
G1 X86.055 Y44.254
G1 X86.499 Y44.081
G1 X86.965 Y43.996
G1 X87.435 Y44
G1 X87.693 Y44.041
G1 X87.951 Y44.11
G1 X88.387 Y44.301
G1 X88.779 Y44.572
G1 X89.076 Y44.869
G1 X89.346 Y45.26
G1 X89.463 Y45.5
G1 X89.554 Y45.75
G1 X89.63 Y46.105
G4
M118 S"@pump_pressure 0 0"
G1 X89.75 Y46.2
G4
M118 S"@pump_pressure 0 704"
G1 X89.765 Y46.47
G1 X89.75 Y46.741
G1 X89.654 Y47.221
G1 X89.559 Y47.481
G1 X89.437 Y47.73
G1 X89.155 Y48.138
G1 X88.845 Y48.448
G1 X88.437 Y48.73
G1 X88.188 Y48.852
G1 X87.93 Y48.946
G1 X87.45 Y49.043
G1 X87.177 Y49.057
G1 X86.907 Y49.043
G1 X86.639 Y49.001
G1 X86.372 Y48.929
G1 X85.917 Y48.73
M118 S"@sync 62"
G1 X85.509 Y48.448
G1 X85.199 Y48.138
G1 X84.917 Y47.73
G1 X84.796 Y47.481
G1 X84.702 Y47.223
G1 X84.604 Y46.742
G1 X84.59 Y46.47
G1 X84.604 Y46.2
G1 X84.701 Y45.719
G1 X84.796 Y45.459
G1 X84.917 Y45.21
G1 X85.199 Y44.802
G1 X85.549 Y44.459
G1 X85.768 Y44.3
G1 X86.008 Y44.162
G1 X86.47 Y43.981
G1 X86.955 Y43.892
G1 X87.446 Y43.897
G1 X87.715 Y43.939
G1 X87.983 Y44.011
G1 X88.437 Y44.21
G1 X88.845 Y44.492
G1 X89.155 Y44.802
G1 X89.437 Y45.21
G1 X89.559 Y45.459
G1 X89.654 Y45.719
G1 X89.734 Y46.095
G4
M118 S"@pump_pressure 0 0"
G1 X89.854 Y46.189
G4
M118 S"@pump_pressure 0 701"
G1 X89.869 Y46.47
G1 X89.854 Y46.751
G1 X89.753 Y47.252
G1 X89.655 Y47.522
G1 X89.529 Y47.78
G1 X89.235 Y48.205
G1 X88.912 Y48.528
G1 X88.487 Y48.822
G1 X88.229 Y48.948
G1 X87.961 Y49.045
G1 X87.46 Y49.147
G1 X87.177 Y49.162
G1 X86.896 Y49.147
G1 X86.618 Y49.103
G1 X86.34 Y49.028
G1 X85.867 Y48.822
G1 X85.443 Y48.528
G1 X85.119 Y48.205
G1 X84.826 Y47.78
G1 X84.7 Y47.522
G1 X84.602 Y47.254
G1 X84.501 Y46.753
G1 X84.486 Y46.47
G1 X84.501 Y46.189
G1 X84.601 Y45.689
G1 X84.7 Y45.418
G1 X84.826 Y45.16
G1 X85.119 Y44.736
G1 X85.483 Y44.379
G1 X85.711 Y44.213
G1 X85.96 Y44.069
G1 X86.441 Y43.881
G1 X86.946 Y43.789
G1 X87.457 Y43.793
G1 X87.737 Y43.838
G1 X88.014 Y43.912
G1 X88.487 Y44.119
M118 S"@sync 63"
G1 X88.912 Y44.412
G1 X89.235 Y44.736
G1 X89.529 Y45.16
G1 X89.655 Y45.419
G1 X89.753 Y45.689
G1 X89.837 Y46.084
G4
M118 S"@pump_pressure 0 0"
G1 X89.957 Y46.178
G4
M118 S"@pump_pressure 0 701"
G1 X89.973 Y46.47
G1 X89.957 Y46.762
G1 X89.911 Y47.057
G1 X89.852 Y47.283
G1 X89.75 Y47.562
G1 X89.62 Y47.83
G1 X89.498 Y48.029
G1 X89.315 Y48.271
G1 X88.978 Y48.608
G1 X88.736 Y48.791
G1 X88.537 Y48.913
G1 X88.269 Y49.043
G1 X87.992 Y49.144
G1 X87.743 Y49.208
G1 X87.471 Y49.25
G1 X87.177 Y49.266
G1 X86.885 Y49.25
G1 X86.596 Y49.204
G1 X86.308 Y49.127
G1 X86.09 Y49.046
G1 X85.817 Y48.913
G1 X85.618 Y48.791
G1 X85.376 Y48.608
G1 X85.039 Y48.271
G1 X84.857 Y48.029
G1 X84.735 Y47.83
G1 X84.604 Y47.562
G1 X84.503 Y47.285
G1 X84.44 Y47.036
G1 X84.397 Y46.764
G1 X84.382 Y46.47
G1 X84.397 Y46.178
G1 X84.444 Y45.884
G1 X84.502 Y45.658
G1 X84.604 Y45.378
G1 X84.735 Y45.11
G1 X84.857 Y44.911
G1 X85.039 Y44.669
G1 X85.197 Y44.497
G1 X85.418 Y44.298
G1 X85.655 Y44.126
G1 X85.913 Y43.977
G1 X86.125 Y43.88
G1 X86.412 Y43.781
G1 X86.639 Y43.727
G1 X86.937 Y43.685
G1 X87.193 Y43.675
G1 X87.468 Y43.69
G1 X87.758 Y43.736
G1 X88.046 Y43.813
G1 X88.265 Y43.895
G1 X88.537 Y44.028
G1 X88.736 Y44.149
G1 X88.978 Y44.332
G1 X89.315 Y44.669
G1 X89.498 Y44.911
G1 X89.62 Y45.11
G1 X89.75 Y45.378
G1 X89.852 Y45.658
G1 X89.941 Y46.073
G4
M118 S"@pump_pressure 0 0"
G1 X90.061 Y46.167
G4
M118 S"@pump_pressure 0 701"
G1 X90.077 Y46.47
G1 X90.061 Y46.773
G1 X90.013 Y47.078
G1 X89.952 Y47.313
G1 X89.846 Y47.603
G1 X89.711 Y47.88
G1 X89.584 Y48.088
G1 X89.395 Y48.338
G1 X89.045 Y48.688
G1 X88.795 Y48.877
G1 X88.587 Y49.004
G1 X88.31 Y49.139
G1 X88.022 Y49.244
G1 X87.764 Y49.31
G1 X87.482 Y49.354
M118 S"@sync 64"
G1 X87.177 Y49.37
G1 X86.874 Y49.354
G1 X86.574 Y49.306
G1 X86.277 Y49.226
G1 X86.049 Y49.141
G1 X85.767 Y49.004
G1 X85.56 Y48.877
G1 X85.31 Y48.688
G1 X84.959 Y48.338
G1 X84.771 Y48.088
G1 X84.643 Y47.88
G1 X84.508 Y47.603
G1 X84.403 Y47.315
G1 X84.338 Y47.057
G1 X84.294 Y46.775
G1 X84.278 Y46.47
G1 X84.294 Y46.167
G1 X84.342 Y45.863
G1 X84.403 Y45.627
G1 X84.508 Y45.337
G1 X84.643 Y45.06
G1 X84.771 Y44.853
G1 X84.959 Y44.603
G1 X85.123 Y44.423
G1 X85.353 Y44.217
G1 X85.598 Y44.038
G1 X85.865 Y43.884
G1 X86.086 Y43.783
G1 X86.383 Y43.681
G1 X86.619 Y43.625
G1 X86.927 Y43.581
G1 X87.194 Y43.571
G1 X87.479 Y43.586
G1 X87.78 Y43.634
G1 X88.078 Y43.714
G1 X88.306 Y43.799
G1 X88.587 Y43.936
G1 X88.795 Y44.063
G1 X89.045 Y44.252
G1 X89.395 Y44.603
G1 X89.584 Y44.853
G1 X89.711 Y45.06
G1 X89.846 Y45.337
G1 X89.952 Y45.627
G1 X90.044 Y46.062
G4
M118 S"@pump_pressure 0 0"
G1 X90.164 Y46.156
G4
M118 S"@pump_pressure 0 701"
G1 X90.181 Y46.47
G1 X90.164 Y46.784
G1 X90.114 Y47.099
G1 X90.051 Y47.344
G1 X89.942 Y47.644
G1 X89.802 Y47.93
G1 X89.67 Y48.146
G1 X89.475 Y48.404
G1 X89.111 Y48.768
G1 X88.853 Y48.963
G1 X88.637 Y49.095
G1 X88.351 Y49.235
G1 X88.053 Y49.343
G1 X87.785 Y49.412
G1 X87.492 Y49.457
G1 X87.177 Y49.474
G1 X86.863 Y49.457
G1 X86.553 Y49.408
G1 X86.245 Y49.326
G1 X86.007 Y49.237
G1 X85.717 Y49.095
G1 X85.501 Y48.963
G1 X85.243 Y48.768
G1 X84.879 Y48.404
G1 X84.685 Y48.146
G1 X84.552 Y47.93
G1 X84.412 Y47.644
G1 X84.304 Y47.346
G1 X84.236 Y47.078
G1 X84.19 Y46.785
G1 X84.174 Y46.47
G1 X84.19 Y46.156
G1 X84.24 Y45.841
G1 X84.303 Y45.596
G1 X84.412 Y45.297
G1 X84.552 Y45.01
G1 X84.685 Y44.794
M118 S"@sync 65"
G1 X84.879 Y44.536
G1 X85.05 Y44.349
G1 X85.287 Y44.136
G1 X85.541 Y43.951
G1 X85.817 Y43.792
G1 X86.048 Y43.687
G1 X86.353 Y43.582
G1 X86.6 Y43.522
G1 X86.918 Y43.478
G1 X87.194 Y43.467
G1 X87.49 Y43.483
G1 X87.802 Y43.532
G1 X88.11 Y43.615
G1 X88.347 Y43.704
G1 X88.637 Y43.845
G1 X88.853 Y43.978
G1 X89.111 Y44.172
G1 X89.475 Y44.536
G1 X89.67 Y44.794
G1 X89.802 Y45.01
G1 X89.942 Y45.297
G1 X90.051 Y45.596
G1 X90.148 Y46.051
G4
M118 S"@pump_pressure 0 0"
G1 X90.268 Y46.145
G4
M118 S"@pump_pressure 0 701"
G1 X90.285 Y46.47
G1 X90.268 Y46.795
G1 X90.216 Y47.12
G1 X90.15 Y47.375
G1 X90.038 Y47.684
G1 X89.893 Y47.98
G1 X89.756 Y48.205
G1 X89.555 Y48.471
G1 X89.178 Y48.848
G1 X88.912 Y49.049
G1 X88.687 Y49.186
G1 X88.391 Y49.331
G1 X88.084 Y49.443
G1 X87.806 Y49.513
G1 X87.503 Y49.561
G1 X87.177 Y49.578
G1 X86.852 Y49.561
G1 X86.531 Y49.51
G1 X86.213 Y49.425
G1 X85.966 Y49.332
G1 X85.667 Y49.186
G1 X85.443 Y49.049
G1 X85.177 Y48.848
G1 X84.799 Y48.471
G1 X84.599 Y48.205
G1 X84.461 Y47.98
G1 X84.317 Y47.684
G1 X84.205 Y47.377
G1 X84.134 Y47.099
G1 X84.087 Y46.796
G1 X84.07 Y46.47
G1 X84.087 Y46.145
G1 X84.138 Y45.82
G1 X84.204 Y45.565
G1 X84.317 Y45.256
G1 X84.461 Y44.96
G1 X84.599 Y44.736
G1 X84.799 Y44.47
G1 X84.977 Y44.275
G1 X85.222 Y44.055
G1 X85.485 Y43.864
G1 X85.77 Y43.699
G1 X86.009 Y43.59
G1 X86.324 Y43.482
G1 X86.58 Y43.42
G1 X86.909 Y43.374
G1 X87.195 Y43.363
G1 X87.501 Y43.379
G1 X87.823 Y43.43
G1 X88.141 Y43.516
G1 X88.388 Y43.608
G1 X88.687 Y43.754
G1 X88.912 Y43.892
G1 X89.178 Y44.092
G1 X89.555 Y44.47
M118 S"@sync 66"
G1 X89.756 Y44.736
G1 X89.893 Y44.96
G1 X90.038 Y45.256
G1 X90.15 Y45.565
G1 X90.251 Y46.04
G4
M118 S"@pump_pressure 0 0"
G1 X90.371 Y46.134
G4
M118 S"@pump_pressure 0 701"
G1 X90.389 Y46.47
G1 X90.371 Y46.806
G1 X90.318 Y47.141
G1 X90.25 Y47.406
G1 X90.133 Y47.725
G1 X89.985 Y48.03
G1 X89.842 Y48.263
G1 X89.635 Y48.537
G1 X89.244 Y48.928
G1 X88.97 Y49.135
G1 X88.737 Y49.278
G1 X88.432 Y49.426
G1 X88.114 Y49.542
G1 X87.827 Y49.615
G1 X87.514 Y49.664
G1 X87.177 Y49.682
G1 X86.841 Y49.664
G1 X86.509 Y49.612
G1 X86.181 Y49.524
G1 X85.925 Y49.428
G1 X85.617 Y49.278
G1 X85.384 Y49.135
G1 X85.11 Y48.928
G1 X84.719 Y48.537
G1 X84.513 Y48.263
G1 X84.37 Y48.03
G1 X84.221 Y47.725
G1 X84.105 Y47.407
G1 X84.032 Y47.12
G1 X83.983 Y46.807
G1 X83.966 Y46.47
G1 X83.983 Y46.134
G1 X84.036 Y45.799
G1 X84.105 Y45.534
G1 X84.221 Y45.215
G1 X84.37 Y44.91
G1 X84.513 Y44.677
G1 X84.719 Y44.403
G1 X84.904 Y44.202
G1 X85.156 Y43.974
G1 X85.428 Y43.777
G1 X85.722 Y43.607
G1 X85.971 Y43.494
G1 X86.295 Y43.382
G1 X86.561 Y43.318
G1 X86.899 Y43.27
G1 X87.196 Y43.259
G1 X87.512 Y43.276
G1 X87.845 Y43.329
G1 X88.173 Y43.417
G1 X88.429 Y43.512
G1 X88.737 Y43.663
G1 X88.97 Y43.806
G1 X89.244 Y44.012
G1 X89.635 Y44.403
G1 X89.842 Y44.677
G1 X89.985 Y44.91
G1 X90.133 Y45.215
G1 X90.25 Y45.534
G1 X90.355 Y46.029
G4
M118 S"@pump_pressure 0 0"
G1 X90.475 Y46.125
G4
M118 S"@pump_pressure 0 702"
G1 X90.493 Y46.47
G1 X90.475 Y46.817
G1 X90.42 Y47.162
G1 X90.349 Y47.437
G1 X90.229 Y47.766
G1 X90.076 Y48.08
G1 X89.928 Y48.322
G1 X89.715 Y48.604
M118 S"@sync 67"
G1 X89.311 Y49.008
G1 X89.029 Y49.221
G1 X88.787 Y49.369
G1 X88.473 Y49.522
G1 X88.145 Y49.642
G1 X87.848 Y49.717
G1 X87.525 Y49.768
G1 X87.177 Y49.786
G1 X86.831 Y49.768
G1 X86.488 Y49.713
G1 X86.15 Y49.623
G1 X85.884 Y49.523
G1 X85.567 Y49.369
G1 X85.325 Y49.221
G1 X85.044 Y49.008
G1 X84.639 Y48.604
G1 X84.427 Y48.322
G1 X84.279 Y48.08
G1 X84.125 Y47.766
G1 X84.006 Y47.438
G1 X83.93 Y47.141
G1 X83.88 Y46.818
G1 X83.862 Y46.47
G1 X83.88 Y46.124
G1 X83.934 Y45.778
G1 X84.005 Y45.504
G1 X84.125 Y45.175
G1 X84.279 Y44.86
G1 X84.427 Y44.618
G1 X84.639 Y44.336
G1 X84.83 Y44.128
G1 X85.091 Y43.893
G1 X85.371 Y43.689
G1 X85.674 Y43.514
G1 X85.932 Y43.397
G1 X86.266 Y43.282
G1 X86.542 Y43.216
G1 X86.89 Y43.167
G1 X87.197 Y43.155
G1 X87.523 Y43.173
G1 X87.866 Y43.227
G1 X88.205 Y43.318
G1 X88.47 Y43.417
G1 X88.787 Y43.572
G1 X89.029 Y43.72
G1 X89.311 Y43.932
G1 X89.715 Y44.337
G1 X89.928 Y44.618
G1 X90.076 Y44.86
G1 X90.229 Y45.175
G1 X90.349 Y45.504
G1 X90.42 Y45.778
G1 X90.458 Y46.02
G4
M118 S"@pump_pressure 0 0"
G1 X90.579 Y46.12
G4
M118 S"@pump_pressure 0 703"
G1 X90.597 Y46.47
G1 X90.578 Y46.828
G1 X90.522 Y47.184
G1 X90.448 Y47.468
G1 X90.325 Y47.806
G1 X90.167 Y48.13
G1 X90.014 Y48.38
G1 X89.795 Y48.67
G1 X89.595 Y48.888
G1 X89.377 Y49.088
G1 X89.087 Y49.307
G1 X88.837 Y49.46
G1 X88.513 Y49.618
G1 X88.176 Y49.741
G1 X87.869 Y49.819
G1 X87.535 Y49.871
G1 X87.177 Y49.89
G1 X86.82 Y49.871
G1 X86.466 Y49.815
G1 X86.118 Y49.722
M118 S"@sync 68"
G1 X85.843 Y49.619
G1 X85.517 Y49.46
G1 X85.267 Y49.307
G1 X84.977 Y49.088
G1 X84.759 Y48.888
G1 X84.559 Y48.67
G1 X84.341 Y48.38
G1 X84.187 Y48.13
G1 X84.029 Y47.806
G1 X83.906 Y47.469
G1 X83.828 Y47.161
G1 X83.776 Y46.828
G1 X83.757 Y46.47
G1 X83.776 Y46.113
G1 X83.833 Y45.757
G1 X83.906 Y45.473
G1 X84.029 Y45.134
G1 X84.187 Y44.81
G1 X84.341 Y44.56
G1 X84.559 Y44.27
G1 X84.757 Y44.054
G1 X85.025 Y43.813
G1 X85.315 Y43.602
G1 X85.627 Y43.422
G1 X85.894 Y43.3
G1 X86.237 Y43.182
G1 X86.522 Y43.114
G1 X86.881 Y43.063
G1 X87.197 Y43.051
G1 X87.534 Y43.069
G1 X87.888 Y43.125
G1 X88.236 Y43.218
G1 X88.511 Y43.321
G1 X88.837 Y43.48
G1 X89.087 Y43.634
G1 X89.377 Y43.852
G1 X89.595 Y44.052
G1 X89.795 Y44.27
G1 X90.014 Y44.56
G1 X90.167 Y44.81
G1 X90.325 Y45.134
G1 X90.448 Y45.473
G1 X90.522 Y45.757
G1 X90.563 Y46.015
G4
M118 S"@pump_pressure 0 0"
G1 X90.682 Y46.115
G4
M118 S"@pump_pressure 0 704"
G1 X90.701 Y46.47
G1 X90.682 Y46.838
G1 X90.624 Y47.205
G1 X90.548 Y47.498
G1 X90.421 Y47.847
G1 X90.258 Y48.18
G1 X90.1 Y48.439
G1 X89.875 Y48.737
G1 X89.669 Y48.962
G1 X89.444 Y49.168
G1 X89.146 Y49.393
G1 X88.887 Y49.551
G1 X88.554 Y49.714
G1 X88.206 Y49.84
G1 X87.889 Y49.921
G1 X87.546 Y49.975
G1 X87.177 Y49.994
G1 X86.809 Y49.975
G1 X86.445 Y49.917
G1 X86.086 Y49.821
G1 X85.802 Y49.715
G1 X85.467 Y49.551
G1 X85.208 Y49.393
G1 X84.911 Y49.168
G1 X84.685 Y48.962
G1 X84.479 Y48.737
G1 X84.255 Y48.439
G1 X84.096 Y48.18
G1 X83.934 Y47.847
G1 X83.807 Y47.499
M118 S"@sync 69"
G1 X83.726 Y47.182
G1 X83.673 Y46.839
G1 X83.653 Y46.47
G1 X83.673 Y46.102
G1 X83.731 Y45.735
G1 X83.807 Y45.442
G1 X83.934 Y45.093
G1 X84.096 Y44.76
G1 X84.255 Y44.501
G1 X84.479 Y44.203
G1 X84.684 Y43.98
G1 X84.96 Y43.732
G1 X85.258 Y43.515
G1 X85.579 Y43.329
G1 X85.855 Y43.204
G1 X86.208 Y43.082
G1 X86.503 Y43.011
G1 X86.871 Y42.96
G1 X87.198 Y42.946
G1 X87.545 Y42.966
G1 X87.91 Y43.023
G1 X88.268 Y43.119
G1 X88.552 Y43.226
G1 X88.887 Y43.389
G1 X89.146 Y43.548
G1 X89.444 Y43.772
G1 X89.669 Y43.978
G1 X89.875 Y44.203
G1 X90.1 Y44.501
G1 X90.258 Y44.76
G1 X90.421 Y45.093
G1 X90.548 Y45.442
G1 X90.624 Y45.735
G1 X90.667 Y46.009
G4
M118 S"@pump_pressure 0 0"
G1 X90.786 Y46.109
G4
M118 S"@pump_pressure 0 703"
G1 X90.805 Y46.47
G1 X90.785 Y46.849
G1 X90.725 Y47.226
G1 X90.647 Y47.529
G1 X90.517 Y47.888
G1 X90.349 Y48.23
G1 X90.186 Y48.497
G1 X89.955 Y48.803
G1 X89.743 Y49.035
G1 X89.51 Y49.248
G1 X89.205 Y49.479
G1 X88.937 Y49.642
G1 X88.595 Y49.81
G1 X88.237 Y49.94
G1 X87.91 Y50.023
G1 X87.557 Y50.078
G1 X87.177 Y50.098
G1 X86.798 Y50.078
G1 X86.423 Y50.019
G1 X86.055 Y49.92
G1 X85.761 Y49.81
G1 X85.417 Y49.642
G1 X85.15 Y49.479
G1 X84.844 Y49.248
G1 X84.612 Y49.035
G1 X84.399 Y48.803
G1 X84.169 Y48.497
G1 X84.005 Y48.23
G1 X83.838 Y47.888
G1 X83.708 Y47.53
G1 X83.624 Y47.203
G1 X83.569 Y46.85
G1 X83.549 Y46.47
G1 X83.569 Y46.091
G1 X83.629 Y45.714
G1 X83.707 Y45.411
G1 X83.838 Y45.053
M118 S"@sync 70"
G1 X84.005 Y44.71
G1 X84.169 Y44.443
G1 X84.399 Y44.137
G1 X84.611 Y43.906
G1 X84.894 Y43.651
G1 X85.201 Y43.428
G1 X85.532 Y43.237
G1 X85.817 Y43.107
G1 X86.179 Y42.982
G1 X86.483 Y42.909
G1 X86.862 Y42.856
G1 X87.199 Y42.842
G1 X87.556 Y42.862
G1 X87.931 Y42.922
G1 X88.3 Y43.02
G1 X88.593 Y43.13
G1 X88.937 Y43.298
G1 X89.205 Y43.462
G1 X89.51 Y43.692
G1 X89.743 Y43.905
G1 X89.955 Y44.137
G1 X90.186 Y44.443
G1 X90.349 Y44.71
G1 X90.517 Y45.053
G1 X90.647 Y45.411
G1 X90.725 Y45.714
G1 X90.771 Y46.004
G4
M118 S"@pump_pressure 0 0"
G1 X90.89 Y46.104
G4
M118 S"@pump_pressure 0 703"
G1 X90.909 Y46.47
G1 X90.889 Y46.86
G1 X90.827 Y47.247
G1 X90.746 Y47.56
G1 X90.612 Y47.928
G1 X90.441 Y48.28
G1 X90.272 Y48.556
G1 X90.035 Y48.87
G1 X89.816 Y49.109
G1 X89.577 Y49.328
G1 X89.263 Y49.565
G1 X88.987 Y49.734
G1 X88.635 Y49.905
G1 X88.268 Y50.039
G1 X87.931 Y50.125
G1 X87.568 Y50.182
G1 X87.177 Y50.202
G1 X86.787 Y50.182
G1 X86.401 Y50.12
G1 X86.023 Y50.019
G1 X85.72 Y49.906
G1 X85.367 Y49.734
G1 X85.091 Y49.565
G1 X84.777 Y49.328
G1 X84.538 Y49.109
G1 X84.319 Y48.87
G1 X84.083 Y48.556
G1 X83.914 Y48.28
G1 X83.742 Y47.928
G1 X83.608 Y47.561
G1 X83.522 Y47.224
G1 X83.466 Y46.861
G1 X83.445 Y46.47
G1 X83.466 Y46.08
G1 X83.527 Y45.693
G1 X83.608 Y45.38
G1 X83.742 Y45.012
G1 X83.914 Y44.66
G1 X84.083 Y44.384
G1 X84.319 Y44.07
G1 X84.538 Y43.832
G1 X84.829 Y43.57
M118 S"@sync 71"
G1 X85.145 Y43.34
G1 X85.484 Y43.144
G1 X85.778 Y43.01
G1 X86.15 Y42.883
G1 X86.464 Y42.807
G1 X86.853 Y42.752
G1 X87.2 Y42.738
G1 X87.567 Y42.759
G1 X87.953 Y42.82
G1 X88.331 Y42.921
G1 X88.634 Y43.034
G1 X88.987 Y43.207
G1 X89.263 Y43.376
G1 X89.577 Y43.612
G1 X89.816 Y43.831
G1 X90.035 Y44.07
G1 X90.272 Y44.384
G1 X90.441 Y44.66
G1 X90.612 Y45.012
G1 X90.746 Y45.38
G1 X90.827 Y45.693
G1 X90.876 Y45.998
G4
M118 S"@pump_pressure 0 0"
G1 X90.994 Y46.098
G4
M118 S"@pump_pressure 0 701"
G1 X91.013 Y46.47
G1 X90.992 Y46.871
G1 X90.929 Y47.268
G1 X90.846 Y47.591
G1 X90.708 Y47.969
G1 X90.532 Y48.33
G1 X90.358 Y48.615
G1 X90.115 Y48.936
G1 X89.89 Y49.183
G1 X89.643 Y49.408
G1 X89.322 Y49.651
G1 X89.037 Y49.825
G1 X88.676 Y50.001
G1 X88.298 Y50.139
G1 X87.952 Y50.227
G1 X87.578 Y50.285
G1 X87.177 Y50.306
G1 X86.776 Y50.285
G1 X86.38 Y50.222
G1 X85.991 Y50.118
G1 X85.679 Y50.001
G1 X85.317 Y49.825
G1 X85.033 Y49.651
G1 X84.711 Y49.408
G1 X84.465 Y49.183
G1 X84.239 Y48.936
G1 X83.997 Y48.615
G1 X83.823 Y48.33
G1 X83.646 Y47.969
G1 X83.509 Y47.591
G1 X83.42 Y47.245
G1 X83.362 Y46.871
G1 X83.341 Y46.47
G1 X83.362 Y46.069
G1 X83.425 Y45.672
G1 X83.509 Y45.349
G1 X83.646 Y44.971
G1 X83.823 Y44.61
G1 X83.997 Y44.326
G1 X84.239 Y44.004
G1 X84.464 Y43.758
G1 X84.763 Y43.489
G1 X85.088 Y43.253
G1 X85.436 Y43.052
G1 X85.74 Y42.914
M118 S"@sync 72"
G1 X86.121 Y42.783
G1 X86.445 Y42.705
G1 X86.843 Y42.649
G1 X87.2 Y42.634
G1 X87.578 Y42.655
G1 X87.975 Y42.718
G1 X88.363 Y42.822
G1 X88.675 Y42.939
G1 X89.038 Y43.116
G1 X89.322 Y43.29
G1 X89.643 Y43.532
G1 X89.89 Y43.758
G1 X90.115 Y44.004
G1 X90.358 Y44.326
G1 X90.532 Y44.61
G1 X90.708 Y44.971
G1 X90.846 Y45.349
G1 X90.929 Y45.672
G1 X90.98 Y45.993
G4
M118 S"@pump_pressure 0 0"
G1 X91.097 Y46.093
G4
M118 S"@pump_pressure 0 702"
G1 X91.117 Y46.47
G1 X91.096 Y46.882
G1 X91.031 Y47.29
G1 X90.945 Y47.622
G1 X90.804 Y48.01
G1 X90.623 Y48.381
G1 X90.444 Y48.673
G1 X90.195 Y49.003
G1 X89.963 Y49.256
G1 X89.71 Y49.488
G1 X89.38 Y49.737
G1 X89.087 Y49.916
G1 X88.717 Y50.097
G1 X88.329 Y50.238
G1 X87.973 Y50.329
G1 X87.589 Y50.388
G1 X87.177 Y50.41
G1 X86.765 Y50.388
G1 X86.358 Y50.324
G1 X85.959 Y50.217
G1 X85.638 Y50.097
G1 X85.267 Y49.916
G1 X84.974 Y49.737
G1 X84.644 Y49.488
G1 X84.391 Y49.256
G1 X84.159 Y49.003
G1 X83.911 Y48.673
G1 X83.731 Y48.38
G1 X83.55 Y48.01
G1 X83.409 Y47.622
G1 X83.319 Y47.266
G1 X83.259 Y46.882
G1 X83.237 Y46.47
G1 X83.259 Y46.058
G1 X83.323 Y45.651
G1 X83.409 Y45.318
G1 X83.55 Y44.931
G1 X83.731 Y44.56
G1 X83.911 Y44.267
G1 X84.159 Y43.937
G1 X84.391 Y43.684
G1 X84.698 Y43.408
G1 X85.031 Y43.166
G1 X85.389 Y42.96
G1 X85.701 Y42.817
G1 X86.091 Y42.683
M118 S"@sync 73"
G1 X86.425 Y42.603
G1 X86.834 Y42.545
G1 X87.201 Y42.53
G1 X87.589 Y42.552
G1 X87.996 Y42.616
G1 X88.395 Y42.723
G1 X88.716 Y42.843
G1 X89.088 Y43.024
G1 X89.38 Y43.204
G1 X89.71 Y43.452
G1 X89.963 Y43.684
G1 X90.195 Y43.937
G1 X90.444 Y44.267
G1 X90.623 Y44.56
G1 X90.804 Y44.931
G1 X90.945 Y45.318
G1 X91.031 Y45.651
G1 X91.084 Y45.987
G4
M118 S"@pump_pressure 0 0"
G1 X90.79 Y46.313
G1 X88.209 Y48.095
G1 F306.607
G4
M118 S"@pump_pressure 0 722"
G1 X88.616 Y47.688
G1 X88.822 Y47.392
G1 X88.864 Y47.293
G1 X88 Y48.157
G1 X87.743 Y48.266
G1 X88.973 Y47.036
G1 X89.016 Y46.845
G1 X87.552 Y48.309
G1 X87.369 Y48.344
G1 X89.052 Y46.662
G1 X89.052 Y46.515
G1 X87.222 Y48.344
G1 X87.074 Y48.344
G1 X89.052 Y46.367
G1 X89.043 Y46.228
M118 S"@sync 74"
G1 X86.936 Y48.335
G1 X86.814 Y48.309
G1 X89.018 Y46.105
G1 X88.994 Y45.982
G1 X86.693 Y48.283
G1 X86.573 Y48.255
G1 X88.958 Y45.87
G1 X88.914 Y45.766
G1 X86.471 Y48.21
G1 X86.368 Y48.164
G1 X88.87 Y45.663
G1 X88.826 Y45.559
G1 X86.266 Y48.119
G1 X86.177 Y48.06
M118 S"@sync 75"
G1 X88.767 Y45.47
G1 X88.707 Y45.383
G1 X86.09 Y48
G1 X86.003 Y47.939
G1 X88.647 Y45.296
G1 X88.58 Y45.215
G1 X85.922 Y47.872
G1 X85.849 Y47.799
G1 X88.506 Y45.142
G1 X88.432 Y45.068
G1 X85.775 Y47.725
G1 X85.708 Y47.644
G1 X88.351 Y45.001
G1 X88.264 Y44.94
M118 S"@sync 76"
G1 X85.647 Y47.557
G1 X85.587 Y47.47
G1 X88.177 Y44.88
G1 X88.088 Y44.821
G1 X85.528 Y47.381
G1 X85.484 Y47.278
G1 X87.986 Y44.776
G1 X87.883 Y44.731
G1 X85.44 Y47.174
G1 X85.396 Y47.07
G1 X87.781 Y44.686
G1 X87.662 Y44.657
G1 X85.361 Y46.958
G1 X85.336 Y46.835
M118 S"@sync 77"
G1 X87.54 Y44.631
G1 X87.418 Y44.605
G1 X85.311 Y46.712
G1 X85.303 Y46.573
G1 X87.282 Y44.594
G1 X87.136 Y44.593
G1 X85.303 Y46.426
G1 X85.303 Y46.278
G1 X86.983 Y44.598
G1 X86.802 Y44.631
G1 X85.338 Y46.095
G1 X85.382 Y45.904
G1 X86.607 Y44.678
G1 X86.366 Y44.772
G1 X85.491 Y45.647
G1 X85.533 Y45.548
G1 X85.738 Y45.252
G1 X86.132 Y44.858
G92 E0
G4
M118 S"@pump_pressure 0 0"
G1 Z.375 F300
M118 S"@pic"
G1 X89.129 Y46.261
G4
M118 S"@pump_pressure 0 701"
G1 X89.129 Y46.68
G1 X89.056 Y47.041
G1 X88.89 Y47.43
M118 S"@sync 78"
G1 X88.676 Y47.739
G1 X88.446 Y47.969
G1 X88.137 Y48.183
G1 X87.77 Y48.342
G1 X87.382 Y48.422
G1 X86.967 Y48.422
G1 X86.607 Y48.349
G1 X86.243 Y48.197
G1 X85.908 Y47.969
G1 X85.679 Y47.739
G1 X85.464 Y47.43
G1 X85.313 Y47.085
G1 X85.225 Y46.675
G1 X85.225 Y46.26
G1 X85.299 Y45.9
G1 X85.45 Y45.536
G1 X85.679 Y45.201
G1 X85.942 Y44.945
G1 X86.294 Y44.717
G1 X86.645 Y44.58
G1 X87.01 Y44.514
G1 X87.379 Y44.517
G1 X87.792 Y44.605
G1 X88.137 Y44.757
G1 X88.446 Y44.972
G1 X88.676 Y45.201
G1 X88.89 Y45.511
G1 X89.056 Y45.9
G1 X89.113 Y46.156
G4
M118 S"@pump_pressure 0 0"
G1 X89.233 Y46.251
G4
M118 S"@pump_pressure 0 701"
G1 X89.233 Y46.691
G1 X89.155 Y47.071
G1 X88.981 Y47.48
G1 X88.756 Y47.806
G1 X88.513 Y48.048
G1 X88.187 Y48.274
G1 X87.801 Y48.441
G1 X87.393 Y48.526
G1 X86.957 Y48.526
G1 X86.576 Y48.448
G1 X86.193 Y48.288
G1 X85.842 Y48.049
G1 X85.599 Y47.806
G1 X85.373 Y47.48
G1 X85.213 Y47.117
G1 X85.121 Y46.686
G1 X85.122 Y46.25
G1 X85.199 Y45.869
G1 X85.359 Y45.486
G1 X85.599 Y45.135
G1 X85.876 Y44.864
G1 X86.246 Y44.624
G1 X86.615 Y44.48
G1 X87.001 Y44.41
G1 X87.39 Y44.414
G1 X87.824 Y44.506
G1 X88.187 Y44.666
G1 X88.513 Y44.892
G1 X88.756 Y45.135
G1 X88.981 Y45.46
G1 X89.155 Y45.87
G1 X89.216 Y46.145
G4
M118 S"@pump_pressure 0 0"
G1 X89.336 Y46.24
G4
M118 S"@pump_pressure 0 702"
G1 X89.336 Y46.701
M118 S"@sync 79"
G1 X89.255 Y47.102
G1 X89.073 Y47.53
G1 X88.836 Y47.872
G1 X88.579 Y48.128
G1 X88.237 Y48.366
G1 X87.833 Y48.54
G1 X87.404 Y48.629
G1 X86.946 Y48.629
G1 X86.545 Y48.547
G1 X86.144 Y48.38
G1 X85.775 Y48.128
G1 X85.519 Y47.872
G1 X85.282 Y47.53
G1 X85.114 Y47.149
G1 X85.018 Y46.697
G1 X85.018 Y46.239
G1 X85.1 Y45.838
G1 X85.268 Y45.436
G1 X85.519 Y45.068
G1 X85.811 Y44.783
G1 X86.198 Y44.532
G1 X86.586 Y44.381
G1 X86.992 Y44.307
G1 X87.401 Y44.31
G1 X87.856 Y44.407
G1 X88.237 Y44.575
G1 X88.579 Y44.812
G1 X88.836 Y45.068
G1 X89.073 Y45.41
G1 X89.255 Y45.839
G1 X89.32 Y46.135
G4
M118 S"@pump_pressure 0 0"
G1 X89.44 Y46.229
G4
M118 S"@pump_pressure 0 701"
G1 X89.452 Y46.47
G1 X89.44 Y46.712
G1 X89.354 Y47.133
G1 X89.272 Y47.359
G1 X89.164 Y47.58
G1 X88.915 Y47.939
G1 X88.646 Y48.208
G1 X88.287 Y48.457
G1 X87.864 Y48.639
G1 X87.415 Y48.733
G1 X87.177 Y48.745
G1 X86.936 Y48.733
G1 X86.515 Y48.647
G1 X86.094 Y48.471
G1 X85.709 Y48.208
G1 X85.439 Y47.939
G1 X85.191 Y47.58
G1 X85.015 Y47.18
G1 X84.952 Y46.943
G1 X84.914 Y46.708
G1 X84.902 Y46.47
G1 X84.915 Y46.229
G1 X85 Y45.808
G1 X85.176 Y45.387
G1 X85.439 Y45.002
G1 X85.745 Y44.702
G1 X85.938 Y44.562
G1 X86.151 Y44.439
G1 X86.557 Y44.281
G1 X86.983 Y44.203
G1 X87.412 Y44.207
G1 X87.65 Y44.245
G1 X87.888 Y44.308
G1 X88.287 Y44.483
M118 S"@sync 80"
G1 X88.646 Y44.732
G1 X88.916 Y45.002
G1 X89.164 Y45.36
G1 X89.272 Y45.581
G1 X89.354 Y45.808
G1 X89.423 Y46.124
G4
M118 S"@pump_pressure 0 0"
G1 X89.543 Y46.219
G4
M118 S"@pump_pressure 0 703"
G1 X89.556 Y46.47
G1 X89.543 Y46.722
G1 X89.453 Y47.163
G1 X89.367 Y47.4
G1 X89.255 Y47.63
G1 X88.995 Y48.005
G1 X88.712 Y48.288
G1 X88.337 Y48.548
G1 X87.895 Y48.739
G1 X87.426 Y48.836
G1 X87.177 Y48.849
G1 X86.925 Y48.836
G1 X86.484 Y48.746
G1 X86.044 Y48.563
G1 X85.642 Y48.288
G1 X85.359 Y48.005
G1 X85.099 Y47.63
G1 X84.916 Y47.212
G1 X84.85 Y46.965
G1 X84.811 Y46.719
G1 X84.798 Y46.47
G1 X84.811 Y46.218
G1 X84.901 Y45.777
G1 X85.085 Y45.337
G1 X85.359 Y44.935
G1 X85.68 Y44.621
G1 X85.881 Y44.475
G1 X86.103 Y44.347
G1 X86.528 Y44.181
G1 X86.973 Y44.1
G1 X87.423 Y44.104
G1 X87.672 Y44.143
G1 X87.919 Y44.209
G1 X88.337 Y44.392
G1 X88.712 Y44.652
G1 X88.996 Y44.935
G1 X89.255 Y45.31
G1 X89.367 Y45.541
G1 X89.454 Y45.778
G1 X89.527 Y46.113
G4
M118 S"@pump_pressure 0 0"
G1 X89.647 Y46.208
G4
M118 S"@pump_pressure 0 703"
G1 X89.66 Y46.47
G1 X89.647 Y46.733
G1 X89.553 Y47.194
G1 X89.463 Y47.44
G1 X89.346 Y47.68
G1 X89.075 Y48.072
G1 X88.779 Y48.368
G1 X88.387 Y48.639
G1 X88.144 Y48.757
G1 X87.927 Y48.838
G1 X87.696 Y48.899
G1 X87.437 Y48.94
G1 X87.177 Y48.953
G1 X86.914 Y48.94
G1 X86.454 Y48.846
G1 X85.995 Y48.654
G1 X85.791 Y48.53
G1 X85.576 Y48.368
G1 X85.279 Y48.072
G1 X85.008 Y47.68
G1 X84.817 Y47.244
G1 X84.748 Y46.986
G1 X84.708 Y46.73
M118 S"@sync 81"
G1 X84.694 Y46.47
G1 X84.708 Y46.207
G1 X84.801 Y45.747
G1 X84.993 Y45.288
G1 X85.117 Y45.084
G1 X85.279 Y44.869
G1 X85.614 Y44.54
G1 X85.825 Y44.388
G1 X86.056 Y44.254
G1 X86.499 Y44.081
G1 X86.964 Y43.996
G1 X87.434 Y44
G1 X87.693 Y44.041
G1 X87.951 Y44.11
G1 X88.387 Y44.301
G1 X88.779 Y44.572
G1 X89.075 Y44.869
G1 X89.346 Y45.26
G1 X89.463 Y45.5
G1 X89.553 Y45.747
G1 X89.63 Y46.103
G4
M118 S"@pump_pressure 0 0"
G1 X89.75 Y46.197
G4
M118 S"@pump_pressure 0 701"
G1 X89.764 Y46.47
G1 X89.75 Y46.744
G1 X89.652 Y47.224
G1 X89.559 Y47.481
G1 X89.437 Y47.73
G1 X89.155 Y48.138
G1 X88.845 Y48.448
G1 X88.437 Y48.73
G1 X88.185 Y48.853
G1 X87.958 Y48.937
G1 X87.718 Y49.001
G1 X87.448 Y49.043
G1 X87.177 Y49.057
G1 X86.904 Y49.043
G1 X86.423 Y48.945
G1 X86.163 Y48.851
G1 X85.945 Y48.745
G1 X85.732 Y48.617
G1 X85.509 Y48.448
G1 X85.199 Y48.138
G1 X84.917 Y47.73
G1 X84.718 Y47.276
G1 X84.646 Y47.008
G1 X84.604 Y46.741
G1 X84.59 Y46.47
G1 X84.604 Y46.197
G1 X84.702 Y45.716
G1 X84.797 Y45.456
G1 X84.902 Y45.238
G1 X85.031 Y45.025
G1 X85.199 Y44.802
G1 X85.549 Y44.459
G1 X85.768 Y44.3
G1 X86.008 Y44.162
G1 X86.47 Y43.981
G1 X86.955 Y43.892
G1 X87.445 Y43.897
G1 X87.715 Y43.939
G1 X87.983 Y44.011
G1 X88.437 Y44.21
G1 X88.845 Y44.492
G1 X89.155 Y44.802
G1 X89.437 Y45.21
G1 X89.559 Y45.459
G1 X89.652 Y45.717
G1 X89.734 Y46.092
G4
M118 S"@pump_pressure 0 0"
G1 X89.854 Y46.187
G4
M118 S"@pump_pressure 0 703"
G1 X89.869 Y46.47
G1 X89.854 Y46.754
M118 S"@sync 82"
G1 X89.752 Y47.255
G1 X89.655 Y47.522
G1 X89.529 Y47.78
G1 X89.235 Y48.205
G1 X88.912 Y48.528
G1 X88.487 Y48.822
G1 X88.226 Y48.949
G1 X87.989 Y49.036
G1 X87.739 Y49.102
G1 X87.458 Y49.147
G1 X87.177 Y49.161
G1 X86.893 Y49.147
G1 X86.392 Y49.045
G1 X86.123 Y48.947
G1 X85.896 Y48.837
G1 X85.674 Y48.703
G1 X85.443 Y48.528
G1 X85.119 Y48.205
G1 X84.826 Y47.78
G1 X84.619 Y47.307
G1 X84.545 Y47.03
G1 X84.501 Y46.751
G1 X84.486 Y46.47
G1 X84.501 Y46.186
G1 X84.603 Y45.685
G1 X84.701 Y45.416
G1 X84.81 Y45.188
G1 X84.945 Y44.967
G1 X85.119 Y44.736
G1 X85.483 Y44.379
G1 X85.711 Y44.213
G1 X85.96 Y44.069
G1 X86.441 Y43.881
G1 X86.945 Y43.789
G1 X87.456 Y43.793
G1 X87.737 Y43.838
G1 X88.014 Y43.912
G1 X88.487 Y44.119
G1 X88.912 Y44.412
G1 X89.235 Y44.736
G1 X89.529 Y45.16
G1 X89.655 Y45.419
G1 X89.752 Y45.686
G1 X89.837 Y46.081
G4
M118 S"@pump_pressure 0 0"
G1 X89.957 Y46.176
G4
M118 S"@pump_pressure 0 703"
G1 X89.973 Y46.47
G1 X89.957 Y46.765
G1 X89.917 Y47.025
G1 X89.851 Y47.285
G1 X89.75 Y47.562
G1 X89.62 Y47.83
G1 X89.498 Y48.029
G1 X89.315 Y48.271
G1 X88.978 Y48.608
G1 X88.736 Y48.791
G1 X88.537 Y48.913
G1 X88.267 Y49.045
G1 X88.021 Y49.135
G1 X87.761 Y49.204
G1 X87.469 Y49.25
G1 X87.177 Y49.266
G1 X86.882 Y49.25
G1 X86.623 Y49.21
G1 X86.362 Y49.144
G1 X86.082 Y49.042
G1 X85.846 Y48.928
G1 X85.616 Y48.789
G1 X85.376 Y48.608
G1 X85.039 Y48.271
G1 X84.857 Y48.029
G1 X84.735 Y47.83
G1 X84.602 Y47.558
G1 X84.52 Y47.339
G1 X84.443 Y47.051
G1 X84.397 Y46.762
M118 S"@sync 83"
G1 X84.382 Y46.47
G1 X84.397 Y46.175
G1 X84.437 Y45.916
G1 X84.503 Y45.655
G1 X84.605 Y45.375
G1 X84.719 Y45.139
G1 X84.858 Y44.909
G1 X85.039 Y44.669
G1 X85.197 Y44.497
G1 X85.418 Y44.298
G1 X85.655 Y44.126
G1 X85.913 Y43.977
G1 X86.125 Y43.88
G1 X86.412 Y43.781
G1 X86.639 Y43.727
G1 X86.936 Y43.685
G1 X87.199 Y43.675
G1 X87.467 Y43.69
G1 X87.758 Y43.736
G1 X88.046 Y43.813
G1 X88.265 Y43.895
G1 X88.537 Y44.027
G1 X88.736 Y44.149
G1 X88.978 Y44.332
G1 X89.315 Y44.669
G1 X89.498 Y44.911
G1 X89.62 Y45.11
G1 X89.75 Y45.378
G1 X89.851 Y45.655
G1 X89.941 Y46.071
G4
M118 S"@pump_pressure 0 0"
G1 X90.061 Y46.169
G4
M118 S"@pump_pressure 0 702"
G1 X90.077 Y46.47
G1 X90.061 Y46.776
G1 X90.019 Y47.045
G1 X89.951 Y47.316
G1 X89.846 Y47.603
G1 X89.711 Y47.88
G1 X89.584 Y48.088
G1 X89.395 Y48.338
G1 X89.045 Y48.688
G1 X88.795 Y48.877
G1 X88.587 Y49.004
G1 X88.308 Y49.14
G1 X88.052 Y49.235
G1 X87.782 Y49.306
G1 X87.48 Y49.354
G1 X87.177 Y49.37
G1 X86.872 Y49.354
G1 X86.602 Y49.312
G1 X86.331 Y49.244
G1 X86.042 Y49.138
G1 X85.796 Y49.02
G1 X85.557 Y48.875
G1 X85.31 Y48.688
G1 X84.959 Y48.338
G1 X84.771 Y48.088
G1 X84.643 Y47.88
G1 X84.506 Y47.599
G1 X84.421 Y47.371
G1 X84.341 Y47.073
G1 X84.294 Y46.773
G1 X84.278 Y46.47
G1 X84.294 Y46.165
G1 X84.335 Y45.895
G1 X84.404 Y45.624
G1 X84.509 Y45.335
G1 X84.628 Y45.089
G1 X84.772 Y44.85
G1 X84.959 Y44.603
G1 X85.123 Y44.423
G1 X85.352 Y44.217
G1 X85.598 Y44.038
G1 X85.865 Y43.884
G1 X86.086 Y43.783
G1 X86.383 Y43.681
G1 X86.619 Y43.625
G1 X86.927 Y43.581
G1 X87.2 Y43.571
G1 X87.478 Y43.586
G1 X87.78 Y43.634
G1 X88.078 Y43.714
G1 X88.306 Y43.799
G1 X88.587 Y43.936
G1 X88.795 Y44.064
G1 X89.045 Y44.252
M118 S"@sync 84"
G1 X89.395 Y44.603
G1 X89.584 Y44.853
G1 X89.711 Y45.06
G1 X89.846 Y45.337
G1 X89.951 Y45.625
G1 X90.045 Y46.064
G4
M118 S"@pump_pressure 0 0"
G1 X90.165 Y46.164
G4
M118 S"@pump_pressure 0 703"
G1 X90.181 Y46.47
G1 X90.164 Y46.786
G1 X90.121 Y47.066
G1 X90.05 Y47.347
G1 X89.942 Y47.644
G1 X89.802 Y47.93
G1 X89.67 Y48.146
G1 X89.475 Y48.404
G1 X89.111 Y48.768
G1 X88.853 Y48.963
G1 X88.637 Y49.095
G1 X88.349 Y49.236
G1 X88.083 Y49.334
G1 X87.803 Y49.408
G1 X87.491 Y49.457
G1 X87.177 Y49.474
G1 X86.861 Y49.457
G1 X86.581 Y49.414
G1 X86.301 Y49.343
G1 X86.002 Y49.234
G1 X85.747 Y49.111
G1 X85.499 Y48.961
G1 X85.243 Y48.768
G1 X84.879 Y48.404
G1 X84.685 Y48.146
G1 X84.552 Y47.93
G1 X84.411 Y47.64
G1 X84.322 Y47.402
G1 X84.239 Y47.095
G1 X84.19 Y46.784
G1 X84.174 Y46.47
G1 X84.19 Y46.154
G1 X84.233 Y45.874
G1 X84.304 Y45.594
G1 X84.413 Y45.295
G1 X84.536 Y45.04
G1 X84.686 Y44.792
G1 X84.879 Y44.536
G1 X85.05 Y44.349
G1 X85.287 Y44.136
G1 X85.541 Y43.951
G1 X85.817 Y43.792
G1 X86.048 Y43.687
G1 X86.353 Y43.582
G1 X86.6 Y43.522
G1 X86.917 Y43.478
G1 X87.2 Y43.467
G1 X87.489 Y43.483
G1 X87.802 Y43.532
G1 X88.11 Y43.615
G1 X88.347 Y43.703
G1 X88.637 Y43.845
G1 X88.853 Y43.978
G1 X89.111 Y44.172
G1 X89.475 Y44.536
G1 X89.67 Y44.794
G1 X89.802 Y45.01
G1 X89.942 Y45.297
G1 X90.05 Y45.594
G1 X90.149 Y46.058
G4
M118 S"@pump_pressure 0 0"
G1 X90.268 Y46.158
G4
M118 S"@pump_pressure 0 702"
G1 X90.285 Y46.47
G1 X90.268 Y46.797
G1 X90.223 Y47.087
G1 X90.149 Y47.377
G1 X90.038 Y47.684
G1 X89.893 Y47.98
G1 X89.756 Y48.205
G1 X89.555 Y48.471
G1 X89.178 Y48.848
G1 X88.912 Y49.049
G1 X88.687 Y49.186
G1 X88.39 Y49.332
M118 S"@sync 85"
G1 X88.115 Y49.433
G1 X87.825 Y49.51
G1 X87.502 Y49.561
G1 X87.177 Y49.578
G1 X86.85 Y49.561
G1 X86.561 Y49.516
G1 X86.27 Y49.442
G1 X85.961 Y49.33
G1 X85.697 Y49.203
G1 X85.441 Y49.047
G1 X85.177 Y48.848
G1 X84.799 Y48.471
G1 X84.599 Y48.205
G1 X84.461 Y47.98
G1 X84.315 Y47.681
G1 X84.223 Y47.434
G1 X84.138 Y47.116
G1 X84.087 Y46.795
G1 X84.07 Y46.47
G1 X84.087 Y46.143
G1 X84.131 Y45.854
G1 X84.205 Y45.563
G1 X84.317 Y45.254
G1 X84.445 Y44.99
G1 X84.6 Y44.734
G1 X84.799 Y44.47
G1 X84.977 Y44.275
G1 X85.221 Y44.055
G1 X85.485 Y43.864
G1 X85.77 Y43.699
G1 X86.009 Y43.59
G1 X86.324 Y43.482
G1 X86.58 Y43.42
G1 X86.908 Y43.374
G1 X87.201 Y43.363
G1 X87.5 Y43.379
G1 X87.823 Y43.43
G1 X88.141 Y43.516
G1 X88.388 Y43.608
G1 X88.687 Y43.754
G1 X88.912 Y43.892
G1 X89.178 Y44.092
G1 X89.555 Y44.47
G1 X89.756 Y44.736
G1 X89.893 Y44.96
G1 X90.038 Y45.256
G1 X90.15 Y45.563
G1 X90.254 Y46.053
G4
M118 S"@pump_pressure 0 0"
G1 X90.372 Y46.153
G4
M118 S"@pump_pressure 0 703"
G1 X90.389 Y46.47
G1 X90.371 Y46.808
G1 X90.325 Y47.107
G1 X90.249 Y47.408
G1 X90.133 Y47.725
G1 X89.985 Y48.03
G1 X89.842 Y48.263
G1 X89.635 Y48.537
G1 X89.244 Y48.928
G1 X88.97 Y49.135
G1 X88.737 Y49.278
G1 X88.43 Y49.427
G1 X88.146 Y49.532
G1 X87.846 Y49.611
G1 X87.513 Y49.664
G1 X87.177 Y49.682
G1 X86.84 Y49.664
G1 X86.54 Y49.618
G1 X86.24 Y49.542
G1 X85.921 Y49.426
G1 X85.648 Y49.294
G1 X85.382 Y49.134
G1 X85.11 Y48.928
G1 X84.719 Y48.537
G1 X84.513 Y48.263
G1 X84.37 Y48.03
G1 X84.219 Y47.722
G1 X84.124 Y47.466
M118 S"@sync 86"
G1 X84.036 Y47.138
G1 X83.983 Y46.806
G1 X83.966 Y46.47
G1 X83.983 Y46.133
G1 X84.029 Y45.833
G1 X84.105 Y45.532
G1 X84.221 Y45.214
G1 X84.353 Y44.94
G1 X84.514 Y44.675
G1 X84.719 Y44.403
G1 X84.904 Y44.201
G1 X85.156 Y43.974
G1 X85.428 Y43.777
G1 X85.722 Y43.607
G1 X85.971 Y43.494
G1 X86.295 Y43.382
G1 X86.561 Y43.318
G1 X86.899 Y43.271
G1 X87.202 Y43.259
G1 X87.511 Y43.276
G1 X87.845 Y43.329
G1 X88.173 Y43.417
G1 X88.429 Y43.512
G1 X88.737 Y43.663
G1 X88.97 Y43.806
G1 X89.244 Y44.012
G1 X89.635 Y44.403
G1 X89.842 Y44.677
G1 X89.985 Y44.91
G1 X90.133 Y45.215
G1 X90.249 Y45.533
G1 X90.358 Y46.047
G4
M118 S"@pump_pressure 0 0"
G1 X90.476 Y46.147
G4
M118 S"@pump_pressure 0 702"
G1 X90.493 Y46.47
G1 X90.475 Y46.818
G1 X90.427 Y47.128
G1 X90.348 Y47.438
G1 X90.229 Y47.766
G1 X90.076 Y48.08
G1 X89.928 Y48.322
G1 X89.715 Y48.604
G1 X89.311 Y49.008
G1 X89.029 Y49.221
G1 X88.787 Y49.369
G1 X88.471 Y49.523
G1 X88.177 Y49.631
G1 X87.868 Y49.713
G1 X87.524 Y49.768
G1 X87.177 Y49.786
G1 X86.829 Y49.768
G1 X86.519 Y49.72
G1 X86.209 Y49.641
G1 X85.88 Y49.522
G1 X85.598 Y49.386
G1 X85.324 Y49.22
G1 X85.044 Y49.008
G1 X84.639 Y48.604
G1 X84.427 Y48.322
G1 X84.279 Y48.08
G1 X84.124 Y47.763
G1 X84.025 Y47.498
G1 X83.934 Y47.16
G1 X83.88 Y46.817
G1 X83.862 Y46.47
G1 X83.88 Y46.122
G1 X83.927 Y45.812
G1 X84.006 Y45.502
G1 X84.126 Y45.173
G1 X84.262 Y44.891
G1 X84.428 Y44.617
G1 X84.639 Y44.336
G1 X84.83 Y44.128
G1 X85.091 Y43.893
G1 X85.371 Y43.689
G1 X85.674 Y43.514
M118 S"@sync 87"
G1 X85.932 Y43.397
G1 X86.266 Y43.282
G1 X86.542 Y43.216
G1 X86.89 Y43.167
G1 X87.203 Y43.155
G1 X87.523 Y43.172
G1 X87.867 Y43.227
G1 X88.205 Y43.318
G1 X88.47 Y43.417
G1 X88.787 Y43.571
G1 X89.029 Y43.72
G1 X89.311 Y43.932
G1 X89.715 Y44.337
G1 X89.928 Y44.618
G1 X90.076 Y44.86
G1 X90.229 Y45.175
G1 X90.348 Y45.502
G1 X90.426 Y45.806
G1 X90.462 Y46.042
G4
M118 S"@pump_pressure 0 0"
G1 X90.58 Y46.142
G4
M118 S"@pump_pressure 0 703"
G1 X90.597 Y46.47
G1 X90.578 Y46.829
G1 X90.529 Y47.149
G1 X90.448 Y47.469
G1 X90.325 Y47.806
G1 X90.167 Y48.13
G1 X90.014 Y48.38
G1 X89.795 Y48.67
G1 X89.595 Y48.888
G1 X89.377 Y49.088
G1 X89.087 Y49.307
G1 X88.837 Y49.46
G1 X88.512 Y49.619
G1 X88.209 Y49.731
G1 X87.889 Y49.815
G1 X87.535 Y49.871
G1 X87.177 Y49.89
G1 X86.818 Y49.871
G1 X86.499 Y49.822
G1 X86.178 Y49.741
G1 X85.84 Y49.618
G1 X85.548 Y49.477
G1 X85.266 Y49.306
G1 X84.977 Y49.088
G1 X84.759 Y48.888
G1 X84.559 Y48.67
G1 X84.341 Y48.38
G1 X84.187 Y48.13
G1 X84.028 Y47.804
G1 X83.926 Y47.529
G1 X83.832 Y47.181
G1 X83.776 Y46.828
G1 X83.757 Y46.47
G1 X83.776 Y46.111
G1 X83.826 Y45.792
G1 X83.907 Y45.471
G1 X84.03 Y45.133
G1 X84.17 Y44.841
G1 X84.342 Y44.559
G1 X84.559 Y44.27
G1 X84.757 Y44.054
G1 X85.025 Y43.813
G1 X85.315 Y43.602
G1 X85.627 Y43.422
G1 X85.894 Y43.3
G1 X86.237 Y43.182
G1 X86.522 Y43.114
G1 X86.88 Y43.063
G1 X87.204 Y43.051
G1 X87.534 Y43.069
G1 X87.888 Y43.125
G1 X88.236 Y43.218
G1 X88.511 Y43.321
G1 X88.837 Y43.48
G1 X89.087 Y43.634
M118 S"@sync 88"
G1 X89.377 Y43.852
G1 X89.595 Y44.052
G1 X89.795 Y44.27
G1 X90.014 Y44.56
G1 X90.167 Y44.81
G1 X90.325 Y45.134
G1 X90.448 Y45.472
G1 X90.528 Y45.785
G1 X90.566 Y46.036
G4
M118 S"@pump_pressure 0 0"
G1 X90.683 Y46.136
G4
M118 S"@pump_pressure 0 702"
G1 X90.701 Y46.47
G1 X90.682 Y46.84
G1 X90.631 Y47.169
G1 X90.547 Y47.5
G1 X90.421 Y47.847
G1 X90.258 Y48.18
G1 X90.1 Y48.439
G1 X89.875 Y48.737
G1 X89.669 Y48.962
G1 X89.444 Y49.168
G1 X89.146 Y49.393
G1 X88.887 Y49.551
G1 X88.553 Y49.714
G1 X88.24 Y49.83
G1 X87.911 Y49.917
G1 X87.545 Y49.975
G1 X87.177 Y49.994
G1 X86.808 Y49.975
G1 X86.478 Y49.924
G1 X86.148 Y49.84
G1 X85.799 Y49.713
G1 X85.499 Y49.568
G1 X85.207 Y49.392
G1 X84.91 Y49.168
G1 X84.685 Y48.962
G1 X84.479 Y48.737
G1 X84.255 Y48.439
G1 X84.096 Y48.18
G1 X83.933 Y47.845
G1 X83.826 Y47.561
G1 X83.73 Y47.203
G1 X83.673 Y46.838
G1 X83.653 Y46.47
G1 X83.673 Y46.101
G1 X83.724 Y45.771
G1 X83.807 Y45.441
G1 X83.934 Y45.092
G1 X84.079 Y44.792
G1 X84.255 Y44.5
G1 X84.479 Y44.203
G1 X84.684 Y43.98
G1 X84.96 Y43.732
G1 X85.258 Y43.515
G1 X85.579 Y43.329
G1 X85.855 Y43.204
G1 X86.208 Y43.082
G1 X86.503 Y43.011
G1 X86.871 Y42.96
G1 X87.205 Y42.947
G1 X87.545 Y42.966
G1 X87.91 Y43.023
G1 X88.268 Y43.119
G1 X88.552 Y43.226
G1 X88.887 Y43.389
G1 X89.146 Y43.548
G1 X89.444 Y43.772
G1 X89.669 Y43.978
G1 X89.875 Y44.203
G1 X90.1 Y44.501
G1 X90.258 Y44.76
G1 X90.421 Y45.093
G1 X90.547 Y45.441
G1 X90.629 Y45.764
G1 X90.671 Y46.031
M118 S"@sync 89"
G4
M118 S"@pump_pressure 0 0"
G1 X90.787 Y46.131
G4
M118 S"@pump_pressure 0 703"
G1 X90.805 Y46.47
G1 X90.785 Y46.85
G1 X90.733 Y47.19
G1 X90.647 Y47.53
G1 X90.517 Y47.888
G1 X90.349 Y48.23
G1 X90.186 Y48.497
G1 X89.955 Y48.803
G1 X89.743 Y49.035
G1 X89.51 Y49.248
G1 X89.205 Y49.479
G1 X88.937 Y49.642
G1 X88.594 Y49.81
G1 X88.271 Y49.929
G1 X87.932 Y50.019
G1 X87.556 Y50.078
G1 X87.177 Y50.098
G1 X86.797 Y50.078
G1 X86.457 Y50.026
G1 X86.117 Y49.94
G1 X85.759 Y49.809
G1 X85.449 Y49.66
G1 X85.149 Y49.478
G1 X84.844 Y49.248
G1 X84.612 Y49.035
G1 X84.399 Y48.803
G1 X84.169 Y48.497
G1 X84.005 Y48.23
G1 X83.837 Y47.886
G1 X83.727 Y47.593
G1 X83.629 Y47.224
G1 X83.569 Y46.849
G1 X83.549 Y46.47
G1 X83.569 Y46.09
G1 X83.622 Y45.75
G1 X83.708 Y45.41
G1 X83.838 Y45.052
G1 X83.987 Y44.742
G1 X84.169 Y44.442
G1 X84.399 Y44.137
G1 X84.611 Y43.906
G1 X84.894 Y43.651
G1 X85.201 Y43.428
G1 X85.532 Y43.237
G1 X85.817 Y43.107
G1 X86.179 Y42.982
G1 X86.483 Y42.909
G1 X86.862 Y42.856
G1 X87.206 Y42.843
G1 X87.556 Y42.862
G1 X87.931 Y42.922
G1 X88.3 Y43.02
G1 X88.593 Y43.13
G1 X88.937 Y43.298
G1 X89.205 Y43.462
G1 X89.51 Y43.692
G1 X89.743 Y43.905
G1 X89.955 Y44.137
G1 X90.186 Y44.443
G1 X90.349 Y44.71
G1 X90.517 Y45.053
G1 X90.647 Y45.41
G1 X90.731 Y45.744
G1 X90.775 Y46.025
G4
M118 S"@pump_pressure 0 0"
G1 X90.891 Y46.126
G4
M118 S"@pump_pressure 0 704"
G1 X90.909 Y46.47
G1 X90.889 Y46.861
G1 X90.835 Y47.211
G1 X90.746 Y47.561
G1 X90.612 Y47.928
M118 S"@sync 90"
G1 X90.441 Y48.28
G1 X90.272 Y48.556
G1 X90.035 Y48.87
G1 X89.816 Y49.109
G1 X89.577 Y49.328
G1 X89.263 Y49.565
G1 X88.987 Y49.734
G1 X88.635 Y49.906
G1 X88.303 Y50.028
G1 X87.954 Y50.12
G1 X87.567 Y50.182
G1 X87.177 Y50.202
G1 X86.786 Y50.181
G1 X86.436 Y50.128
G1 X86.087 Y50.039
G1 X85.719 Y49.905
G1 X85.4 Y49.751
G1 X85.091 Y49.564
G1 X84.777 Y49.328
G1 X84.538 Y49.109
G1 X84.319 Y48.87
G1 X84.083 Y48.556
G1 X83.914 Y48.28
G1 X83.741 Y47.927
G1 X83.628 Y47.624
G1 X83.527 Y47.246
G1 X83.466 Y46.86
G1 X83.445 Y46.47
G1 X83.466 Y46.079
G1 X83.52 Y45.729
G1 X83.608 Y45.38
G1 X83.742 Y45.011
G1 X83.896 Y44.692
G1 X84.083 Y44.384
G1 X84.319 Y44.07
G1 X84.538 Y43.832
G1 X84.829 Y43.57
G1 X85.145 Y43.34
G1 X85.484 Y43.144
G1 X85.778 Y43.01
G1 X86.15 Y42.882
G1 X86.464 Y42.807
G1 X86.852 Y42.752
G1 X87.206 Y42.739
G1 X87.567 Y42.759
G1 X87.953 Y42.82
G1 X88.331 Y42.921
G1 X88.634 Y43.034
G1 X88.987 Y43.207
G1 X89.263 Y43.376
G1 X89.577 Y43.612
G1 X89.816 Y43.831
G1 X90.035 Y44.07
G1 X90.272 Y44.384
G1 X90.441 Y44.66
G1 X90.612 Y45.012
G1 X90.746 Y45.38
G1 X90.833 Y45.723
G1 X90.879 Y46.02
G4
M118 S"@pump_pressure 0 0"
G1 X90.995 Y46.12
G4
M118 S"@pump_pressure 0 703"
G1 X91.013 Y46.47
G1 X90.992 Y46.871
G1 X90.937 Y47.232
G1 X90.846 Y47.591
G1 X90.708 Y47.969
G1 X90.532 Y48.33
G1 X90.358 Y48.615
G1 X90.115 Y48.936
G1 X89.89 Y49.183
M118 S"@sync 91"
G1 X89.643 Y49.408
G1 X89.322 Y49.651
G1 X89.037 Y49.825
G1 X88.676 Y50.001
G1 X88.334 Y50.127
G1 X87.975 Y50.222
G1 X87.578 Y50.285
G1 X87.177 Y50.306
G1 X86.776 Y50.285
G1 X86.416 Y50.23
G1 X86.056 Y50.138
G1 X85.678 Y50.001
G1 X85.35 Y49.843
G1 X85.032 Y49.65
G1 X84.711 Y49.408
G1 X84.465 Y49.183
G1 X84.239 Y48.936
G1 X83.997 Y48.615
G1 X83.823 Y48.33
G1 X83.646 Y47.968
G1 X83.529 Y47.656
G1 X83.425 Y47.268
G1 X83.362 Y46.871
G1 X83.341 Y46.47
G1 X83.362 Y46.069
G1 X83.418 Y45.709
G1 X83.509 Y45.349
G1 X83.646 Y44.971
G1 X83.805 Y44.643
G1 X83.997 Y44.325
G1 X84.239 Y44.004
G1 X84.464 Y43.758
G1 X84.763 Y43.489
G1 X85.088 Y43.253
G1 X85.436 Y43.052
G1 X85.74 Y42.914
G1 X86.121 Y42.783
G1 X86.445 Y42.705
G1 X86.843 Y42.649
G1 X87.207 Y42.635
G1 X87.578 Y42.655
G1 X87.975 Y42.718
G1 X88.363 Y42.822
G1 X88.675 Y42.939
G1 X89.037 Y43.116
G1 X89.322 Y43.29
G1 X89.643 Y43.532
G1 X89.89 Y43.758
G1 X90.115 Y44.004
G1 X90.358 Y44.326
G1 X90.532 Y44.61
G1 X90.708 Y44.971
G1 X90.846 Y45.349
G1 X90.935 Y45.702
G1 X90.984 Y46.014
G4
M118 S"@pump_pressure 0 0"
G1 X91.098 Y46.115
G4
M118 S"@pump_pressure 0 704"
G1 X91.117 Y46.47
G1 X91.096 Y46.882
G1 X91.039 Y47.252
G1 X90.945 Y47.622
G1 X90.804 Y48.01
G1 X90.623 Y48.38
G1 X90.444 Y48.673
G1 X90.195 Y49.003
G1 X89.963 Y49.256
G1 X89.71 Y49.488
G1 X89.38 Y49.737
M118 S"@sync 92"
G1 X89.088 Y49.916
G1 X88.716 Y50.097
G1 X88.365 Y50.227
G1 X87.996 Y50.324
G1 X87.589 Y50.388
G1 X87.177 Y50.41
G1 X86.765 Y50.388
G1 X86.395 Y50.332
G1 X86.025 Y50.238
G1 X85.638 Y50.097
G1 X85.3 Y49.934
G1 X84.974 Y49.737
G1 X84.644 Y49.488
G1 X84.391 Y49.256
G1 X84.159 Y49.003
G1 X83.911 Y48.673
G1 X83.731 Y48.38
G1 X83.55 Y48.009
G1 X83.43 Y47.688
G1 X83.323 Y47.289
G1 X83.259 Y46.882
G1 X83.237 Y46.47
G1 X83.259 Y46.058
G1 X83.316 Y45.688
G1 X83.409 Y45.318
G1 X83.55 Y44.931
G1 X83.713 Y44.593
G1 X83.911 Y44.267
G1 X84.159 Y43.937
G1 X84.391 Y43.684
G1 X84.698 Y43.408
G1 X85.031 Y43.166
G1 X85.389 Y42.96
G1 X85.701 Y42.817
G1 X86.091 Y42.683
G1 X86.425 Y42.603
G1 X86.834 Y42.545
G1 X87.208 Y42.53
G1 X87.589 Y42.552
G1 X87.996 Y42.616
G1 X88.395 Y42.723
G1 X88.716 Y42.843
G1 X89.087 Y43.024
G1 X89.38 Y43.204
G1 X89.71 Y43.452
G1 X89.963 Y43.684
G1 X90.195 Y43.937
G1 X90.444 Y44.267
G1 X90.623 Y44.56
G1 X90.804 Y44.931
G1 X90.945 Y45.318
G1 X91.037 Y45.681
G1 X91.088 Y46.009
G4
M118 S"@pump_pressure 0 0"
G1 X90.809 Y46.322
G1 X88.802 Y45.439
G1 F306.604
G4
M118 S"@pump_pressure 0 721"
G1 X88.395 Y45.031
G1 X88.099 Y44.825
G1 X87.997 Y44.781
M118 S"@sync 93"
G1 X88.864 Y45.648
G1 X88.973 Y45.904
G1 X87.743 Y44.675
G1 X87.556 Y44.635
G1 X89.016 Y46.095
G1 X89.051 Y46.278
G1 X87.369 Y44.595
G1 X87.22 Y44.594
G1 X89.051 Y46.426
G1 X89.051 Y46.573
G1 X87.071 Y44.592
G1 X86.937 Y44.606
G1 X89.043 Y46.712
G1 X89.018 Y46.835
G1 X86.812 Y44.629
G1 X86.687 Y44.652
G1 X88.993 Y46.958
G1 X88.958 Y47.071
M118 S"@sync 94"
G1 X86.578 Y44.69
G1 X86.471 Y44.731
G1 X88.914 Y47.174
G1 X88.87 Y47.278
G1 X86.365 Y44.772
G1 X86.27 Y44.825
G1 X88.826 Y47.381
G1 X88.767 Y47.47
G1 X86.18 Y44.883
G1 X86.091 Y44.941
G1 X88.707 Y47.557
G1 X88.646 Y47.644
G1 X86.001 Y44.999
G1 X85.925 Y45.07
M118 S"@sync 95"
G1 X88.58 Y47.725
G1 X88.506 Y47.799
G1 X85.85 Y45.143
G1 X85.775 Y45.216
G1 X88.432 Y47.873
G1 X88.351 Y47.94
G1 X85.708 Y45.296
G1 X85.648 Y45.384
G1 X88.264 Y48
G1 X88.177 Y48.06
G1 X85.588 Y45.472
G1 X85.529 Y45.56
G1 X88.088 Y48.119
G1 X87.985 Y48.164
M118 S"@sync 96"
G1 X85.483 Y45.661
G1 X85.439 Y45.765
G1 X87.882 Y48.208
G1 X87.779 Y48.253
G1 X85.396 Y45.869
G1 X85.361 Y45.983
G1 X87.663 Y48.284
G1 X87.541 Y48.31
G1 X85.336 Y46.105
G1 X85.311 Y46.228
G1 X87.419 Y48.335
G1 X87.28 Y48.344
G1 X85.303 Y46.367
G1 X85.303 Y46.515
G1 X87.133 Y48.344
G1 X86.985 Y48.344
M118 S"@sync 97"
G1 X85.303 Y46.662
G1 X85.342 Y46.849
G1 X86.802 Y48.309
G1 X86.612 Y48.266
G1 X85.382 Y47.036
G1 X85.488 Y47.29
G1 X86.358 Y48.161
G1 X86.28 Y48.128
G1 X85.959 Y47.909
G1 X85.552 Y47.502
G92 E0
G4
M118 S"@pump_pressure 0 0"
G1 Z.45 F300
M118 S"@pic"
G1 X89.137 Y46.342
G4
M118 S"@pump_pressure 0 700"
G1 X89.131 Y46.667
G1 X89.057 Y47.036
G1 X88.894 Y47.422
G1 X88.687 Y47.725
G1 X88.379 Y48.023
G1 X88.068 Y48.219
G1 X87.727 Y48.355
G1 X87.305 Y48.429
G1 X86.981 Y48.424
G1 X86.562 Y48.335
G1 X86.226 Y48.187
G1 X85.922 Y47.98
G1 X85.624 Y47.672
G1 X85.428 Y47.361
G1 X85.292 Y47.02
G1 X85.218 Y46.598
G1 X85.227 Y46.245
G1 X85.297 Y45.905
G1 X85.46 Y45.518
G1 X85.667 Y45.215
G1 X85.975 Y44.917
G1 X86.294 Y44.717
G1 X86.645 Y44.58
G1 X87.01 Y44.514
G1 X87.378 Y44.517
G1 X87.792 Y44.605
G1 X88.129 Y44.753
G1 X88.433 Y44.96
G1 X88.73 Y45.268
G1 X88.926 Y45.579
G1 X89.062 Y45.92
G1 X89.124 Y46.236
G4
M118 S"@pump_pressure 0 0"
G1 X89.24 Y46.334
G4
M118 S"@pump_pressure 0 701"
G1 X89.234 Y46.678
G1 X89.157 Y47.067
M118 S"@sync 98"
G1 X88.985 Y47.472
G1 X88.766 Y47.793
G1 X88.443 Y48.105
G1 X88.116 Y48.312
G1 X87.755 Y48.455
G1 X87.313 Y48.533
G1 X86.969 Y48.527
G1 X86.53 Y48.434
G1 X86.175 Y48.278
G1 X85.855 Y48.059
G1 X85.543 Y47.736
G1 X85.335 Y47.409
G1 X85.192 Y47.048
G1 X85.114 Y46.606
G1 X85.123 Y46.234
G1 X85.198 Y45.874
G1 X85.369 Y45.468
G1 X85.588 Y45.148
G1 X85.911 Y44.836
G1 X86.246 Y44.624
G1 X86.615 Y44.48
G1 X87 Y44.41
G1 X87.389 Y44.414
G1 X87.824 Y44.506
G1 X88.179 Y44.662
G1 X88.5 Y44.881
G1 X88.812 Y45.204
G1 X89.019 Y45.532
G1 X89.162 Y45.892
G1 X89.227 Y46.229
G4
M118 S"@pump_pressure 0 0"
G1 X89.344 Y46.327
G4
M118 S"@pump_pressure 0 703"
G1 X89.338 Y46.689
G1 X89.256 Y47.097
G1 X89.076 Y47.523
G1 X88.846 Y47.86
G1 X88.508 Y48.186
G1 X88.163 Y48.405
G1 X87.783 Y48.555
G1 X87.321 Y48.637
G1 X86.958 Y48.631
G1 X86.499 Y48.533
G1 X86.125 Y48.369
G1 X85.787 Y48.139
G1 X85.461 Y47.801
G1 X85.243 Y47.456
G1 X85.092 Y47.076
G1 X85.01 Y46.614
G1 X85.02 Y46.222
G1 X85.098 Y45.843
G1 X85.278 Y45.418
G1 X85.509 Y45.08
G1 X85.847 Y44.754
G1 X86.198 Y44.532
G1 X86.586 Y44.381
G1 X86.991 Y44.307
G1 X87.4 Y44.31
G1 X87.856 Y44.407
G1 X88.23 Y44.571
G1 X88.567 Y44.802
G1 X88.893 Y45.14
G1 X89.112 Y45.484
M118 S"@sync 99"
G1 X89.262 Y45.864
G1 X89.331 Y46.221
G4
M118 S"@pump_pressure 0 0"
G1 X89.448 Y46.319
G4
M118 S"@pump_pressure 0 702"
G1 X89.441 Y46.701
G1 X89.356 Y47.128
G1 X89.271 Y47.359
G1 X89.167 Y47.573
G1 X88.925 Y47.927
G1 X88.758 Y48.107
G1 X88.572 Y48.268
G1 X88.21 Y48.497
G1 X87.812 Y48.655
G1 X87.572 Y48.711
G1 X87.328 Y48.741
G1 X86.947 Y48.734
G1 X86.704 Y48.696
G1 X86.467 Y48.632
G1 X86.074 Y48.46
G1 X85.72 Y48.218
G1 X85.541 Y48.051
G1 X85.379 Y47.865
G1 X85.15 Y47.503
G1 X84.992 Y47.105
G1 X84.937 Y46.865
G1 X84.907 Y46.621
G1 X84.917 Y46.21
G1 X84.999 Y45.812
G1 X85.083 Y45.581
G1 X85.187 Y45.367
G1 X85.429 Y45.013
G1 X85.597 Y44.834
G1 X85.782 Y44.672
G1 X86.151 Y44.439
G1 X86.557 Y44.281
G1 X86.982 Y44.203
G1 X87.411 Y44.207
G1 X87.65 Y44.245
G1 X87.887 Y44.308
G1 X88.28 Y44.48
G1 X88.634 Y44.722
G1 X88.814 Y44.89
G1 X88.975 Y45.075
G1 X89.204 Y45.437
G1 X89.363 Y45.836
G1 X89.435 Y46.213
G4
M118 S"@pump_pressure 0 0"
G1 X89.551 Y46.311
G4
M118 S"@pump_pressure 0 701"
G1 X89.544 Y46.712
G1 X89.455 Y47.159
G1 X89.367 Y47.4
G1 X89.258 Y47.624
G1 X89.005 Y47.994
G1 X88.83 Y48.182
G1 X88.637 Y48.35
G1 X88.257 Y48.59
G1 X87.84 Y48.756
G1 X87.59 Y48.813
G1 X87.336 Y48.844
G1 X86.935 Y48.837
G1 X86.683 Y48.797
G1 X86.435 Y48.731
G1 X86.024 Y48.551
G1 X85.653 Y48.298
G1 X85.466 Y48.123
G1 X85.298 Y47.93
G1 X85.057 Y47.55
G1 X84.892 Y47.133
G1 X84.834 Y46.883
G1 X84.803 Y46.629
G1 X84.813 Y46.198
G1 X84.9 Y45.781
G1 X84.987 Y45.54
G1 X85.096 Y45.317
G1 X85.35 Y44.946
G1 X85.524 Y44.759
G1 X85.718 Y44.591
M118 S"@sync 100"
G1 X86.103 Y44.347
G1 X86.528 Y44.181
G1 X86.973 Y44.1
G1 X87.422 Y44.103
G1 X87.672 Y44.143
G1 X87.919 Y44.209
G1 X88.331 Y44.389
G1 X88.701 Y44.643
G1 X88.889 Y44.817
G1 X89.057 Y45.011
G1 X89.297 Y45.39
G1 X89.463 Y45.807
G1 X89.538 Y46.205
G4
M118 S"@pump_pressure 0 0"
G1 X89.655 Y46.303
G4
M118 S"@pump_pressure 0 701"
G1 X89.648 Y46.723
G1 X89.554 Y47.19
G1 X89.463 Y47.44
G1 X89.349 Y47.674
G1 X89.084 Y48.062
G1 X88.902 Y48.256
G1 X88.701 Y48.431
G1 X88.305 Y48.683
G1 X87.868 Y48.856
G1 X87.608 Y48.916
G1 X87.344 Y48.948
G1 X86.924 Y48.941
G1 X86.661 Y48.899
G1 X86.403 Y48.83
G1 X85.973 Y48.642
G1 X85.586 Y48.377
G1 X85.391 Y48.195
G1 X85.216 Y47.994
G1 X84.965 Y47.598
G1 X84.792 Y47.161
G1 X84.732 Y46.901
G1 X84.699 Y46.637
G1 X84.71 Y46.186
G1 X84.8 Y45.75
G1 X84.891 Y45.5
G1 X85.005 Y45.266
G1 X85.27 Y44.879
G1 X85.452 Y44.684
G1 X85.653 Y44.509
G1 X86.055 Y44.254
G1 X86.499 Y44.081
G1 X86.963 Y43.996
G1 X87.433 Y44
G1 X87.694 Y44.041
G1 X87.951 Y44.11
G1 X88.381 Y44.298
G1 X88.769 Y44.563
G1 X88.963 Y44.745
G1 X89.138 Y44.946
G1 X89.39 Y45.343
G1 X89.563 Y45.779
G1 X89.642 Y46.198
G4
M118 S"@pump_pressure 0 0"
G1 X89.759 Y46.296
G4
M118 S"@pump_pressure 0 701"
G1 X89.751 Y46.735
G1 X89.654 Y47.221
G1 X89.559 Y47.481
G1 X89.44 Y47.724
G1 X89.163 Y48.129
G1 X88.975 Y48.331
G1 X88.765 Y48.513
G1 X88.352 Y48.775
G1 X87.896 Y48.956
G1 X87.626 Y49.018
G1 X87.352 Y49.052
M118 S"@sync 101"
G1 X86.913 Y49.044
G1 X86.639 Y49.001
G1 X86.372 Y48.929
G1 X85.923 Y48.733
G1 X85.519 Y48.456
G1 X85.316 Y48.267
G1 X85.134 Y48.058
G1 X84.872 Y47.645
G1 X84.691 Y47.189
G1 X84.629 Y46.919
G1 X84.595 Y46.645
G1 X84.607 Y46.174
G1 X84.701 Y45.719
G1 X84.796 Y45.459
G1 X84.914 Y45.216
G1 X85.191 Y44.812
G1 X85.38 Y44.609
G1 X85.589 Y44.427
G1 X86.008 Y44.162
G1 X86.47 Y43.981
G1 X86.954 Y43.892
G1 X87.444 Y43.897
G1 X87.715 Y43.939
G1 X87.983 Y44.011
G1 X88.432 Y44.207
G1 X88.836 Y44.484
G1 X89.038 Y44.673
G1 X89.22 Y44.882
G1 X89.482 Y45.295
G1 X89.663 Y45.751
G1 X89.746 Y46.19
G4
M118 S"@pump_pressure 0 0"
G1 X89.863 Y46.288
G4
M118 S"@pump_pressure 0 702"
G1 X89.855 Y46.746
G1 X89.753 Y47.252
G1 X89.655 Y47.522
G1 X89.531 Y47.775
G1 X89.243 Y48.196
G1 X89.047 Y48.406
G1 X88.83 Y48.595
G1 X88.399 Y48.868
G1 X87.925 Y49.056
G1 X87.644 Y49.121
G1 X87.359 Y49.156
G1 X86.901 Y49.148
G1 X86.618 Y49.103
G1 X86.34 Y49.028
G1 X85.872 Y48.824
G1 X85.451 Y48.536
G1 X85.241 Y48.34
G1 X85.053 Y48.123
G1 X84.779 Y47.692
G1 X84.591 Y47.218
G1 X84.527 Y46.937
G1 X84.492 Y46.652
G1 X84.503 Y46.163
G1 X84.601 Y45.689
G1 X84.7 Y45.419
G1 X84.823 Y45.165
G1 X85.112 Y44.744
G1 X85.308 Y44.534
G1 X85.525 Y44.346
G1 X85.96 Y44.069
G1 X86.441 Y43.881
G1 X86.945 Y43.789
M118 S"@sync 102"
G1 X87.456 Y43.793
G1 X87.737 Y43.838
G1 X88.014 Y43.912
G1 X88.482 Y44.116
G1 X88.903 Y44.405
G1 X89.113 Y44.601
G1 X89.302 Y44.818
G1 X89.575 Y45.248
G1 X89.763 Y45.723
G1 X89.85 Y46.182
G4
M118 S"@pump_pressure 0 0"
G1 X89.966 Y46.278
G4
M118 S"@pump_pressure 0 702"
G1 X89.958 Y46.757
G1 X89.911 Y47.057
G1 X89.852 Y47.282
G1 X89.75 Y47.562
G1 X89.622 Y47.825
G1 X89.464 Y48.078
G1 X89.322 Y48.263
G1 X89.119 Y48.481
G1 X88.894 Y48.676
G1 X88.704 Y48.812
G1 X88.446 Y48.961
G1 X88.174 Y49.082
G1 X87.953 Y49.156
G1 X87.663 Y49.223
G1 X87.367 Y49.259
G1 X86.89 Y49.251
G1 X86.596 Y49.204
G1 X86.308 Y49.127
G1 X86.09 Y49.046
G1 X85.822 Y48.915
G1 X85.569 Y48.757
G1 X85.384 Y48.615
G1 X85.166 Y48.412
G1 X84.971 Y48.187
G1 X84.835 Y47.997
G1 X84.686 Y47.739
G1 X84.565 Y47.467
G1 X84.491 Y47.246
G1 X84.424 Y46.956
G1 X84.388 Y46.66
G1 X84.4 Y46.151
G1 X84.502 Y45.658
G1 X84.604 Y45.378
G1 X84.732 Y45.115
G1 X84.89 Y44.862
G1 X85.032 Y44.677
G1 X85.235 Y44.459
G1 X85.46 Y44.264
G1 X85.65 Y44.128
G1 X85.913 Y43.977
G1 X86.125 Y43.88
G1 X86.412 Y43.781
G1 X86.639 Y43.727
G1 X86.936 Y43.685
G1 X87.205 Y43.675
G1 X87.467 Y43.69
G1 X87.758 Y43.736
G1 X88.046 Y43.813
G1 X88.265 Y43.895
G1 X88.532 Y44.025
G1 X88.785 Y44.183
G1 X88.97 Y44.325
G1 X89.188 Y44.528
G1 X89.383 Y44.753
G1 X89.519 Y44.943
G1 X89.668 Y45.201
G1 X89.789 Y45.473
G1 X89.863 Y45.695
G1 X89.953 Y46.172
G4
M118 S"@pump_pressure 0 0"
G1 X90.069 Y46.265
G4
M118 S"@pump_pressure 0 702"
G1 X90.061 Y46.768
G1 X90.013 Y47.078
G1 X89.952 Y47.313
G1 X89.846 Y47.603
G1 X89.713 Y47.876
G1 X89.55 Y48.137
G1 X89.402 Y48.33
G1 X89.191 Y48.556
G1 X88.959 Y48.758
G1 X88.76 Y48.899
G1 X88.494 Y49.054
M118 S"@sync 103"
G1 X88.212 Y49.179
G1 X87.981 Y49.256
G1 X87.681 Y49.326
G1 X87.375 Y49.363
G1 X86.879 Y49.354
G1 X86.574 Y49.306
G1 X86.277 Y49.226
G1 X86.049 Y49.141
G1 X85.772 Y49.006
G1 X85.51 Y48.843
G1 X85.317 Y48.695
G1 X85.091 Y48.484
G1 X84.889 Y48.252
G1 X84.748 Y48.053
G1 X84.594 Y47.787
G1 X84.468 Y47.505
G1 X84.391 Y47.274
G1 X84.322 Y46.974
G1 X84.284 Y46.668
G1 X84.297 Y46.139
G1 X84.403 Y45.627
G1 X84.508 Y45.337
G1 X84.641 Y45.064
G1 X84.805 Y44.803
G1 X84.953 Y44.61
G1 X85.163 Y44.384
G1 X85.396 Y44.182
G1 X85.594 Y44.041
G1 X85.865 Y43.884
G1 X86.086 Y43.783
G1 X86.383 Y43.681
G1 X86.619 Y43.625
G1 X86.926 Y43.581
G1 X87.206 Y43.571
G1 X87.478 Y43.586
G1 X87.78 Y43.634
G1 X88.078 Y43.714
G1 X88.306 Y43.799
G1 X88.583 Y43.934
G1 X88.844 Y44.098
G1 X89.037 Y44.246
G1 X89.263 Y44.456
G1 X89.465 Y44.689
G1 X89.606 Y44.887
G1 X89.761 Y45.154
G1 X89.886 Y45.435
G1 X89.963 Y45.666
G1 X90.056 Y46.16
G4
M118 S"@pump_pressure 0 0"
G1 X90.172 Y46.253
G4
M118 S"@pump_pressure 0 701"
G1 X90.165 Y46.78
G1 X90.114 Y47.099
G1 X90.051 Y47.344
G1 X89.942 Y47.644
G1 X89.804 Y47.926
G1 X89.635 Y48.197
G1 X89.481 Y48.398
G1 X89.264 Y48.631
G1 X89.023 Y48.84
G1 X88.817 Y48.987
G1 X88.541 Y49.146
G1 X88.25 Y49.276
G1 X88.009 Y49.356
G1 X87.699 Y49.428
G1 X87.382 Y49.467
G1 X86.868 Y49.458
G1 X86.553 Y49.408
G1 X86.245 Y49.326
G1 X86.008 Y49.237
G1 X85.721 Y49.097
G1 X85.451 Y48.928
G1 X85.25 Y48.774
G1 X85.017 Y48.557
G1 X84.808 Y48.316
G1 X84.66 Y48.11
G1 X84.501 Y47.834
G1 X84.371 Y47.543
G1 X84.291 Y47.302
G1 X84.219 Y46.992
G1 X84.18 Y46.675
G1 X84.174 Y46.42
G1 X84.193 Y46.127
M118 S"@sync 104"
G1 X84.303 Y45.596
G1 X84.412 Y45.297
G1 X84.55 Y45.014
G1 X84.719 Y44.744
G1 X84.873 Y44.543
G1 X85.091 Y44.31
G1 X85.331 Y44.1
G1 X85.538 Y43.953
G1 X85.817 Y43.792
G1 X86.048 Y43.687
G1 X86.353 Y43.582
G1 X86.6 Y43.522
G1 X86.917 Y43.478
G1 X87.206 Y43.467
G1 X87.489 Y43.483
G1 X87.802 Y43.532
G1 X88.109 Y43.615
G1 X88.347 Y43.703
G1 X88.633 Y43.843
G1 X88.904 Y44.012
G1 X89.105 Y44.166
G1 X89.338 Y44.384
G1 X89.547 Y44.624
G1 X89.694 Y44.831
G1 X89.853 Y45.107
G1 X89.983 Y45.398
G1 X90.063 Y45.638
G1 X90.135 Y45.949
G1 X90.159 Y46.147
G4
M118 S"@pump_pressure 0 0"
G1 X90.276 Y46.24
G4
M118 S"@pump_pressure 0 704"
G1 X90.285 Y46.524
G1 X90.268 Y46.791
G1 X90.216 Y47.12
G1 X90.15 Y47.375
G1 X90.038 Y47.684
G1 X89.895 Y47.977
G1 X89.721 Y48.256
G1 X89.56 Y48.465
G1 X89.336 Y48.705
G1 X89.087 Y48.921
G1 X88.873 Y49.074
G1 X88.588 Y49.239
G1 X88.287 Y49.373
G1 X88.038 Y49.456
G1 X87.717 Y49.53
G1 X87.39 Y49.571
G1 X86.856 Y49.561
G1 X86.531 Y49.51
G1 X86.213 Y49.425
G1 X85.966 Y49.332
G1 X85.671 Y49.188
G1 X85.391 Y49.014
G1 X85.183 Y48.853
G1 X84.942 Y48.629
G1 X84.726 Y48.38
G1 X84.573 Y48.166
G1 X84.408 Y47.881
G1 X84.274 Y47.58
G1 X84.191 Y47.33
G1 X84.117 Y47.01
G1 X84.077 Y46.683
G1 X84.07 Y46.418
G1 X84.09 Y46.115
G1 X84.138 Y45.822
G1 X84.204 Y45.565
G1 X84.317 Y45.256
G1 X84.459 Y44.964
G1 X84.634 Y44.684
G1 X84.794 Y44.475
G1 X85.018 Y44.235
G1 X85.267 Y44.019
G1 X85.481 Y43.866
G1 X85.77 Y43.699
G1 X86.009 Y43.59
G1 X86.324 Y43.482
G1 X86.58 Y43.42
G1 X86.908 Y43.374
G1 X87.207 Y43.363
G1 X87.5 Y43.379
G1 X87.823 Y43.431
G1 X88.141 Y43.516
G1 X88.388 Y43.608
M118 S"@sync 105"
G1 X88.684 Y43.752
G1 X88.963 Y43.927
G1 X89.172 Y44.087
G1 X89.413 Y44.311
G1 X89.629 Y44.56
G1 X89.781 Y44.774
G1 X89.946 Y45.059
G1 X90.08 Y45.36
G1 X90.163 Y45.61
G1 X90.238 Y45.931
G1 X90.263 Y46.134
G4
M118 S"@pump_pressure 0 0"
G1 X90.379 Y46.227
G4
M118 S"@pump_pressure 0 701"
G1 X90.389 Y46.526
G1 X90.372 Y46.802
G1 X90.318 Y47.141
G1 X90.25 Y47.406
G1 X90.133 Y47.725
G1 X89.986 Y48.027
G1 X89.806 Y48.315
G1 X89.64 Y48.532
G1 X89.408 Y48.78
G1 X89.152 Y49.003
G1 X88.929 Y49.162
G1 X88.635 Y49.332
G1 X88.325 Y49.47
G1 X88.066 Y49.557
G1 X87.735 Y49.633
G1 X87.398 Y49.674
G1 X86.845 Y49.665
G1 X86.509 Y49.612
G1 X86.181 Y49.524
G1 X85.925 Y49.428
G1 X85.62 Y49.279
G1 X85.332 Y49.099
G1 X85.115 Y48.933
G1 X84.867 Y48.701
G1 X84.644 Y48.445
G1 X84.485 Y48.222
G1 X84.316 Y47.928
G1 X84.178 Y47.618
G1 X84.091 Y47.359
G1 X84.014 Y47.028
G1 X83.973 Y46.691
G1 X83.966 Y46.416
G1 X83.987 Y46.104
G1 X84.036 Y45.801
G1 X84.105 Y45.534
G1 X84.221 Y45.215
G1 X84.368 Y44.913
G1 X84.548 Y44.625
G1 X84.715 Y44.408
G1 X84.946 Y44.16
G1 X85.203 Y43.937
G1 X85.425 Y43.778
G1 X85.722 Y43.607
G1 X85.971 Y43.494
G1 X86.295 Y43.382
G1 X86.561 Y43.318
G1 X86.899 Y43.271
G1 X87.208 Y43.259
G1 X87.511 Y43.276
G1 X87.845 Y43.329
G1 X88.173 Y43.417
G1 X88.429 Y43.512
G1 X88.734 Y43.661
G1 X89.022 Y43.841
G1 X89.239 Y44.008
G1 X89.487 Y44.239
G1 X89.71 Y44.495
G1 X89.869 Y44.718
G1 X90.039 Y45.012
G1 X90.177 Y45.322
G1 X90.264 Y45.582
G1 X90.34 Y45.912
G1 X90.366 Y46.122
G4
M118 S"@pump_pressure 0 0"
G1 X90.482 Y46.215
G4
M118 S"@pump_pressure 0 702"
G1 X90.493 Y46.528
G1 X90.475 Y46.814
G1 X90.42 Y47.163
G1 X90.349 Y47.437
M118 S"@sync 106"
G1 X90.229 Y47.766
G1 X90.077 Y48.078
G1 X89.892 Y48.374
G1 X89.719 Y48.599
G1 X89.48 Y48.855
G1 X89.216 Y49.085
G1 X88.986 Y49.249
G1 X88.682 Y49.424
G1 X88.363 Y49.567
G1 X88.094 Y49.657
G1 X87.753 Y49.735
G1 X87.406 Y49.778
G1 X86.834 Y49.768
G1 X86.488 Y49.713
G1 X86.15 Y49.623
G1 X85.884 Y49.524
G1 X85.57 Y49.37
G1 X85.273 Y49.185
G1 X85.048 Y49.012
G1 X84.792 Y48.773
G1 X84.562 Y48.509
G1 X84.398 Y48.278
G1 X84.223 Y47.975
G1 X84.081 Y47.656
G1 X83.991 Y47.387
G1 X83.912 Y47.046
G1 X83.869 Y46.698
G1 X83.862 Y46.414
G1 X83.883 Y46.092
G1 X83.934 Y45.779
G1 X84.005 Y45.504
G1 X84.125 Y45.175
G1 X84.277 Y44.863
G1 X84.463 Y44.566
G1 X84.635 Y44.341
G1 X84.874 Y44.085
G1 X85.138 Y43.855
G1 X85.369 Y43.691
G1 X85.674 Y43.514
G1 X85.932 Y43.397
G1 X86.266 Y43.282
G1 X86.542 Y43.216
G1 X86.889 Y43.167
G1 X87.209 Y43.155
G1 X87.522 Y43.172
G1 X87.867 Y43.227
G1 X88.205 Y43.318
G1 X88.47 Y43.417
G1 X88.785 Y43.57
G1 X89.081 Y43.756
G1 X89.306 Y43.928
G1 X89.562 Y44.167
G1 X89.792 Y44.431
G1 X89.956 Y44.662
G1 X90.131 Y44.965
G1 X90.274 Y45.285
G1 X90.364 Y45.553
G1 X90.442 Y45.894
G1 X90.469 Y46.109
G4
M118 S"@pump_pressure 0 0"
G1 X90.585 Y46.202
G4
M118 S"@pump_pressure 0 701"
G1 X90.597 Y46.53
G1 X90.579 Y46.825
G1 X90.522 Y47.184
G1 X90.448 Y47.468
G1 X90.325 Y47.806
G1 X90.168 Y48.128
G1 X89.977 Y48.434
G1 X89.799 Y48.666
G1 X89.553 Y48.93
G1 X89.281 Y49.167
G1 X89.042 Y49.337
G1 X88.73 Y49.517
G1 X88.4 Y49.664
G1 X88.122 Y49.757
G1 X87.771 Y49.838
G1 X87.413 Y49.882
M118 S"@sync 107"
G1 X87.117 Y49.89
G1 X86.822 Y49.871
G1 X86.466 Y49.815
G1 X86.118 Y49.722
G1 X85.843 Y49.619
G1 X85.519 Y49.461
G1 X85.214 Y49.27
G1 X84.981 Y49.091
G1 X84.717 Y48.846
G1 X84.481 Y48.574
G1 X84.31 Y48.335
G1 X84.13 Y48.023
G1 X83.984 Y47.693
G1 X83.891 Y47.415
G1 X83.809 Y47.064
G1 X83.766 Y46.706
G1 X83.758 Y46.412
G1 X83.78 Y46.08
G1 X83.832 Y45.758
G1 X83.906 Y45.473
G1 X84.029 Y45.134
G1 X84.186 Y44.812
G1 X84.377 Y44.507
G1 X84.556 Y44.274
G1 X84.802 Y44.01
G1 X85.074 Y43.774
G1 X85.313 Y43.603
G1 X85.627 Y43.422
G1 X85.894 Y43.3
G1 X86.237 Y43.182
G1 X86.522 Y43.114
G1 X86.88 Y43.063
G1 X87.21 Y43.051
G1 X87.533 Y43.069
G1 X87.888 Y43.125
G1 X88.236 Y43.218
G1 X88.511 Y43.321
G1 X88.835 Y43.479
G1 X89.141 Y43.67
G1 X89.373 Y43.849
G1 X89.637 Y44.095
G1 X89.874 Y44.367
G1 X90.044 Y44.605
G1 X90.224 Y44.918
G1 X90.371 Y45.247
G1 X90.464 Y45.525
G1 X90.545 Y45.876
G1 X90.572 Y46.096
G4
M118 S"@pump_pressure 0 0"
G1 X90.688 Y46.189
G4
M118 S"@pump_pressure 0 701"
G1 X90.701 Y46.532
G1 X90.682 Y46.836
G1 X90.624 Y47.205
G1 X90.548 Y47.498
G1 X90.421 Y47.847
G1 X90.259 Y48.178
G1 X90.063 Y48.493
G1 X89.878 Y48.734
G1 X89.625 Y49.005
G1 X89.345 Y49.248
G1 X89.098 Y49.424
G1 X88.777 Y49.61
G1 X88.438 Y49.761
G1 X88.15 Y49.857
G1 X87.789 Y49.94
G1 X87.421 Y49.986
G1 X87.116 Y49.994
G1 X86.811 Y49.975
G1 X86.445 Y49.917
G1 X86.086 Y49.821
G1 X85.802 Y49.715
G1 X85.469 Y49.552
G1 X85.154 Y49.356
G1 X84.914 Y49.171
G1 X84.642 Y48.918
G1 X84.399 Y48.638
M118 S"@sync 108"
G1 X84.223 Y48.391
G1 X84.038 Y48.07
G1 X83.887 Y47.731
G1 X83.79 Y47.443
G1 X83.707 Y47.082
G1 X83.662 Y46.714
G1 X83.654 Y46.41
G1 X83.677 Y46.068
G1 X83.731 Y45.736
G1 X83.807 Y45.442
G1 X83.934 Y45.093
G1 X84.095 Y44.762
G1 X84.292 Y44.447
G1 X84.476 Y44.207
G1 X84.729 Y43.935
G1 X85.009 Y43.692
G1 X85.256 Y43.516
G1 X85.579 Y43.329
G1 X85.855 Y43.204
G1 X86.208 Y43.082
G1 X86.503 Y43.011
G1 X86.871 Y42.96
G1 X87.211 Y42.947
G1 X87.544 Y42.966
G1 X87.91 Y43.023
G1 X88.268 Y43.119
G1 X88.552 Y43.226
G1 X88.886 Y43.388
G1 X89.2 Y43.585
G1 X89.441 Y43.769
G1 X89.712 Y44.022
G1 X89.955 Y44.302
G1 X90.131 Y44.549
G1 X90.317 Y44.87
G1 X90.468 Y45.209
G1 X90.564 Y45.497
G1 X90.647 Y45.858
G1 X90.675 Y46.084
G4
M118 S"@pump_pressure 0 0"
G1 X90.791 Y46.177
G4
M118 S"@pump_pressure 0 704"
G1 X90.805 Y46.533
G1 X90.785 Y46.848
G1 X90.725 Y47.226
G1 X90.647 Y47.529
G1 X90.517 Y47.888
G1 X90.35 Y48.229
G1 X90.148 Y48.552
G1 X89.957 Y48.801
G1 X89.697 Y49.08
G1 X89.409 Y49.33
G1 X89.154 Y49.512
G1 X88.824 Y49.702
G1 X88.476 Y49.858
G1 X88.179 Y49.957
G1 X87.807 Y50.043
G1 X87.429 Y50.089
G1 X87.114 Y50.098
G1 X86.8 Y50.078
G1 X86.423 Y50.019
G1 X86.055 Y49.92
G1 X85.761 Y49.81
G1 X85.418 Y49.643
G1 X85.095 Y49.441
G1 X84.846 Y49.25
G1 X84.568 Y48.99
G1 X84.317 Y48.702
G1 X84.135 Y48.447
G1 X83.945 Y48.117
G1 X83.79 Y47.769
G1 X83.69 Y47.472
G1 X83.605 Y47.1
G1 X83.558 Y46.722
G1 X83.55 Y46.408
M118 S"@sync 109"
G1 X83.573 Y46.056
G1 X83.629 Y45.715
G1 X83.707 Y45.411
G1 X83.838 Y45.053
G1 X84.004 Y44.711
G1 X84.206 Y44.388
G1 X84.397 Y44.139
G1 X84.657 Y43.861
G1 X84.945 Y43.61
G1 X85.2 Y43.428
G1 X85.532 Y43.237
G1 X85.817 Y43.107
G1 X86.179 Y42.982
G1 X86.483 Y42.909
G1 X86.862 Y42.856
G1 X87.212 Y42.843
G1 X87.556 Y42.862
G1 X87.931 Y42.922
G1 X88.3 Y43.02
G1 X88.593 Y43.13
G1 X88.936 Y43.297
G1 X89.259 Y43.499
G1 X89.508 Y43.69
G1 X89.787 Y43.95
G1 X90.037 Y44.238
G1 X90.219 Y44.493
G1 X90.41 Y44.823
G1 X90.565 Y45.172
G1 X90.664 Y45.469
G1 X90.75 Y45.84
G1 X90.778 Y46.071
G4
M118 S"@pump_pressure 0 0"
G1 X90.894 Y46.164
G4
M118 S"@pump_pressure 0 703"
G1 X90.909 Y46.535
G1 X90.889 Y46.859
G1 X90.827 Y47.247
G1 X90.746 Y47.56
G1 X90.612 Y47.928
G1 X90.441 Y48.279
G1 X90.234 Y48.612
G1 X90.037 Y48.868
G1 X89.77 Y49.155
G1 X89.474 Y49.412
G1 X89.211 Y49.599
G1 X88.871 Y49.795
G1 X88.513 Y49.955
G1 X88.207 Y50.057
G1 X87.825 Y50.145
G1 X87.436 Y50.193
G1 X87.112 Y50.202
G1 X86.788 Y50.182
G1 X86.401 Y50.12
G1 X86.023 Y50.019
G1 X85.72 Y49.906
G1 X85.368 Y49.734
G1 X85.036 Y49.526
G1 X84.779 Y49.33
G1 X84.493 Y49.062
G1 X84.236 Y48.767
G1 X84.048 Y48.504
G1 X83.852 Y48.164
G1 X83.693 Y47.806
G1 X83.59 Y47.5
G1 X83.502 Y47.118
G1 X83.454 Y46.729
G1 X83.446 Y46.406
G1 X83.47 Y46.044
G1 X83.527 Y45.694
G1 X83.608 Y45.38
G1 X83.742 Y45.012
G1 X83.913 Y44.661
M118 S"@sync 110"
G1 X84.121 Y44.329
G1 X84.318 Y44.072
G1 X84.585 Y43.786
G1 X84.881 Y43.529
G1 X85.144 Y43.341
G1 X85.484 Y43.144
G1 X85.778 Y43.01
G1 X86.15 Y42.882
G1 X86.464 Y42.807
G1 X86.852 Y42.752
G1 X87.213 Y42.739
G1 X87.567 Y42.759
G1 X87.953 Y42.82
G1 X88.332 Y42.921
G1 X88.634 Y43.034
G1 X88.986 Y43.206
G1 X89.319 Y43.414
G1 X89.575 Y43.611
G1 X89.862 Y43.878
G1 X90.119 Y44.173
G1 X90.306 Y44.437
G1 X90.502 Y44.776
G1 X90.662 Y45.134
G1 X90.764 Y45.44
G1 X90.852 Y45.822
G1 X90.881 Y46.058
G4
M118 S"@pump_pressure 0 0"
G1 X90.997 Y46.151
G4
M118 S"@pump_pressure 0 701"
G1 X91.013 Y46.537
G1 X90.992 Y46.87
G1 X90.929 Y47.268
G1 X90.846 Y47.591
G1 X90.708 Y47.969
G1 X90.532 Y48.33
G1 X90.319 Y48.671
G1 X90.116 Y48.935
G1 X89.842 Y49.229
G1 X89.538 Y49.493
G1 X89.267 Y49.687
G1 X88.919 Y49.888
G1 X88.551 Y50.052
G1 X88.235 Y50.157
G1 X87.843 Y50.248
G1 X87.444 Y50.297
G1 X87.11 Y50.305
G1 X86.777 Y50.285
G1 X86.38 Y50.222
G1 X85.991 Y50.118
G1 X85.679 Y50.001
G1 X85.318 Y49.825
G1 X84.976 Y49.612
G1 X84.712 Y49.409
G1 X84.418 Y49.135
G1 X84.154 Y48.831
G1 X83.96 Y48.56
G1 X83.759 Y48.212
G1 X83.596 Y47.844
G1 X83.49 Y47.528
G1 X83.4 Y47.136
G1 X83.351 Y46.737
G1 X83.342 Y46.404
G1 X83.366 Y46.033
G1 X83.425 Y45.672
G1 X83.509 Y45.349
G1 X83.646 Y44.971
G1 X83.822 Y44.611
G1 X84.035 Y44.269
G1 X84.238 Y44.005
G1 X84.513 Y43.711
M118 S"@sync 111"
G1 X84.816 Y43.447
G1 X85.087 Y43.253
G1 X85.436 Y43.052
G1 X85.74 Y42.914
G1 X86.121 Y42.783
G1 X86.445 Y42.705
G1 X86.843 Y42.649
G1 X87.214 Y42.635
G1 X87.578 Y42.655
G1 X87.975 Y42.718
G1 X88.363 Y42.822
G1 X88.675 Y42.939
G1 X89.037 Y43.115
G1 X89.378 Y43.328
G1 X89.642 Y43.531
G1 X89.936 Y43.805
G1 X90.2 Y44.109
G1 X90.394 Y44.38
G1 X90.595 Y44.729
G1 X90.759 Y45.096
G1 X90.864 Y45.412
G1 X90.955 Y45.804
G1 X90.984 Y46.046
G4
M118 S"@pump_pressure 0 0"
G1 X91.101 Y46.139
G4
M118 S"@pump_pressure 0 702"
G1 X91.117 Y46.539
G1 X91.096 Y46.882
G1 X91.031 Y47.29
G1 X90.945 Y47.622
G1 X90.804 Y48.01
G1 X90.623 Y48.38
G1 X90.404 Y48.73
G1 X90.196 Y49.002
G1 X89.914 Y49.304
G1 X89.603 Y49.575
G1 X89.323 Y49.774
G1 X88.966 Y49.981
G1 X88.589 Y50.148
G1 X88.263 Y50.257
G1 X87.861 Y50.35
G1 X87.452 Y50.4
G1 X87.108 Y50.409
G1 X86.766 Y50.389
G1 X86.358 Y50.324
G1 X85.959 Y50.217
G1 X85.638 Y50.097
G1 X85.267 Y49.916
G1 X84.917 Y49.697
G1 X84.645 Y49.488
G1 X84.343 Y49.207
G1 X84.072 Y48.896
G1 X83.873 Y48.616
G1 X83.667 Y48.259
G1 X83.499 Y47.882
G1 X83.39 Y47.556
G1 X83.297 Y47.154
G1 X83.247 Y46.745
G1 X83.238 Y46.402
G1 X83.263 Y46.021
G1 X83.323 Y45.651
G1 X83.409 Y45.318
G1 X83.55 Y44.931
G1 X83.731 Y44.56
G1 X83.95 Y44.21
G1 X84.159 Y43.938
G1 X84.44 Y43.636
G1 X84.752 Y43.365
M118 S"@sync 112"
G1 X85.031 Y43.166
G1 X85.389 Y42.96
G1 X85.701 Y42.817
G1 X86.091 Y42.683
G1 X86.425 Y42.603
G1 X86.834 Y42.545
G1 X87.215 Y42.531
G1 X87.589 Y42.552
G1 X87.996 Y42.616
G1 X88.395 Y42.723
G1 X88.716 Y42.843
G1 X89.087 Y43.024
G1 X89.437 Y43.243
G1 X89.71 Y43.452
G1 X90.011 Y43.733
G1 X90.282 Y44.045
G1 X90.481 Y44.324
G1 X90.688 Y44.681
G1 X90.856 Y45.058
G1 X90.964 Y45.384
G1 X91.057 Y45.786
G1 X91.088 Y46.033
G4
M118 S"@pump_pressure 0 0"
G1 X90.772 Y46.368
G1 X88.207 Y48.095
G1 F306.86
G4
M118 S"@pump_pressure 0 719"
G1 X88.628 Y47.674
G1 X88.825 Y47.384
G1 X88.866 Y47.288
G1 X87.986 Y48.168
G1 X87.741 Y48.265
G1 X88.974 Y47.033
G1 X89.016 Y46.843
G1 X87.553 Y48.307
G1 X87.374 Y48.338
G1 X89.053 Y46.659
G1 X89.056 Y46.509
G1 X87.215 Y48.35
G1 X87.07 Y48.347
M118 S"@sync 113"
G1 X89.058 Y46.359
G1 X89.038 Y46.232
G1 X86.935 Y48.334
G1 X86.813 Y48.309
G1 X89.016 Y46.106
G1 X88.994 Y45.981
G1 X86.692 Y48.283
G1 X86.573 Y48.254
G1 X88.958 Y45.869
G1 X88.916 Y45.764
G1 X86.47 Y48.209
G1 X86.368 Y48.164
G1 X88.874 Y45.658
G1 X88.823 Y45.562
G1 X86.265 Y48.119
G1 X86.177 Y48.06
M118 S"@sync 114"
G1 X88.766 Y45.471
G1 X88.709 Y45.381
G1 X86.09 Y48
G1 X86.002 Y47.94
G1 X88.647 Y45.295
G1 X88.575 Y45.22
G1 X85.924 Y47.87
G1 X85.852 Y47.795
G1 X88.502 Y45.145
G1 X88.43 Y45.07
G1 X85.779 Y47.72
G1 X85.707 Y47.645
M118 S"@sync 115"
G1 X88.352 Y45
G1 X88.265 Y44.94
G1 X85.645 Y47.559
G1 X85.588 Y47.469
G1 X88.177 Y44.88
G1 X88.089 Y44.821
G1 X85.531 Y47.379
G1 X85.48 Y47.282
G1 X87.987 Y44.776
G1 X87.884 Y44.731
G1 X85.438 Y47.177
G1 X85.396 Y47.071
G1 X87.782 Y44.686
G1 X87.663 Y44.657
M118 S"@sync 116"
G1 X85.361 Y46.959
G1 X85.339 Y46.834
G1 X87.541 Y44.632
G1 X87.419 Y44.606
G1 X85.316 Y46.709
G1 X85.296 Y46.581
G1 X87.283 Y44.594
G1 X87.137 Y44.593
G1 X85.3 Y46.43
G1 X85.304 Y46.279
G1 X86.985 Y44.598
G1 X86.805 Y44.63
G1 X85.336 Y46.099
G1 X85.38 Y45.907
G1 X86.611 Y44.677
G1 X86.369 Y44.771
G1 X85.489 Y45.652
G1 X85.529 Y45.556
G1 X85.727 Y45.266
G1 X86.146 Y44.846
G92 E0
G4
M118 S"@pump_pressure 0 0"
G1 Z.525 F300
M118 S"@pic"
M118 S"@sync 117"
G1 X89.137 Y46.342
G4
M118 S"@pump_pressure 0 700"
G1 X89.131 Y46.667
G1 X89.057 Y47.036
G1 X88.894 Y47.422
G1 X88.687 Y47.725
G1 X88.379 Y48.023
G1 X88.068 Y48.219
G1 X87.727 Y48.355
G1 X87.305 Y48.429
G1 X86.981 Y48.424
G1 X86.562 Y48.335
G1 X86.226 Y48.187
G1 X85.922 Y47.98
G1 X85.624 Y47.672
G1 X85.428 Y47.361
G1 X85.292 Y47.02
G1 X85.219 Y46.616
G1 X85.227 Y46.24
G1 X85.297 Y45.905
G1 X85.46 Y45.518
G1 X85.667 Y45.215
G1 X85.961 Y44.929
G1 X86.294 Y44.717
G1 X86.645 Y44.58
G1 X87.009 Y44.514
G1 X87.377 Y44.517
G1 X87.792 Y44.605
G1 X88.129 Y44.753
G1 X88.432 Y44.96
G1 X88.73 Y45.268
G1 X88.926 Y45.579
G1 X89.062 Y45.92
G1 X89.124 Y46.236
G4
M118 S"@pump_pressure 0 0"
G1 X89.24 Y46.334
G4
M118 S"@pump_pressure 0 701"
G1 X89.234 Y46.678
G1 X89.157 Y47.067
G1 X88.985 Y47.472
G1 X88.766 Y47.793
G1 X88.443 Y48.105
G1 X88.116 Y48.312
G1 X87.755 Y48.455
G1 X87.313 Y48.533
G1 X86.969 Y48.527
G1 X86.53 Y48.434
G1 X86.175 Y48.278
G1 X85.855 Y48.059
G1 X85.543 Y47.736
G1 X85.335 Y47.409
G1 X85.192 Y47.048
G1 X85.116 Y46.624
G1 X85.124 Y46.228
G1 X85.198 Y45.874
G1 X85.369 Y45.468
G1 X85.588 Y45.148
G1 X85.896 Y44.847
G1 X86.246 Y44.624
G1 X86.615 Y44.48
G1 X87 Y44.411
G1 X87.388 Y44.414
G1 X87.824 Y44.506
G1 X88.179 Y44.662
G1 X88.5 Y44.881
G1 X88.812 Y45.204
G1 X89.019 Y45.532
G1 X89.162 Y45.892
M118 S"@sync 118"
G1 X89.227 Y46.229
G4
M118 S"@pump_pressure 0 0"
G1 X89.344 Y46.327
G4
M118 S"@pump_pressure 0 703"
G1 X89.338 Y46.689
G1 X89.256 Y47.097
G1 X89.076 Y47.523
G1 X88.846 Y47.86
G1 X88.508 Y48.186
G1 X88.163 Y48.405
G1 X87.783 Y48.555
G1 X87.321 Y48.637
G1 X86.958 Y48.631
G1 X86.499 Y48.533
G1 X86.125 Y48.369
G1 X85.787 Y48.139
G1 X85.461 Y47.801
G1 X85.243 Y47.456
G1 X85.092 Y47.076
G1 X85.012 Y46.632
G1 X85.021 Y46.216
G1 X85.098 Y45.843
G1 X85.278 Y45.418
G1 X85.509 Y45.08
G1 X85.832 Y44.766
G1 X86.198 Y44.532
G1 X86.586 Y44.381
G1 X86.99 Y44.307
G1 X87.399 Y44.31
G1 X87.856 Y44.407
G1 X88.23 Y44.571
G1 X88.567 Y44.802
G1 X88.893 Y45.14
G1 X89.112 Y45.484
G1 X89.262 Y45.864
G1 X89.331 Y46.221
G4
M118 S"@pump_pressure 0 0"
G1 X89.448 Y46.319
G4
M118 S"@pump_pressure 0 702"
G1 X89.441 Y46.701
G1 X89.355 Y47.128
G1 X89.271 Y47.359
G1 X89.167 Y47.573
G1 X88.925 Y47.927
G1 X88.758 Y48.107
G1 X88.572 Y48.268
G1 X88.21 Y48.497
G1 X87.812 Y48.655
G1 X87.572 Y48.711
G1 X87.329 Y48.741
G1 X86.947 Y48.734
G1 X86.704 Y48.696
G1 X86.467 Y48.632
G1 X86.074 Y48.46
G1 X85.72 Y48.218
G1 X85.541 Y48.051
G1 X85.379 Y47.865
G1 X85.15 Y47.503
G1 X84.992 Y47.105
G1 X84.908 Y46.641
G1 X84.917 Y46.204
G1 X84.999 Y45.812
G1 X85.083 Y45.581
G1 X85.187 Y45.367
G1 X85.429 Y45.013
G1 X85.767 Y44.684
G1 X86.151 Y44.439
G1 X86.557 Y44.281
G1 X86.981 Y44.203
M118 S"@sync 119"
G1 X87.411 Y44.207
G1 X87.65 Y44.245
G1 X87.887 Y44.308
G1 X88.28 Y44.48
G1 X88.634 Y44.722
G1 X88.814 Y44.89
G1 X88.975 Y45.075
G1 X89.204 Y45.437
G1 X89.363 Y45.836
G1 X89.435 Y46.213
G4
M118 S"@pump_pressure 0 0"
G1 X89.551 Y46.311
G4
M118 S"@pump_pressure 0 701"
G1 X89.544 Y46.712
G1 X89.455 Y47.159
G1 X89.367 Y47.4
G1 X89.258 Y47.624
G1 X89.005 Y47.994
G1 X88.83 Y48.182
G1 X88.637 Y48.35
G1 X88.257 Y48.59
G1 X87.84 Y48.756
G1 X87.59 Y48.813
G1 X87.336 Y48.844
G1 X86.935 Y48.837
G1 X86.683 Y48.797
G1 X86.435 Y48.731
G1 X86.024 Y48.551
G1 X85.653 Y48.298
G1 X85.466 Y48.123
G1 X85.298 Y47.93
G1 X85.057 Y47.55
G1 X84.892 Y47.133
G1 X84.834 Y46.881
G1 X84.804 Y46.649
G1 X84.814 Y46.192
G1 X84.9 Y45.781
G1 X84.987 Y45.541
G1 X85.096 Y45.317
G1 X85.35 Y44.946
G1 X85.526 Y44.757
G1 X85.702 Y44.603
G1 X86.103 Y44.347
G1 X86.528 Y44.181
G1 X86.972 Y44.1
G1 X87.422 Y44.103
G1 X87.672 Y44.143
G1 X87.919 Y44.209
G1 X88.331 Y44.389
G1 X88.701 Y44.643
G1 X88.889 Y44.817
G1 X89.057 Y45.011
G1 X89.297 Y45.39
G1 X89.463 Y45.807
G1 X89.538 Y46.205
G4
M118 S"@pump_pressure 0 0"
G1 X89.655 Y46.303
G4
M118 S"@pump_pressure 0 701"
G1 X89.648 Y46.723
G1 X89.554 Y47.19
G1 X89.463 Y47.44
G1 X89.349 Y47.674
G1 X89.084 Y48.062
G1 X88.902 Y48.256
G1 X88.701 Y48.431
G1 X88.305 Y48.683
G1 X87.868 Y48.856
G1 X87.608 Y48.916
G1 X87.344 Y48.948
G1 X86.924 Y48.941
G1 X86.661 Y48.899
G1 X86.403 Y48.83
G1 X85.973 Y48.642
G1 X85.586 Y48.377
G1 X85.391 Y48.195
G1 X85.216 Y47.994
M118 S"@sync 120"
G1 X84.965 Y47.598
G1 X84.792 Y47.161
G1 X84.731 Y46.899
G1 X84.701 Y46.657
G1 X84.711 Y46.181
G1 X84.8 Y45.75
G1 X84.891 Y45.5
G1 X85.005 Y45.266
G1 X85.27 Y44.879
G1 X85.454 Y44.682
G1 X85.638 Y44.521
G1 X86.055 Y44.254
G1 X86.499 Y44.081
G1 X86.963 Y43.996
G1 X87.433 Y44
G1 X87.693 Y44.041
G1 X87.951 Y44.11
G1 X88.381 Y44.298
G1 X88.769 Y44.563
G1 X88.963 Y44.745
G1 X89.138 Y44.946
G1 X89.39 Y45.343
G1 X89.563 Y45.779
G1 X89.642 Y46.198
G4
M118 S"@pump_pressure 0 0"
G1 X89.759 Y46.296
G4
M118 S"@pump_pressure 0 701"
G1 X89.751 Y46.735
G1 X89.654 Y47.221
G1 X89.559 Y47.481
G1 X89.44 Y47.724
G1 X89.163 Y48.129
G1 X88.975 Y48.331
G1 X88.765 Y48.513
G1 X88.352 Y48.775
G1 X87.896 Y48.956
G1 X87.626 Y49.018
G1 X87.352 Y49.052
G1 X86.913 Y49.044
G1 X86.639 Y49.001
G1 X86.372 Y48.929
G1 X85.923 Y48.733
G1 X85.519 Y48.456
G1 X85.316 Y48.267
G1 X85.134 Y48.058
G1 X84.872 Y47.645
G1 X84.691 Y47.189
G1 X84.629 Y46.918
G1 X84.597 Y46.665
G1 X84.607 Y46.169
G1 X84.701 Y45.719
G1 X84.796 Y45.459
G1 X84.914 Y45.216
G1 X85.191 Y44.812
G1 X85.381 Y44.608
G1 X85.573 Y44.44
G1 X85.765 Y44.302
G1 X86.008 Y44.162
G1 X86.47 Y43.981
G1 X86.954 Y43.892
G1 X87.444 Y43.896
G1 X87.715 Y43.939
G1 X87.983 Y44.011
G1 X88.432 Y44.207
G1 X88.836 Y44.484
G1 X89.038 Y44.673
G1 X89.22 Y44.882
G1 X89.483 Y45.296
G1 X89.663 Y45.751
M118 S"@sync 121"
G1 X89.746 Y46.19
G4
M118 S"@pump_pressure 0 0"
G1 X89.863 Y46.288
G4
M118 S"@pump_pressure 0 702"
G1 X89.855 Y46.746
G1 X89.753 Y47.252
G1 X89.655 Y47.522
G1 X89.531 Y47.775
G1 X89.243 Y48.196
G1 X89.047 Y48.406
G1 X88.83 Y48.595
G1 X88.399 Y48.868
G1 X87.925 Y49.056
G1 X87.644 Y49.121
G1 X87.359 Y49.156
G1 X86.901 Y49.148
G1 X86.618 Y49.103
G1 X86.34 Y49.028
G1 X85.872 Y48.824
G1 X85.451 Y48.536
G1 X85.241 Y48.34
G1 X85.053 Y48.123
G1 X84.779 Y47.692
G1 X84.591 Y47.218
G1 X84.526 Y46.936
G1 X84.493 Y46.673
G1 X84.504 Y46.157
G1 X84.601 Y45.689
G1 X84.7 Y45.419
G1 X84.823 Y45.165
G1 X85.112 Y44.744
G1 X85.309 Y44.533
G1 X85.509 Y44.358
G1 X85.708 Y44.215
G1 X85.96 Y44.069
G1 X86.441 Y43.881
G1 X86.944 Y43.789
G1 X87.455 Y43.793
G1 X87.737 Y43.838
G1 X88.014 Y43.912
G1 X88.482 Y44.116
G1 X88.903 Y44.405
G1 X89.113 Y44.601
G1 X89.302 Y44.818
G1 X89.575 Y45.248
G1 X89.763 Y45.723
G1 X89.85 Y46.182
G4
M118 S"@pump_pressure 0 0"
G1 X89.966 Y46.28
G4
M118 S"@pump_pressure 0 702"
G1 X89.958 Y46.757
G1 X89.911 Y47.057
G1 X89.852 Y47.283
G1 X89.75 Y47.562
G1 X89.622 Y47.825
G1 X89.464 Y48.078
G1 X89.322 Y48.263
G1 X89.119 Y48.481
G1 X88.894 Y48.676
G1 X88.704 Y48.812
G1 X88.446 Y48.961
G1 X88.174 Y49.082
G1 X87.953 Y49.156
G1 X87.663 Y49.223
G1 X87.367 Y49.259
G1 X86.89 Y49.251
G1 X86.596 Y49.204
G1 X86.308 Y49.127
G1 X86.09 Y49.046
G1 X85.822 Y48.915
G1 X85.569 Y48.757
G1 X85.384 Y48.615
G1 X85.166 Y48.412
G1 X84.971 Y48.187
G1 X84.835 Y47.997
G1 X84.686 Y47.739
M118 S"@sync 122"
G1 X84.565 Y47.467
G1 X84.491 Y47.246
G1 X84.424 Y46.954
G1 X84.39 Y46.681
G1 X84.382 Y46.423
G1 X84.401 Y46.145
G1 X84.502 Y45.658
G1 X84.604 Y45.378
G1 X84.732 Y45.115
G1 X84.89 Y44.862
G1 X85.032 Y44.677
G1 X85.236 Y44.458
G1 X85.444 Y44.277
G1 X85.652 Y44.127
G1 X85.913 Y43.977
G1 X86.125 Y43.88
G1 X86.412 Y43.781
G1 X86.639 Y43.727
G1 X86.935 Y43.685
G1 X87.21 Y43.675
G1 X87.466 Y43.69
G1 X87.758 Y43.736
G1 X88.046 Y43.813
G1 X88.265 Y43.895
G1 X88.532 Y44.025
G1 X88.785 Y44.183
G1 X88.97 Y44.325
G1 X89.188 Y44.528
G1 X89.383 Y44.753
G1 X89.519 Y44.943
G1 X89.668 Y45.201
G1 X89.789 Y45.473
G1 X89.863 Y45.695
G1 X89.953 Y46.175
G4
M118 S"@pump_pressure 0 0"
G1 X90.07 Y46.273
G4
M118 S"@pump_pressure 0 703"
G1 X90.061 Y46.768
G1 X90.013 Y47.078
G1 X89.952 Y47.313
G1 X89.846 Y47.603
G1 X89.713 Y47.876
G1 X89.55 Y48.137
G1 X89.402 Y48.33
G1 X89.191 Y48.556
G1 X88.959 Y48.758
G1 X88.761 Y48.899
G1 X88.493 Y49.054
G1 X88.212 Y49.179
G1 X87.981 Y49.256
G1 X87.681 Y49.326
G1 X87.375 Y49.363
G1 X86.879 Y49.354
G1 X86.574 Y49.306
G1 X86.277 Y49.226
G1 X86.049 Y49.141
G1 X85.772 Y49.006
G1 X85.51 Y48.843
G1 X85.317 Y48.695
G1 X85.092 Y48.484
G1 X84.889 Y48.252
G1 X84.748 Y48.054
G1 X84.594 Y47.786
G1 X84.468 Y47.505
G1 X84.391 Y47.274
G1 X84.321 Y46.972
G1 X84.286 Y46.689
G1 X84.278 Y46.421
G1 X84.297 Y46.133
G1 X84.403 Y45.627
G1 X84.508 Y45.337
G1 X84.641 Y45.064
G1 X84.805 Y44.803
G1 X84.953 Y44.61
G1 X85.164 Y44.383
G1 X85.379 Y44.195
G1 X85.596 Y44.04
G1 X85.865 Y43.884
G1 X86.086 Y43.783
G1 X86.383 Y43.681
G1 X86.619 Y43.625
G1 X86.926 Y43.582
G1 X87.211 Y43.571
G1 X87.477 Y43.586
G1 X87.78 Y43.634
G1 X88.078 Y43.714
G1 X88.306 Y43.799
M118 S"@sync 123"
G1 X88.583 Y43.934
G1 X88.844 Y44.098
G1 X89.037 Y44.246
G1 X89.263 Y44.456
G1 X89.465 Y44.689
G1 X89.606 Y44.887
G1 X89.761 Y45.154
G1 X89.886 Y45.435
G1 X89.963 Y45.666
G1 X90.033 Y45.967
G1 X90.057 Y46.167
G4
M118 S"@pump_pressure 0 0"
G1 X90.174 Y46.265
G4
M118 S"@pump_pressure 0 702"
G1 X90.165 Y46.78
G1 X90.114 Y47.099
G1 X90.051 Y47.344
G1 X89.942 Y47.644
G1 X89.804 Y47.926
G1 X89.635 Y48.197
G1 X89.481 Y48.398
G1 X89.264 Y48.631
G1 X89.023 Y48.84
G1 X88.817 Y48.987
G1 X88.541 Y49.146
G1 X88.25 Y49.276
G1 X88.009 Y49.356
G1 X87.699 Y49.428
G1 X87.382 Y49.467
G1 X86.868 Y49.458
G1 X86.553 Y49.408
G1 X86.245 Y49.326
G1 X86.007 Y49.237
G1 X85.721 Y49.097
G1 X85.451 Y48.928
G1 X85.25 Y48.774
G1 X85.017 Y48.557
G1 X84.808 Y48.316
G1 X84.66 Y48.11
G1 X84.501 Y47.834
G1 X84.371 Y47.543
G1 X84.291 Y47.302
G1 X84.219 Y46.99
G1 X84.182 Y46.697
G1 X84.174 Y46.419
G1 X84.194 Y46.121
G1 X84.303 Y45.596
G1 X84.412 Y45.297
G1 X84.55 Y45.014
G1 X84.719 Y44.744
G1 X84.873 Y44.543
G1 X85.092 Y44.309
G1 X85.315 Y44.114
G1 X85.539 Y43.953
G1 X85.817 Y43.792
G1 X86.048 Y43.687
G1 X86.353 Y43.582
G1 X86.6 Y43.522
G1 X86.917 Y43.478
G1 X87.212 Y43.467
G1 X87.489 Y43.483
G1 X87.802 Y43.532
G1 X88.11 Y43.615
G1 X88.347 Y43.703
G1 X88.633 Y43.843
G1 X88.904 Y44.012
G1 X89.105 Y44.166
G1 X89.338 Y44.384
G1 X89.547 Y44.624
G1 X89.694 Y44.83
G1 X89.853 Y45.107
G1 X89.983 Y45.398
G1 X90.063 Y45.638
G1 X90.135 Y45.949
G1 X90.161 Y46.159
G4
M118 S"@pump_pressure 0 0"
G1 X90.278 Y46.257
G4
M118 S"@pump_pressure 0 702"
G1 X90.268 Y46.791
G1 X90.216 Y47.12
G1 X90.15 Y47.375
G1 X90.038 Y47.684
G1 X89.895 Y47.977
G1 X89.721 Y48.256
G1 X89.56 Y48.465
G1 X89.336 Y48.705
M118 S"@sync 124"
G1 X89.087 Y48.921
G1 X88.873 Y49.074
G1 X88.588 Y49.239
G1 X88.287 Y49.373
G1 X88.038 Y49.456
G1 X87.717 Y49.53
G1 X87.39 Y49.571
G1 X86.856 Y49.561
G1 X86.531 Y49.51
G1 X86.213 Y49.425
G1 X85.966 Y49.332
G1 X85.671 Y49.188
G1 X85.391 Y49.014
G1 X85.183 Y48.853
G1 X84.942 Y48.629
G1 X84.726 Y48.38
G1 X84.573 Y48.166
G1 X84.408 Y47.881
G1 X84.274 Y47.58
G1 X84.191 Y47.33
G1 X84.117 Y47.009
G1 X84.078 Y46.705
G1 X84.07 Y46.417
G1 X84.091 Y46.109
G1 X84.138 Y45.823
G1 X84.204 Y45.565
G1 X84.317 Y45.256
G1 X84.459 Y44.964
G1 X84.634 Y44.684
G1 X84.794 Y44.475
G1 X85.019 Y44.234
G1 X85.25 Y44.032
G1 X85.483 Y43.865
G1 X85.77 Y43.699
G1 X86.009 Y43.59
G1 X86.324 Y43.482
G1 X86.58 Y43.42
G1 X86.908 Y43.374
G1 X87.214 Y43.363
G1 X87.5 Y43.379
G1 X87.823 Y43.43
G1 X88.141 Y43.516
G1 X88.388 Y43.608
G1 X88.684 Y43.752
G1 X88.963 Y43.927
G1 X89.172 Y44.087
G1 X89.413 Y44.311
G1 X89.629 Y44.56
G1 X89.781 Y44.774
G1 X89.946 Y45.059
G1 X90.08 Y45.36
G1 X90.163 Y45.61
G1 X90.238 Y45.931
G1 X90.265 Y46.151
G4
M118 S"@pump_pressure 0 0"
G1 X90.381 Y46.249
G4
M118 S"@pump_pressure 0 702"
G1 X90.372 Y46.802
G1 X90.318 Y47.141
G1 X90.25 Y47.406
G1 X90.133 Y47.725
G1 X89.986 Y48.027
G1 X89.806 Y48.315
G1 X89.64 Y48.532
G1 X89.408 Y48.78
G1 X89.152 Y49.003
G1 X88.929 Y49.162
G1 X88.635 Y49.332
G1 X88.325 Y49.47
G1 X88.066 Y49.557
G1 X87.735 Y49.633
G1 X87.398 Y49.674
G1 X86.845 Y49.665
G1 X86.509 Y49.612
G1 X86.181 Y49.524
G1 X85.925 Y49.428
G1 X85.62 Y49.279
G1 X85.332 Y49.099
G1 X85.115 Y48.933
G1 X84.867 Y48.701
G1 X84.644 Y48.445
M118 S"@sync 125"
G1 X84.485 Y48.222
G1 X84.316 Y47.928
G1 X84.178 Y47.618
G1 X84.091 Y47.359
G1 X84.014 Y47.027
G1 X83.975 Y46.713
G1 X83.966 Y46.415
G1 X83.987 Y46.097
G1 X84.036 Y45.801
G1 X84.105 Y45.534
G1 X84.221 Y45.215
G1 X84.368 Y44.913
G1 X84.548 Y44.625
G1 X84.715 Y44.408
G1 X84.947 Y44.159
G1 X85.185 Y43.951
G1 X85.426 Y43.778
G1 X85.722 Y43.607
G1 X85.971 Y43.494
G1 X86.295 Y43.382
G1 X86.561 Y43.318
G1 X86.898 Y43.271
G1 X87.215 Y43.259
G1 X87.511 Y43.276
G1 X87.845 Y43.329
G1 X88.173 Y43.417
G1 X88.429 Y43.512
G1 X88.734 Y43.661
G1 X89.022 Y43.841
G1 X89.239 Y44.008
G1 X89.487 Y44.239
G1 X89.71 Y44.496
G1 X89.869 Y44.718
G1 X90.039 Y45.012
G1 X90.177 Y45.322
G1 X90.264 Y45.582
G1 X90.34 Y45.912
G1 X90.368 Y46.144
G4
M118 S"@pump_pressure 0 0"
G1 X90.484 Y46.236
G4
M118 S"@pump_pressure 0 702"
G1 X90.493 Y46.528
G1 X90.475 Y46.814
G1 X90.42 Y47.162
G1 X90.349 Y47.437
G1 X90.229 Y47.766
G1 X90.077 Y48.078
G1 X89.892 Y48.374
G1 X89.719 Y48.599
G1 X89.48 Y48.855
G1 X89.216 Y49.085
G1 X88.986 Y49.249
G1 X88.682 Y49.424
G1 X88.363 Y49.567
G1 X88.094 Y49.657
G1 X87.753 Y49.735
G1 X87.406 Y49.778
G1 X86.834 Y49.768
G1 X86.488 Y49.713
G1 X86.15 Y49.623
G1 X85.884 Y49.524
G1 X85.57 Y49.37
G1 X85.273 Y49.185
G1 X85.048 Y49.012
G1 X84.792 Y48.773
G1 X84.562 Y48.509
G1 X84.398 Y48.279
G1 X84.223 Y47.975
G1 X84.081 Y47.656
G1 X83.991 Y47.387
G1 X83.912 Y47.045
G1 X83.871 Y46.721
G1 X83.862 Y46.413
G1 X83.884 Y46.085
G1 X83.934 Y45.78
G1 X84.005 Y45.504
G1 X84.125 Y45.175
G1 X84.277 Y44.863
G1 X84.463 Y44.566
G1 X84.635 Y44.341
M118 S"@sync 126"
G1 X84.875 Y44.084
G1 X85.121 Y43.869
G1 X85.37 Y43.69
G1 X85.674 Y43.514
G1 X85.932 Y43.397
G1 X86.266 Y43.282
G1 X86.542 Y43.216
G1 X86.889 Y43.167
G1 X87.216 Y43.155
G1 X87.522 Y43.172
G1 X87.867 Y43.227
G1 X88.205 Y43.318
G1 X88.47 Y43.417
G1 X88.785 Y43.57
G1 X89.082 Y43.756
G1 X89.306 Y43.928
G1 X89.562 Y44.167
G1 X89.792 Y44.431
G1 X89.956 Y44.662
G1 X90.131 Y44.965
G1 X90.274 Y45.285
G1 X90.364 Y45.553
G1 X90.442 Y45.894
G1 X90.471 Y46.13
G4
M118 S"@pump_pressure 0 0"
G1 X90.588 Y46.224
G4
M118 S"@pump_pressure 0 701"
G1 X90.597 Y46.53
G1 X90.579 Y46.825
G1 X90.522 Y47.184
G1 X90.448 Y47.468
G1 X90.325 Y47.806
G1 X90.168 Y48.128
G1 X89.977 Y48.434
G1 X89.799 Y48.666
G1 X89.553 Y48.93
G1 X89.281 Y49.167
G1 X89.042 Y49.337
G1 X88.73 Y49.517
G1 X88.4 Y49.664
G1 X88.122 Y49.757
G1 X87.771 Y49.838
G1 X87.413 Y49.882
G1 X87.117 Y49.89
G1 X86.822 Y49.871
G1 X86.466 Y49.815
G1 X86.118 Y49.722
G1 X85.843 Y49.619
G1 X85.519 Y49.461
G1 X85.214 Y49.27
G1 X84.981 Y49.092
G1 X84.717 Y48.846
G1 X84.481 Y48.574
G1 X84.31 Y48.335
G1 X84.13 Y48.023
G1 X83.984 Y47.693
G1 X83.891 Y47.415
G1 X83.809 Y47.063
G1 X83.767 Y46.729
G1 X83.758 Y46.411
G1 X83.781 Y46.073
G1 X83.832 Y45.758
G1 X83.906 Y45.473
G1 X84.029 Y45.134
G1 X84.186 Y44.812
G1 X84.377 Y44.507
G1 X84.556 Y44.274
G1 X84.802 Y44.01
G1 X85.056 Y43.788
G1 X85.313 Y43.603
G1 X85.627 Y43.422
G1 X85.894 Y43.3
G1 X86.237 Y43.182
G1 X86.522 Y43.114
G1 X86.88 Y43.063
G1 X87.217 Y43.051
G1 X87.533 Y43.069
G1 X87.888 Y43.125
M118 S"@sync 127"
G1 X88.236 Y43.218
G1 X88.511 Y43.321
G1 X88.835 Y43.479
G1 X89.141 Y43.67
G1 X89.373 Y43.849
G1 X89.637 Y44.095
G1 X89.874 Y44.367
G1 X90.044 Y44.605
G1 X90.224 Y44.918
G1 X90.371 Y45.247
G1 X90.464 Y45.525
G1 X90.545 Y45.876
G1 X90.575 Y46.118
G4
M118 S"@pump_pressure 0 0"
G1 X90.691 Y46.211
G4
M118 S"@pump_pressure 0 701"
G1 X90.701 Y46.532
G1 X90.682 Y46.836
G1 X90.624 Y47.205
G1 X90.548 Y47.498
G1 X90.421 Y47.847
G1 X90.259 Y48.178
G1 X90.063 Y48.493
G1 X89.878 Y48.734
G1 X89.625 Y49.005
G1 X89.345 Y49.248
G1 X89.098 Y49.424
G1 X88.777 Y49.61
G1 X88.438 Y49.761
G1 X88.15 Y49.857
G1 X87.789 Y49.94
G1 X87.421 Y49.986
G1 X87.116 Y49.994
G1 X86.811 Y49.975
G1 X86.445 Y49.917
G1 X86.086 Y49.821
G1 X85.802 Y49.715
G1 X85.469 Y49.552
G1 X85.154 Y49.356
G1 X84.914 Y49.171
G1 X84.642 Y48.918
G1 X84.399 Y48.638
G1 X84.223 Y48.391
G1 X84.038 Y48.07
G1 X83.887 Y47.731
G1 X83.79 Y47.443
G1 X83.707 Y47.081
G1 X83.664 Y46.737
G1 X83.654 Y46.409
G1 X83.677 Y46.061
G1 X83.73 Y45.737
G1 X83.807 Y45.442
G1 X83.934 Y45.093
G1 X84.095 Y44.762
G1 X84.292 Y44.447
G1 X84.476 Y44.207
G1 X84.73 Y43.935
G1 X84.991 Y43.706
G1 X85.257 Y43.516
G1 X85.579 Y43.329
G1 X85.855 Y43.204
G1 X86.208 Y43.082
G1 X86.503 Y43.011
G1 X86.871 Y42.96
G1 X87.218 Y42.947
G1 X87.544 Y42.966
G1 X87.91 Y43.023
G1 X88.268 Y43.119
G1 X88.552 Y43.226
G1 X88.886 Y43.388
G1 X89.2 Y43.585
G1 X89.441 Y43.769
G1 X89.712 Y44.022
G1 X89.955 Y44.302
G1 X90.131 Y44.549
G1 X90.317 Y44.87
M118 S"@sync 128"
G1 X90.468 Y45.209
G1 X90.564 Y45.497
G1 X90.647 Y45.858
G1 X90.678 Y46.105
G4
M118 S"@pump_pressure 0 0"
G1 X90.794 Y46.198
G4
M118 S"@pump_pressure 0 702"
G1 X90.805 Y46.533
G1 X90.785 Y46.848
G1 X90.725 Y47.226
G1 X90.647 Y47.529
G1 X90.517 Y47.888
G1 X90.35 Y48.229
G1 X90.148 Y48.552
G1 X89.957 Y48.801
G1 X89.697 Y49.08
G1 X89.409 Y49.33
G1 X89.154 Y49.512
G1 X88.824 Y49.703
G1 X88.476 Y49.858
G1 X88.179 Y49.957
G1 X87.807 Y50.043
G1 X87.429 Y50.089
G1 X87.114 Y50.098
G1 X86.8 Y50.078
G1 X86.423 Y50.019
G1 X86.055 Y49.92
G1 X85.761 Y49.81
G1 X85.418 Y49.643
G1 X85.095 Y49.441
G1 X84.846 Y49.25
G1 X84.568 Y48.99
G1 X84.317 Y48.702
G1 X84.136 Y48.447
G1 X83.945 Y48.117
G1 X83.79 Y47.769
G1 X83.69 Y47.472
G1 X83.604 Y47.1
G1 X83.56 Y46.745
G1 X83.55 Y46.407
G1 X83.574 Y46.05
G1 X83.629 Y45.715
G1 X83.707 Y45.411
G1 X83.838 Y45.053
G1 X84.004 Y44.711
G1 X84.206 Y44.388
G1 X84.397 Y44.139
G1 X84.657 Y43.86
G1 X84.927 Y43.625
G1 X85.2 Y43.428
G1 X85.532 Y43.237
G1 X85.817 Y43.107
G1 X86.179 Y42.982
G1 X86.483 Y42.909
G1 X86.861 Y42.856
G1 X87.219 Y42.843
G1 X87.555 Y42.862
G1 X87.931 Y42.922
G1 X88.3 Y43.02
G1 X88.593 Y43.13
G1 X88.936 Y43.297
G1 X89.259 Y43.499
G1 X89.508 Y43.69
G1 X89.787 Y43.95
G1 X90.037 Y44.238
G1 X90.219 Y44.493
G1 X90.41 Y44.823
G1 X90.565 Y45.172
G1 X90.664 Y45.469
G1 X90.75 Y45.84
G1 X90.781 Y46.092
G4
M118 S"@pump_pressure 0 0"
G1 X90.897 Y46.186
G4
M118 S"@pump_pressure 0 703"
G1 X90.909 Y46.535
G1 X90.889 Y46.859
M118 S"@sync 129"
G1 X90.827 Y47.247
G1 X90.746 Y47.56
G1 X90.612 Y47.928
G1 X90.441 Y48.279
G1 X90.233 Y48.612
G1 X90.037 Y48.868
G1 X89.77 Y49.155
G1 X89.474 Y49.412
G1 X89.211 Y49.599
G1 X88.871 Y49.795
G1 X88.513 Y49.955
G1 X88.207 Y50.057
G1 X87.825 Y50.145
G1 X87.436 Y50.193
G1 X87.112 Y50.202
G1 X86.788 Y50.182
G1 X86.401 Y50.12
G1 X86.023 Y50.019
G1 X85.72 Y49.906
G1 X85.368 Y49.734
G1 X85.036 Y49.526
G1 X84.779 Y49.33
G1 X84.493 Y49.063
G1 X84.236 Y48.767
G1 X84.048 Y48.504
G1 X83.852 Y48.164
G1 X83.693 Y47.806
G1 X83.59 Y47.5
G1 X83.502 Y47.118
G1 X83.456 Y46.753
G1 X83.446 Y46.405
G1 X83.471 Y46.038
G1 X83.527 Y45.694
G1 X83.608 Y45.38
G1 X83.742 Y45.012
G1 X83.913 Y44.661
G1 X84.121 Y44.329
G1 X84.318 Y44.072
G1 X84.585 Y43.785
G1 X84.862 Y43.543
G1 X85.144 Y43.341
G1 X85.484 Y43.144
G1 X85.778 Y43.01
G1 X86.15 Y42.882
G1 X86.464 Y42.807
G1 X86.852 Y42.752
G1 X87.22 Y42.739
G1 X87.567 Y42.759
G1 X87.953 Y42.82
G1 X88.332 Y42.921
G1 X88.634 Y43.034
G1 X88.986 Y43.206
G1 X89.319 Y43.414
G1 X89.575 Y43.611
G1 X89.862 Y43.878
G1 X90.119 Y44.173
G1 X90.306 Y44.437
G1 X90.502 Y44.776
G1 X90.662 Y45.134
G1 X90.764 Y45.44
G1 X90.852 Y45.822
G1 X90.884 Y46.08
G4
M118 S"@pump_pressure 0 0"
G1 X91 Y46.173
G4
M118 S"@pump_pressure 0 703"
G1 X91.013 Y46.537
G1 X90.992 Y46.87
G1 X90.929 Y47.268
G1 X90.846 Y47.591
G1 X90.708 Y47.969
G1 X90.532 Y48.33
M118 S"@sync 130"
G1 X90.319 Y48.671
G1 X90.116 Y48.935
G1 X89.842 Y49.229
G1 X89.538 Y49.493
G1 X89.267 Y49.687
G1 X88.919 Y49.888
G1 X88.551 Y50.052
G1 X88.235 Y50.157
G1 X87.843 Y50.248
G1 X87.444 Y50.297
G1 X87.11 Y50.305
G1 X86.777 Y50.285
G1 X86.38 Y50.222
G1 X85.991 Y50.118
G1 X85.679 Y50.001
G1 X85.318 Y49.825
G1 X84.976 Y49.612
G1 X84.712 Y49.409
G1 X84.418 Y49.135
G1 X84.154 Y48.831
G1 X83.961 Y48.56
G1 X83.759 Y48.212
G1 X83.596 Y47.844
G1 X83.49 Y47.528
G1 X83.4 Y47.136
G1 X83.352 Y46.761
G1 X83.342 Y46.403
G1 X83.367 Y46.026
G1 X83.425 Y45.672
G1 X83.509 Y45.349
G1 X83.646 Y44.971
G1 X83.822 Y44.61
G1 X84.035 Y44.269
G1 X84.238 Y44.005
G1 X84.513 Y43.711
G1 X84.797 Y43.462
G1 X85.088 Y43.253
G1 X85.436 Y43.052
G1 X85.74 Y42.914
G1 X86.121 Y42.783
G1 X86.445 Y42.705
G1 X86.843 Y42.649
G1 X87.221 Y42.635
G1 X87.578 Y42.655
G1 X87.975 Y42.718
G1 X88.363 Y42.822
G1 X88.675 Y42.939
G1 X89.037 Y43.115
G1 X89.378 Y43.328
G1 X89.642 Y43.531
G1 X89.936 Y43.806
G1 X90.2 Y44.109
G1 X90.394 Y44.38
G1 X90.595 Y44.729
G1 X90.759 Y45.096
G1 X90.864 Y45.412
G1 X90.955 Y45.804
G1 X90.987 Y46.067
G4
M118 S"@pump_pressure 0 0"
G1 X91.103 Y46.16
G4
M118 S"@pump_pressure 0 702"
G1 X91.117 Y46.539
G1 X91.096 Y46.882
G1 X91.031 Y47.29
G1 X90.945 Y47.622
G1 X90.804 Y48.01
G1 X90.623 Y48.38
G1 X90.404 Y48.73
G1 X90.196 Y49.002
M118 S"@sync 131"
G1 X89.914 Y49.304
G1 X89.603 Y49.575
G1 X89.323 Y49.774
G1 X88.966 Y49.981
G1 X88.589 Y50.148
G1 X88.263 Y50.257
G1 X87.861 Y50.35
G1 X87.452 Y50.4
G1 X87.108 Y50.409
G1 X86.766 Y50.389
G1 X86.358 Y50.324
G1 X85.959 Y50.217
G1 X85.638 Y50.097
G1 X85.267 Y49.916
G1 X84.917 Y49.697
G1 X84.645 Y49.488
G1 X84.343 Y49.207
G1 X84.072 Y48.896
G1 X83.873 Y48.616
G1 X83.667 Y48.259
G1 X83.499 Y47.882
G1 X83.39 Y47.556
G1 X83.297 Y47.154
G1 X83.249 Y46.769
G1 X83.238 Y46.401
G1 X83.264 Y46.014
G1 X83.323 Y45.651
G1 X83.409 Y45.318
G1 X83.55 Y44.931
G1 X83.731 Y44.56
G1 X83.95 Y44.21
G1 X84.159 Y43.938
G1 X84.44 Y43.636
G1 X84.733 Y43.38
G1 X85.031 Y43.166
G1 X85.389 Y42.96
G1 X85.701 Y42.817
G1 X86.091 Y42.683
G1 X86.425 Y42.603
G1 X86.834 Y42.545
G1 X87.222 Y42.531
G1 X87.589 Y42.552
G1 X87.996 Y42.616
G1 X88.395 Y42.723
G1 X88.716 Y42.843
G1 X89.087 Y43.024
G1 X89.437 Y43.243
G1 X89.71 Y43.452
G1 X90.011 Y43.733
G1 X90.282 Y44.045
G1 X90.481 Y44.324
G1 X90.688 Y44.681
G1 X90.856 Y45.058
G1 X90.964 Y45.384
G1 X91.057 Y45.786
G1 X91.09 Y46.054
G4
M118 S"@pump_pressure 0 0"
G1 X90.792 Y46.376
G1 X88.802 Y45.44
G1 F306.86
G4
M118 S"@pump_pressure 0 720"
G1 X88.381 Y45.02
M118 S"@sync 132"
G1 X88.091 Y44.822
G1 X87.993 Y44.779
G1 X88.875 Y45.661
G1 X88.973 Y45.906
G1 X87.741 Y44.674
G1 X87.553 Y44.634
G1 X89.014 Y46.095
G1 X89.045 Y46.274
G1 X87.367 Y44.595
G1 X87.218 Y44.594
G1 X89.057 Y46.433
G1 X89.054 Y46.578
G1 X87.069 Y44.593
G1 X86.936 Y44.607
G1 X89.042 Y46.713
G1 X89.018 Y46.836
G1 X86.811 Y44.629
G1 X86.686 Y44.652
G1 X88.993 Y46.959
G1 X88.958 Y47.071
M118 S"@sync 133"
G1 X86.577 Y44.69
G1 X86.471 Y44.731
G1 X88.914 Y47.175
G1 X88.87 Y47.278
G1 X86.365 Y44.773
G1 X86.269 Y44.825
G1 X88.826 Y47.382
G1 X88.767 Y47.47
G1 X86.179 Y44.882
G1 X86.089 Y44.94
G1 X88.707 Y47.558
G1 X88.647 Y47.645
G1 X86.001 Y44.999
G1 X85.926 Y45.072
M118 S"@sync 134"
G1 X88.577 Y47.723
G1 X88.502 Y47.795
G1 X85.851 Y45.144
G1 X85.777 Y45.217
G1 X88.427 Y47.868
G1 X88.352 Y47.94
G1 X85.707 Y45.295
G1 X85.647 Y45.383
G1 X88.266 Y48.002
G1 X88.176 Y48.059
G1 X85.587 Y45.47
G1 X85.528 Y45.558
G1 X88.086 Y48.116
G1 X87.989 Y48.167
M118 S"@sync 135"
G1 X85.484 Y45.662
G1 X85.44 Y45.766
G1 X87.884 Y48.209
G1 X87.778 Y48.251
G1 X85.396 Y45.869
G1 X85.361 Y45.981
G1 X87.666 Y48.287
G1 X87.541 Y48.309
G1 X85.335 Y46.103
G1 X85.31 Y46.225
G1 X87.416 Y48.331
G1 X87.289 Y48.351
G1 X85.303 Y46.365
G1 X85.299 Y46.51
M118 S"@sync 136"
G1 X87.138 Y48.349
G1 X86.988 Y48.346
G1 X85.307 Y46.665
G1 X85.34 Y46.845
G1 X86.801 Y48.306
G1 X86.613 Y48.266
G1 X85.382 Y47.035
G1 X85.479 Y47.28
G1 X86.362 Y48.162
G1 X86.263 Y48.119
G1 X85.973 Y47.92
G1 X85.553 Y47.501
G92 E0
G4
M118 S"@pump_pressure 0 0"
G1 Z.6 F300
M118 S"@pic"
G1 X89.137 Y46.342
G4
M118 S"@pump_pressure 0 700"
G1 X89.131 Y46.667
G1 X89.057 Y47.036
G1 X88.894 Y47.422
G1 X88.687 Y47.725
G1 X88.379 Y48.023
G1 X88.068 Y48.219
G1 X87.727 Y48.355
G1 X87.305 Y48.429
G1 X86.981 Y48.424
G1 X86.562 Y48.335
G1 X86.225 Y48.187
G1 X85.922 Y47.98
G1 X85.624 Y47.672
G1 X85.427 Y47.36
G1 X85.292 Y47.017
G1 X85.218 Y46.598
G1 X85.228 Y46.235
G1 X85.297 Y45.905
G1 X85.46 Y45.518
G1 X85.667 Y45.215
G1 X85.975 Y44.917
G1 X86.282 Y44.723
G1 X86.645 Y44.58
G1 X87.008 Y44.514
G1 X87.376 Y44.517
G1 X87.792 Y44.605
G1 X88.129 Y44.753
G1 X88.433 Y44.96
G1 X88.73 Y45.268
G1 X88.926 Y45.579
G1 X89.062 Y45.92
M118 S"@sync 137"
G1 X89.124 Y46.236
G4
M118 S"@pump_pressure 0 0"
G1 X89.24 Y46.334
G4
M118 S"@pump_pressure 0 701"
G1 X89.234 Y46.678
G1 X89.157 Y47.067
G1 X88.985 Y47.472
G1 X88.766 Y47.793
G1 X88.443 Y48.105
G1 X88.116 Y48.312
G1 X87.755 Y48.455
G1 X87.313 Y48.533
G1 X86.969 Y48.527
G1 X86.53 Y48.434
G1 X86.175 Y48.278
G1 X85.855 Y48.059
G1 X85.543 Y47.736
G1 X85.335 Y47.407
G1 X85.192 Y47.046
G1 X85.114 Y46.606
G1 X85.125 Y46.223
G1 X85.198 Y45.874
G1 X85.369 Y45.468
G1 X85.588 Y45.148
G1 X85.911 Y44.836
G1 X86.234 Y44.63
G1 X86.615 Y44.48
G1 X86.999 Y44.411
G1 X87.387 Y44.413
G1 X87.824 Y44.506
G1 X88.179 Y44.662
G1 X88.5 Y44.881
G1 X88.812 Y45.204
G1 X89.019 Y45.532
G1 X89.162 Y45.892
G1 X89.227 Y46.229
G4
M118 S"@pump_pressure 0 0"
G1 X89.344 Y46.327
G4
M118 S"@pump_pressure 0 703"
G1 X89.338 Y46.689
G1 X89.256 Y47.097
G1 X89.076 Y47.523
G1 X88.846 Y47.86
G1 X88.508 Y48.186
G1 X88.163 Y48.405
G1 X87.783 Y48.555
G1 X87.321 Y48.637
G1 X86.958 Y48.631
G1 X86.499 Y48.533
G1 X86.125 Y48.369
G1 X85.787 Y48.139
G1 X85.461 Y47.801
G1 X85.242 Y47.454
G1 X85.091 Y47.074
G1 X85.01 Y46.614
G1 X85.021 Y46.211
G1 X85.098 Y45.843
G1 X85.278 Y45.418
G1 X85.509 Y45.08
G1 X85.847 Y44.754
G1 X86.187 Y44.538
G1 X86.586 Y44.381
G1 X86.99 Y44.307
G1 X87.398 Y44.31
G1 X87.856 Y44.407
G1 X88.23 Y44.571
M118 S"@sync 138"
G1 X88.567 Y44.802
G1 X88.893 Y45.139
G1 X89.112 Y45.485
G1 X89.262 Y45.864
G1 X89.331 Y46.221
G4
M118 S"@pump_pressure 0 0"
G1 X89.448 Y46.319
G4
M118 S"@pump_pressure 0 702"
G1 X89.441 Y46.701
G1 X89.356 Y47.128
G1 X89.271 Y47.359
G1 X89.167 Y47.573
G1 X88.925 Y47.927
G1 X88.758 Y48.107
G1 X88.572 Y48.268
G1 X88.21 Y48.497
G1 X87.812 Y48.655
G1 X87.572 Y48.711
G1 X87.329 Y48.741
G1 X86.947 Y48.734
G1 X86.704 Y48.696
G1 X86.467 Y48.632
G1 X86.074 Y48.46
G1 X85.72 Y48.218
G1 X85.541 Y48.051
G1 X85.379 Y47.865
G1 X85.149 Y47.502
G1 X84.991 Y47.103
G1 X84.937 Y46.865
G1 X84.907 Y46.621
G1 X84.918 Y46.199
G1 X84.999 Y45.812
G1 X85.083 Y45.581
G1 X85.187 Y45.367
G1 X85.429 Y45.013
G1 X85.597 Y44.834
G1 X85.782 Y44.672
G1 X86.139 Y44.445
G1 X86.557 Y44.281
G1 X86.98 Y44.203
G1 X87.41 Y44.207
G1 X87.65 Y44.245
G1 X87.888 Y44.308
G1 X88.28 Y44.48
G1 X88.634 Y44.722
G1 X88.814 Y44.89
G1 X88.975 Y45.075
G1 X89.204 Y45.437
G1 X89.363 Y45.836
G1 X89.435 Y46.213
G4
M118 S"@pump_pressure 0 0"
G1 X89.551 Y46.311
G4
M118 S"@pump_pressure 0 701"
G1 X89.544 Y46.712
G1 X89.455 Y47.159
G1 X89.367 Y47.4
G1 X89.258 Y47.624
G1 X89.005 Y47.994
G1 X88.83 Y48.182
G1 X88.637 Y48.35
G1 X88.257 Y48.59
G1 X87.84 Y48.756
G1 X87.59 Y48.813
G1 X87.336 Y48.844
G1 X86.935 Y48.837
G1 X86.683 Y48.797
G1 X86.435 Y48.731
G1 X86.024 Y48.551
G1 X85.653 Y48.298
G1 X85.466 Y48.123
G1 X85.298 Y47.93
G1 X85.057 Y47.549
G1 X84.891 Y47.131
G1 X84.834 Y46.883
G1 X84.803 Y46.629
G1 X84.815 Y46.187
G1 X84.9 Y45.781
G1 X84.987 Y45.541
M118 S"@sync 139"
G1 X85.096 Y45.317
G1 X85.35 Y44.946
G1 X85.524 Y44.759
G1 X85.718 Y44.591
G1 X86.091 Y44.353
G1 X86.528 Y44.181
G1 X86.971 Y44.1
G1 X87.421 Y44.103
G1 X87.672 Y44.143
G1 X87.919 Y44.209
G1 X88.331 Y44.389
G1 X88.701 Y44.643
G1 X88.889 Y44.817
G1 X89.057 Y45.011
G1 X89.297 Y45.39
G1 X89.463 Y45.807
G1 X89.538 Y46.205
G4
M118 S"@pump_pressure 0 0"
G1 X89.655 Y46.303
G4
M118 S"@pump_pressure 0 701"
G1 X89.648 Y46.723
G1 X89.554 Y47.19
G1 X89.463 Y47.44
G1 X89.349 Y47.674
G1 X89.084 Y48.062
G1 X88.902 Y48.256
G1 X88.701 Y48.431
G1 X88.305 Y48.683
G1 X87.868 Y48.856
G1 X87.608 Y48.916
G1 X87.344 Y48.948
G1 X86.924 Y48.941
G1 X86.661 Y48.899
G1 X86.403 Y48.83
G1 X85.973 Y48.642
G1 X85.586 Y48.377
G1 X85.391 Y48.195
G1 X85.216 Y47.994
G1 X84.964 Y47.596
G1 X84.791 Y47.159
G1 X84.732 Y46.901
G1 X84.699 Y46.637
G1 X84.711 Y46.175
G1 X84.8 Y45.75
G1 X84.891 Y45.5
G1 X85.005 Y45.266
G1 X85.27 Y44.879
G1 X85.452 Y44.684
G1 X85.653 Y44.509
G1 X86.043 Y44.261
G1 X86.499 Y44.081
G1 X86.962 Y43.996
G1 X87.432 Y44
G1 X87.693 Y44.041
G1 X87.951 Y44.11
G1 X88.381 Y44.298
G1 X88.769 Y44.563
G1 X88.964 Y44.745
G1 X89.138 Y44.946
G1 X89.39 Y45.343
G1 X89.563 Y45.779
G1 X89.642 Y46.198
G4
M118 S"@pump_pressure 0 0"
G1 X89.759 Y46.296
G4
M118 S"@pump_pressure 0 701"
G1 X89.751 Y46.735
G1 X89.654 Y47.221
G1 X89.559 Y47.481
G1 X89.44 Y47.724
G1 X89.163 Y48.129
G1 X88.974 Y48.331
G1 X88.765 Y48.513
G1 X88.352 Y48.775
M118 S"@sync 140"
G1 X87.896 Y48.956
G1 X87.626 Y49.018
G1 X87.352 Y49.052
G1 X86.913 Y49.044
G1 X86.639 Y49.001
G1 X86.372 Y48.929
G1 X85.923 Y48.733
G1 X85.519 Y48.456
G1 X85.316 Y48.267
G1 X85.134 Y48.058
G1 X84.871 Y47.644
G1 X84.691 Y47.188
G1 X84.629 Y46.919
G1 X84.595 Y46.645
G1 X84.608 Y46.163
G1 X84.701 Y45.719
G1 X84.796 Y45.459
G1 X84.914 Y45.216
G1 X85.191 Y44.812
G1 X85.38 Y44.609
G1 X85.589 Y44.427
G1 X85.995 Y44.168
G1 X86.47 Y43.981
G1 X86.953 Y43.892
G1 X87.443 Y43.896
G1 X87.715 Y43.939
G1 X87.983 Y44.011
G1 X88.432 Y44.207
G1 X88.836 Y44.484
G1 X89.038 Y44.673
G1 X89.22 Y44.882
G1 X89.483 Y45.296
G1 X89.663 Y45.751
G1 X89.746 Y46.19
G4
M118 S"@pump_pressure 0 0"
G1 X89.863 Y46.288
G4
M118 S"@pump_pressure 0 702"
G1 X89.855 Y46.746
G1 X89.753 Y47.252
G1 X89.655 Y47.522
G1 X89.531 Y47.775
G1 X89.243 Y48.196
G1 X89.047 Y48.406
G1 X88.83 Y48.595
G1 X88.399 Y48.868
G1 X87.925 Y49.056
G1 X87.644 Y49.121
G1 X87.359 Y49.156
G1 X86.901 Y49.148
G1 X86.618 Y49.103
G1 X86.34 Y49.028
G1 X85.872 Y48.824
G1 X85.451 Y48.536
G1 X85.241 Y48.34
G1 X85.053 Y48.123
G1 X84.779 Y47.691
G1 X84.591 Y47.216
G1 X84.527 Y46.937
G1 X84.492 Y46.652
G1 X84.505 Y46.151
G1 X84.601 Y45.689
G1 X84.7 Y45.419
G1 X84.823 Y45.165
G1 X85.112 Y44.744
G1 X85.308 Y44.534
G1 X85.525 Y44.346
G1 X85.947 Y44.076
M118 S"@sync 141"
G1 X86.165 Y43.976
G1 X86.441 Y43.881
G1 X86.944 Y43.789
G1 X87.454 Y43.793
G1 X87.737 Y43.838
G1 X88.014 Y43.912
G1 X88.482 Y44.116
G1 X88.903 Y44.405
G1 X89.113 Y44.601
G1 X89.302 Y44.817
G1 X89.575 Y45.248
G1 X89.763 Y45.723
G1 X89.85 Y46.182
G4
M118 S"@pump_pressure 0 0"
G1 X89.966 Y46.28
G4
M118 S"@pump_pressure 0 702"
G1 X89.958 Y46.757
G1 X89.911 Y47.056
G1 X89.852 Y47.282
G1 X89.75 Y47.562
G1 X89.622 Y47.825
G1 X89.464 Y48.078
G1 X89.322 Y48.263
G1 X89.119 Y48.481
G1 X88.894 Y48.676
G1 X88.704 Y48.812
G1 X88.446 Y48.961
G1 X88.174 Y49.082
G1 X87.953 Y49.156
G1 X87.663 Y49.223
G1 X87.367 Y49.259
G1 X86.89 Y49.251
G1 X86.596 Y49.204
G1 X86.308 Y49.127
G1 X86.09 Y49.046
G1 X85.822 Y48.915
G1 X85.569 Y48.757
G1 X85.384 Y48.615
G1 X85.166 Y48.412
G1 X84.971 Y48.187
G1 X84.835 Y47.997
G1 X84.686 Y47.738
G1 X84.571 Y47.481
G1 X84.491 Y47.244
G1 X84.424 Y46.956
G1 X84.388 Y46.66
G1 X84.401 Y46.139
G1 X84.502 Y45.658
G1 X84.604 Y45.378
G1 X84.732 Y45.115
G1 X84.89 Y44.862
G1 X85.032 Y44.677
G1 X85.235 Y44.459
G1 X85.46 Y44.264
G1 X85.9 Y43.984
G1 X86.126 Y43.88
G1 X86.412 Y43.781
G1 X86.639 Y43.727
G1 X86.935 Y43.685
G1 X87.216 Y43.675
G1 X87.466 Y43.689
G1 X87.758 Y43.736
G1 X88.046 Y43.813
G1 X88.265 Y43.895
G1 X88.532 Y44.025
G1 X88.785 Y44.183
G1 X88.97 Y44.325
G1 X89.188 Y44.528
G1 X89.383 Y44.753
G1 X89.519 Y44.943
G1 X89.668 Y45.201
G1 X89.789 Y45.473
G1 X89.863 Y45.694
G1 X89.953 Y46.175
G4
M118 S"@pump_pressure 0 0"
G1 X90.07 Y46.273
G4
M118 S"@pump_pressure 0 703"
G1 X90.061 Y46.768
G1 X90.013 Y47.078
G1 X89.952 Y47.313
G1 X89.846 Y47.603
G1 X89.713 Y47.876
G1 X89.55 Y48.137
G1 X89.402 Y48.33
M118 S"@sync 142"
G1 X89.191 Y48.556
G1 X88.959 Y48.758
G1 X88.761 Y48.899
G1 X88.494 Y49.054
G1 X88.212 Y49.179
G1 X87.981 Y49.256
G1 X87.681 Y49.326
G1 X87.375 Y49.363
G1 X86.879 Y49.354
G1 X86.574 Y49.306
G1 X86.277 Y49.226
G1 X86.049 Y49.141
G1 X85.771 Y49.006
G1 X85.51 Y48.843
G1 X85.317 Y48.695
G1 X85.091 Y48.484
G1 X84.889 Y48.252
G1 X84.748 Y48.053
G1 X84.593 Y47.786
G1 X84.474 Y47.519
G1 X84.391 Y47.273
G1 X84.322 Y46.974
G1 X84.284 Y46.668
G1 X84.278 Y46.423
G1 X84.298 Y46.127
G1 X84.403 Y45.627
G1 X84.508 Y45.337
G1 X84.641 Y45.064
G1 X84.805 Y44.803
G1 X84.953 Y44.61
G1 X85.163 Y44.384
G1 X85.396 Y44.182
G1 X85.595 Y44.04
G1 X85.852 Y43.891
G1 X86.088 Y43.783
G1 X86.383 Y43.681
G1 X86.619 Y43.625
G1 X86.925 Y43.582
G1 X87.218 Y43.571
G1 X87.477 Y43.586
G1 X87.78 Y43.634
G1 X88.078 Y43.714
G1 X88.306 Y43.799
G1 X88.583 Y43.934
G1 X88.844 Y44.098
G1 X89.037 Y44.246
G1 X89.263 Y44.456
G1 X89.465 Y44.689
G1 X89.606 Y44.887
G1 X89.761 Y45.154
G1 X89.886 Y45.435
G1 X89.963 Y45.666
G1 X90.033 Y45.967
G1 X90.057 Y46.167
G4
M118 S"@pump_pressure 0 0"
G1 X90.174 Y46.265
G4
M118 S"@pump_pressure 0 702"
G1 X90.165 Y46.78
G1 X90.114 Y47.099
G1 X90.051 Y47.344
G1 X89.942 Y47.644
G1 X89.804 Y47.926
G1 X89.635 Y48.197
G1 X89.481 Y48.398
G1 X89.264 Y48.631
G1 X89.023 Y48.84
G1 X88.817 Y48.987
G1 X88.541 Y49.146
G1 X88.25 Y49.276
G1 X88.009 Y49.356
G1 X87.699 Y49.428
G1 X87.382 Y49.467
G1 X86.868 Y49.458
G1 X86.553 Y49.408
G1 X86.245 Y49.326
G1 X86.008 Y49.237
G1 X85.721 Y49.097
G1 X85.451 Y48.928
G1 X85.25 Y48.774
G1 X85.017 Y48.557
G1 X84.808 Y48.316
G1 X84.66 Y48.11
G1 X84.501 Y47.833
G1 X84.377 Y47.557
G1 X84.291 Y47.301
M118 S"@sync 143"
G1 X84.219 Y46.992
G1 X84.18 Y46.675
G1 X84.174 Y46.421
G1 X84.195 Y46.115
G1 X84.303 Y45.596
G1 X84.412 Y45.297
G1 X84.55 Y45.014
G1 X84.719 Y44.744
G1 X84.873 Y44.543
G1 X85.091 Y44.31
G1 X85.331 Y44.1
G1 X85.538 Y43.953
G1 X85.804 Y43.799
G1 X86.049 Y43.686
G1 X86.353 Y43.582
G1 X86.6 Y43.522
G1 X86.916 Y43.478
G1 X87.219 Y43.467
G1 X87.488 Y43.483
G1 X87.802 Y43.532
G1 X88.11 Y43.615
G1 X88.347 Y43.703
G1 X88.633 Y43.843
G1 X88.904 Y44.012
G1 X89.105 Y44.166
G1 X89.338 Y44.384
G1 X89.547 Y44.624
G1 X89.694 Y44.831
G1 X89.853 Y45.107
G1 X89.983 Y45.398
G1 X90.063 Y45.638
G1 X90.135 Y45.949
G1 X90.161 Y46.159
G4
M118 S"@pump_pressure 0 0"
G1 X90.278 Y46.257
G4
M118 S"@pump_pressure 0 702"
G1 X90.268 Y46.791
G1 X90.216 Y47.12
G1 X90.15 Y47.375
G1 X90.038 Y47.684
G1 X89.895 Y47.977
G1 X89.721 Y48.256
G1 X89.56 Y48.465
G1 X89.336 Y48.706
G1 X89.087 Y48.922
G1 X88.873 Y49.074
G1 X88.588 Y49.239
G1 X88.287 Y49.373
G1 X88.038 Y49.456
G1 X87.717 Y49.53
G1 X87.39 Y49.571
G1 X86.856 Y49.561
G1 X86.531 Y49.51
G1 X86.213 Y49.425
G1 X85.966 Y49.332
G1 X85.671 Y49.188
G1 X85.392 Y49.014
G1 X85.183 Y48.853
G1 X84.942 Y48.629
G1 X84.726 Y48.38
G1 X84.573 Y48.166
G1 X84.408 Y47.88
G1 X84.28 Y47.595
G1 X84.191 Y47.329
G1 X84.117 Y47.01
G1 X84.077 Y46.683
G1 X84.07 Y46.419
G1 X84.091 Y46.103
G1 X84.204 Y45.565
G1 X84.317 Y45.256
G1 X84.459 Y44.964
G1 X84.634 Y44.684
G1 X84.794 Y44.476
G1 X85.019 Y44.235
G1 X85.267 Y44.019
G1 X85.482 Y43.865
G1 X85.756 Y43.706
G1 X86.01 Y43.59
G1 X86.324 Y43.482
G1 X86.58 Y43.42
G1 X86.907 Y43.374
G1 X87.22 Y43.363
M118 S"@sync 144"
G1 X87.499 Y43.379
G1 X87.823 Y43.43
G1 X88.141 Y43.516
G1 X88.388 Y43.608
G1 X88.684 Y43.752
G1 X88.963 Y43.927
G1 X89.172 Y44.087
G1 X89.413 Y44.311
G1 X89.629 Y44.56
G1 X89.781 Y44.774
G1 X89.946 Y45.059
G1 X90.08 Y45.36
G1 X90.163 Y45.61
G1 X90.238 Y45.931
G1 X90.265 Y46.151
G4
M118 S"@pump_pressure 0 0"
G1 X90.381 Y46.249
G4
M118 S"@pump_pressure 0 702"
G1 X90.372 Y46.802
G1 X90.318 Y47.141
G1 X90.25 Y47.406
G1 X90.133 Y47.725
G1 X89.986 Y48.027
G1 X89.806 Y48.315
G1 X89.64 Y48.532
G1 X89.408 Y48.78
G1 X89.152 Y49.003
G1 X88.929 Y49.162
G1 X88.635 Y49.332
G1 X88.325 Y49.47
G1 X88.066 Y49.557
G1 X87.735 Y49.633
G1 X87.398 Y49.674
G1 X86.845 Y49.665
G1 X86.509 Y49.612
G1 X86.181 Y49.524
G1 X85.925 Y49.428
G1 X85.62 Y49.279
G1 X85.332 Y49.099
G1 X85.115 Y48.933
G1 X84.867 Y48.701
G1 X84.644 Y48.445
G1 X84.485 Y48.222
G1 X84.315 Y47.928
G1 X84.183 Y47.633
G1 X84.091 Y47.358
G1 X84.014 Y47.028
G1 X83.973 Y46.691
G1 X83.966 Y46.417
G1 X83.988 Y46.091
G1 X84.036 Y45.801
G1 X84.105 Y45.534
G1 X84.221 Y45.215
G1 X84.368 Y44.913
G1 X84.548 Y44.625
G1 X84.715 Y44.408
G1 X84.946 Y44.16
G1 X85.203 Y43.937
G1 X85.426 Y43.778
G1 X85.708 Y43.614
G1 X85.972 Y43.493
G1 X86.295 Y43.382
G1 X86.561 Y43.318
G1 X86.898 Y43.271
G1 X87.221 Y43.259
G1 X87.51 Y43.276
G1 X87.845 Y43.329
G1 X88.173 Y43.417
G1 X88.429 Y43.512
G1 X88.734 Y43.661
G1 X89.022 Y43.841
G1 X89.239 Y44.008
G1 X89.487 Y44.239
G1 X89.71 Y44.495
G1 X89.869 Y44.718
G1 X90.039 Y45.012
G1 X90.177 Y45.322
G1 X90.264 Y45.582
G1 X90.34 Y45.912
G1 X90.368 Y46.144
G4
M118 S"@pump_pressure 0 0"
G1 X90.485 Y46.242
M118 S"@sync 145"
G4
M118 S"@pump_pressure 0 701"
G1 X90.475 Y46.814
G1 X90.42 Y47.162
G1 X90.349 Y47.437
G1 X90.229 Y47.766
G1 X90.077 Y48.078
G1 X89.892 Y48.374
G1 X89.719 Y48.599
G1 X89.48 Y48.855
G1 X89.216 Y49.085
G1 X88.986 Y49.249
G1 X88.682 Y49.424
G1 X88.363 Y49.567
G1 X88.094 Y49.657
G1 X87.753 Y49.735
G1 X87.406 Y49.778
G1 X86.834 Y49.768
G1 X86.488 Y49.713
G1 X86.15 Y49.623
G1 X85.884 Y49.524
G1 X85.57 Y49.37
G1 X85.273 Y49.185
G1 X85.048 Y49.012
G1 X84.792 Y48.773
G1 X84.562 Y48.509
G1 X84.398 Y48.279
G1 X84.223 Y47.975
G1 X84.086 Y47.67
G1 X83.99 Y47.386
G1 X83.912 Y47.046
G1 X83.869 Y46.699
G1 X83.862 Y46.415
G1 X83.885 Y46.079
G1 X83.934 Y45.78
G1 X84.005 Y45.504
G1 X84.125 Y45.175
G1 X84.277 Y44.863
G1 X84.463 Y44.566
G1 X84.635 Y44.341
G1 X84.874 Y44.085
G1 X85.138 Y43.855
G1 X85.369 Y43.691
G1 X85.66 Y43.522
G1 X85.933 Y43.397
G1 X86.266 Y43.282
G1 X86.542 Y43.216
G1 X86.889 Y43.167
G1 X87.222 Y43.155
G1 X87.522 Y43.172
G1 X87.867 Y43.227
G1 X88.205 Y43.318
G1 X88.47 Y43.417
G1 X88.785 Y43.57
G1 X89.081 Y43.756
G1 X89.306 Y43.928
G1 X89.562 Y44.167
G1 X89.792 Y44.431
G1 X89.956 Y44.662
G1 X90.131 Y44.965
G1 X90.274 Y45.285
G1 X90.364 Y45.553
G1 X90.442 Y45.894
G1 X90.472 Y46.136
G4
M118 S"@pump_pressure 0 0"
G1 X90.589 Y46.234
G4
M118 S"@pump_pressure 0 701"
G1 X90.597 Y46.53
G1 X90.579 Y46.825
G1 X90.522 Y47.184
G1 X90.448 Y47.468
G1 X90.325 Y47.806
G1 X90.168 Y48.128
G1 X89.977 Y48.434
G1 X89.799 Y48.666
G1 X89.553 Y48.93
G1 X89.281 Y49.167
G1 X89.042 Y49.337
G1 X88.73 Y49.517
G1 X88.4 Y49.664
M118 S"@sync 146"
G1 X88.122 Y49.757
G1 X87.771 Y49.838
G1 X87.413 Y49.882
G1 X87.117 Y49.89
G1 X86.822 Y49.871
G1 X86.466 Y49.815
G1 X86.118 Y49.722
G1 X85.843 Y49.619
G1 X85.519 Y49.461
G1 X85.214 Y49.27
G1 X84.981 Y49.091
G1 X84.717 Y48.846
G1 X84.481 Y48.574
G1 X84.31 Y48.335
G1 X84.13 Y48.022
G1 X83.99 Y47.708
G1 X83.89 Y47.415
G1 X83.809 Y47.064
G1 X83.766 Y46.706
G1 X83.758 Y46.412
G1 X83.781 Y46.067
G1 X83.832 Y45.758
G1 X83.906 Y45.473
G1 X84.029 Y45.134
G1 X84.186 Y44.812
G1 X84.377 Y44.507
G1 X84.556 Y44.274
G1 X84.802 Y44.01
G1 X85.074 Y43.774
G1 X85.313 Y43.603
G1 X85.613 Y43.429
G1 X85.894 Y43.3
G1 X86.237 Y43.182
G1 X86.522 Y43.114
G1 X86.88 Y43.063
G1 X87.223 Y43.051
G1 X87.533 Y43.069
G1 X87.888 Y43.125
G1 X88.236 Y43.218
G1 X88.511 Y43.321
G1 X88.835 Y43.479
G1 X89.141 Y43.67
G1 X89.373 Y43.849
G1 X89.637 Y44.095
G1 X89.874 Y44.367
G1 X90.044 Y44.605
G1 X90.224 Y44.918
G1 X90.371 Y45.247
G1 X90.464 Y45.525
G1 X90.545 Y45.876
G1 X90.576 Y46.128
G4
M118 S"@pump_pressure 0 0"
G1 X90.693 Y46.226
G4
M118 S"@pump_pressure 0 699"
G1 X90.701 Y46.532
G1 X90.682 Y46.836
G1 X90.624 Y47.205
G1 X90.548 Y47.498
G1 X90.421 Y47.847
G1 X90.259 Y48.178
G1 X90.063 Y48.493
G1 X89.878 Y48.734
G1 X89.625 Y49.005
G1 X89.345 Y49.248
G1 X89.098 Y49.424
G1 X88.777 Y49.61
G1 X88.438 Y49.761
G1 X88.151 Y49.857
G1 X87.789 Y49.94
G1 X87.421 Y49.986
G1 X87.116 Y49.994
G1 X86.811 Y49.975
G1 X86.445 Y49.917
G1 X86.086 Y49.821
G1 X85.802 Y49.715
G1 X85.469 Y49.552
M118 S"@sync 147"
G1 X85.154 Y49.356
G1 X84.914 Y49.171
G1 X84.642 Y48.918
G1 X84.399 Y48.638
G1 X84.223 Y48.391
G1 X84.037 Y48.07
G1 X83.893 Y47.746
G1 X83.79 Y47.443
G1 X83.707 Y47.082
G1 X83.662 Y46.714
G1 X83.654 Y46.41
G1 X83.678 Y46.055
G1 X83.73 Y45.737
G1 X83.807 Y45.442
G1 X83.934 Y45.093
G1 X84.095 Y44.762
G1 X84.292 Y44.447
G1 X84.476 Y44.207
G1 X84.729 Y43.935
G1 X85.009 Y43.692
G1 X85.257 Y43.516
G1 X85.565 Y43.337
G1 X85.856 Y43.203
G1 X86.208 Y43.082
G1 X86.503 Y43.011
G1 X86.87 Y42.96
G1 X87.224 Y42.947
G1 X87.544 Y42.965
G1 X87.91 Y43.023
G1 X88.268 Y43.119
G1 X88.552 Y43.226
G1 X88.886 Y43.388
G1 X89.2 Y43.585
G1 X89.441 Y43.769
G1 X89.712 Y44.022
G1 X89.955 Y44.302
G1 X90.131 Y44.549
G1 X90.317 Y44.87
G1 X90.468 Y45.209
G1 X90.564 Y45.497
G1 X90.647 Y45.858
G1 X90.68 Y46.121
G4
M118 S"@pump_pressure 0 0"
G1 X90.796 Y46.219
G4
M118 S"@pump_pressure 0 704"
G1 X90.805 Y46.533
G1 X90.785 Y46.848
G1 X90.725 Y47.226
G1 X90.647 Y47.529
G1 X90.517 Y47.888
G1 X90.35 Y48.229
G1 X90.148 Y48.552
G1 X89.957 Y48.801
G1 X89.697 Y49.08
G1 X89.409 Y49.33
G1 X89.154 Y49.512
G1 X88.824 Y49.703
G1 X88.476 Y49.858
G1 X88.179 Y49.957
G1 X87.807 Y50.043
G1 X87.429 Y50.089
G1 X87.114 Y50.098
G1 X86.8 Y50.078
G1 X86.423 Y50.019
G1 X86.055 Y49.92
G1 X85.761 Y49.81
G1 X85.418 Y49.643
G1 X85.095 Y49.441
G1 X84.846 Y49.25
G1 X84.568 Y48.99
G1 X84.317 Y48.702
G1 X84.136 Y48.447
G1 X83.945 Y48.117
G1 X83.796 Y47.784
G1 X83.69 Y47.471
M118 S"@sync 148"
G1 X83.605 Y47.1
G1 X83.558 Y46.722
G1 X83.55 Y46.408
G1 X83.575 Y46.043
G1 X83.629 Y45.715
G1 X83.707 Y45.411
G1 X83.838 Y45.053
G1 X84.004 Y44.711
G1 X84.206 Y44.388
G1 X84.397 Y44.139
G1 X84.657 Y43.861
G1 X84.945 Y43.61
G1 X85.2 Y43.428
G1 X85.517 Y43.245
G1 X85.817 Y43.107
G1 X86.179 Y42.982
G1 X86.483 Y42.909
G1 X86.861 Y42.856
G1 X87.226 Y42.843
G1 X87.555 Y42.862
G1 X87.931 Y42.922
G1 X88.3 Y43.02
G1 X88.593 Y43.13
G1 X88.936 Y43.297
G1 X89.259 Y43.499
G1 X89.508 Y43.69
G1 X89.787 Y43.95
G1 X90.037 Y44.238
G1 X90.219 Y44.493
G1 X90.41 Y44.823
G1 X90.565 Y45.172
G1 X90.664 Y45.469
G1 X90.75 Y45.84
G1 X90.783 Y46.113
G4
M118 S"@pump_pressure 0 0"
G1 X90.899 Y46.206
G4
M118 S"@pump_pressure 0 703"
G1 X90.909 Y46.535
G1 X90.889 Y46.859
G1 X90.827 Y47.247
G1 X90.746 Y47.56
G1 X90.612 Y47.928
G1 X90.441 Y48.279
G1 X90.234 Y48.612
G1 X90.037 Y48.868
G1 X89.77 Y49.155
G1 X89.474 Y49.412
G1 X89.211 Y49.599
G1 X88.871 Y49.795
G1 X88.513 Y49.955
G1 X88.207 Y50.057
G1 X87.825 Y50.145
G1 X87.436 Y50.193
G1 X87.112 Y50.202
G1 X86.788 Y50.182
G1 X86.401 Y50.12
G1 X86.023 Y50.019
G1 X85.72 Y49.906
G1 X85.368 Y49.734
G1 X85.036 Y49.526
G1 X84.779 Y49.33
G1 X84.493 Y49.062
G1 X84.236 Y48.767
G1 X84.048 Y48.504
G1 X83.852 Y48.164
G1 X83.699 Y47.822
G1 X83.59 Y47.5
G1 X83.502 Y47.118
G1 X83.454 Y46.729
G1 X83.446 Y46.406
G1 X83.471 Y46.031
G1 X83.527 Y45.694
M118 S"@sync 149"
G1 X83.608 Y45.38
G1 X83.742 Y45.012
G1 X83.913 Y44.661
G1 X84.121 Y44.329
G1 X84.318 Y44.072
G1 X84.585 Y43.786
G1 X84.881 Y43.529
G1 X85.144 Y43.341
G1 X85.469 Y43.152
G1 X85.778 Y43.01
G1 X86.15 Y42.883
G1 X86.464 Y42.807
G1 X86.852 Y42.752
G1 X87.227 Y42.739
G1 X87.566 Y42.759
G1 X87.953 Y42.82
G1 X88.332 Y42.921
G1 X88.634 Y43.034
G1 X88.986 Y43.206
G1 X89.319 Y43.414
G1 X89.575 Y43.611
G1 X89.862 Y43.878
G1 X90.119 Y44.173
G1 X90.306 Y44.437
G1 X90.502 Y44.776
G1 X90.662 Y45.134
G1 X90.764 Y45.44
G1 X90.852 Y45.822
G1 X90.886 Y46.1
G4
M118 S"@pump_pressure 0 0"
G1 X91.003 Y46.193
G4
M118 S"@pump_pressure 0 701"
G1 X91.013 Y46.537
G1 X90.992 Y46.87
G1 X90.929 Y47.268
G1 X90.846 Y47.591
G1 X90.708 Y47.969
G1 X90.532 Y48.33
G1 X90.319 Y48.671
G1 X90.116 Y48.935
G1 X89.842 Y49.229
G1 X89.538 Y49.493
G1 X89.267 Y49.687
G1 X88.919 Y49.888
G1 X88.551 Y50.052
G1 X88.235 Y50.157
G1 X87.843 Y50.248
G1 X87.444 Y50.297
G1 X87.11 Y50.305
G1 X86.777 Y50.285
G1 X86.38 Y50.222
G1 X85.991 Y50.118
G1 X85.679 Y50.001
G1 X85.318 Y49.825
G1 X84.976 Y49.612
G1 X84.712 Y49.409
G1 X84.418 Y49.135
G1 X84.154 Y48.831
G1 X83.961 Y48.56
G1 X83.759 Y48.211
G1 X83.602 Y47.86
G1 X83.49 Y47.528
G1 X83.4 Y47.136
G1 X83.351 Y46.737
G1 X83.342 Y46.404
G1 X83.368 Y46.019
G1 X83.425 Y45.672
G1 X83.509 Y45.349
G1 X83.646 Y44.971
G1 X83.822 Y44.61
M118 S"@sync 150"
G1 X84.035 Y44.269
G1 X84.238 Y44.005
G1 X84.513 Y43.711
G1 X84.816 Y43.447
G1 X85.087 Y43.253
G1 X85.421 Y43.06
G1 X85.74 Y42.914
G1 X86.121 Y42.783
G1 X86.445 Y42.705
G1 X86.843 Y42.649
G1 X87.228 Y42.635
G1 X87.578 Y42.655
G1 X87.975 Y42.718
G1 X88.363 Y42.822
G1 X88.675 Y42.939
G1 X89.037 Y43.115
G1 X89.378 Y43.328
G1 X89.642 Y43.531
G1 X89.936 Y43.806
G1 X90.2 Y44.109
G1 X90.394 Y44.38
G1 X90.595 Y44.729
G1 X90.759 Y45.096
G1 X90.864 Y45.412
G1 X90.955 Y45.804
G1 X90.99 Y46.088
G4
M118 S"@pump_pressure 0 0"
G1 X91.106 Y46.181
G4
M118 S"@pump_pressure 0 702"
G1 X91.117 Y46.539
G1 X91.096 Y46.882
G1 X91.031 Y47.29
G1 X90.945 Y47.622
G1 X90.804 Y48.01
G1 X90.623 Y48.38
G1 X90.404 Y48.73
G1 X90.195 Y49.003
G1 X89.914 Y49.304
G1 X89.603 Y49.575
G1 X89.323 Y49.774
G1 X88.966 Y49.981
G1 X88.589 Y50.148
G1 X88.263 Y50.257
G1 X87.861 Y50.35
G1 X87.452 Y50.4
G1 X87.108 Y50.409
G1 X86.766 Y50.389
G1 X86.358 Y50.324
G1 X85.959 Y50.217
G1 X85.638 Y50.097
G1 X85.267 Y49.916
G1 X84.917 Y49.697
G1 X84.645 Y49.488
G1 X84.343 Y49.207
G1 X84.072 Y48.896
G1 X83.873 Y48.616
G1 X83.667 Y48.259
G1 X83.505 Y47.898
G1 X83.39 Y47.556
G1 X83.297 Y47.154
G1 X83.247 Y46.745
G1 X83.238 Y46.402
G1 X83.265 Y46.007
G1 X83.323 Y45.651
G1 X83.409 Y45.318
G1 X83.55 Y44.931
G1 X83.731 Y44.56
G1 X83.95 Y44.21
M118 S"@sync 151"
G1 X84.159 Y43.938
G1 X84.44 Y43.636
G1 X84.752 Y43.365
G1 X85.031 Y43.166
G1 X85.373 Y42.968
G1 X85.701 Y42.817
G1 X86.091 Y42.683
G1 X86.425 Y42.603
G1 X86.834 Y42.545
G1 X87.229 Y42.531
G1 X87.589 Y42.552
G1 X87.996 Y42.616
G1 X88.395 Y42.723
G1 X88.716 Y42.843
G1 X89.087 Y43.024
G1 X89.437 Y43.243
G1 X89.71 Y43.452
G1 X90.011 Y43.733
G1 X90.282 Y44.045
G1 X90.481 Y44.324
G1 X90.688 Y44.681
G1 X90.856 Y45.058
G1 X90.964 Y45.384
G1 X91.057 Y45.786
G1 X91.093 Y46.075
G4
M118 S"@pump_pressure 0 0"
G1 X90.81 Y46.384
G1 X88.207 Y48.094
G1 F306.857
G4
M118 S"@pump_pressure 0 720"
G1 X88.628 Y47.674
G1 X88.825 Y47.384
G1 X88.866 Y47.288
G1 X87.986 Y48.168
G1 X87.741 Y48.265
G1 X88.974 Y47.033
G1 X89.016 Y46.843
G1 X87.553 Y48.307
G1 X87.374 Y48.338
G1 X89.053 Y46.659
G1 X89.056 Y46.509
G1 X87.215 Y48.35
G1 X87.07 Y48.347
M118 S"@sync 152"
G1 X89.058 Y46.359
G1 X89.038 Y46.232
G1 X86.935 Y48.334
G1 X86.813 Y48.309
G1 X89.016 Y46.106
G1 X88.994 Y45.981
G1 X86.692 Y48.283
G1 X86.573 Y48.254
G1 X88.958 Y45.869
G1 X88.916 Y45.764
G1 X86.47 Y48.209
G1 X86.368 Y48.164
G1 X88.874 Y45.658
G1 X88.823 Y45.562
M118 S"@sync 153"
G1 X86.265 Y48.119
G1 X86.177 Y48.06
G1 X88.766 Y45.471
G1 X88.709 Y45.381
G1 X86.09 Y48
G1 X86.002 Y47.94
G1 X88.647 Y45.295
G1 X88.575 Y45.22
G1 X85.924 Y47.87
G1 X85.852 Y47.795
G1 X88.502 Y45.145
G1 X88.43 Y45.07
G1 X85.779 Y47.72
G1 X85.707 Y47.645
M118 S"@sync 154"
G1 X88.352 Y45
G1 X88.265 Y44.94
G1 X85.645 Y47.559
G1 X85.588 Y47.469
G1 X88.177 Y44.88
G1 X88.089 Y44.821
G1 X85.531 Y47.379
G1 X85.48 Y47.282
G1 X87.987 Y44.776
G1 X87.884 Y44.731
G1 X85.438 Y47.176
G1 X85.397 Y47.071
G1 X87.782 Y44.686
G1 X87.662 Y44.658
M118 S"@sync 155"
G1 X85.361 Y46.959
G1 X85.338 Y46.834
G1 X87.541 Y44.632
G1 X87.419 Y44.606
G1 X85.316 Y46.709
G1 X85.296 Y46.581
G1 X87.283 Y44.594
G1 X87.137 Y44.593
G1 X85.3 Y46.43
G1 X85.305 Y46.278
G1 X86.985 Y44.598
G1 X86.805 Y44.63
G1 X85.336 Y46.099
G1 X85.38 Y45.907
G1 X86.61 Y44.678
G1 X86.367 Y44.773
G1 X85.489 Y45.652
G1 X85.529 Y45.556
G1 X85.727 Y45.266
G1 X86.148 Y44.845
G92 E0
G4
M118 S"@pump_pressure 0 0"
G1 Z.675 F300
M118 S"@pic"
M118 S"@sync 156"
G1 X89.136 Y46.334
G4
M118 S"@pump_pressure 0 701"
G1 X89.131 Y46.667
G1 X89.057 Y47.036
G1 X88.894 Y47.422
G1 X88.687 Y47.725
G1 X88.379 Y48.023
G1 X88.068 Y48.219
G1 X87.727 Y48.355
G1 X87.313 Y48.429
G1 X86.981 Y48.424
G1 X86.562 Y48.335
G1 X86.225 Y48.187
G1 X85.922 Y47.98
G1 X85.629 Y47.678
G1 X85.428 Y47.36
G1 X85.292 Y47.018
G1 X85.218 Y46.606
G1 X85.228 Y46.23
G1 X85.297 Y45.905
G1 X85.46 Y45.518
G1 X85.667 Y45.215
G1 X85.969 Y44.922
G1 X86.294 Y44.717
G1 X86.595 Y44.595
G1 X87.007 Y44.514
G1 X87.375 Y44.517
G1 X87.792 Y44.605
G1 X88.129 Y44.753
G1 X88.432 Y44.96
G1 X88.725 Y45.262
G1 X88.926 Y45.579
G1 X89.062 Y45.92
G1 X89.123 Y46.229
G4
M118 S"@pump_pressure 0 0"
G1 X89.24 Y46.326
G4
M118 S"@pump_pressure 0 701"
G1 X89.234 Y46.678
G1 X89.157 Y47.067
G1 X88.985 Y47.472
G1 X88.766 Y47.793
G1 X88.443 Y48.105
G1 X88.116 Y48.312
G1 X87.755 Y48.455
G1 X87.321 Y48.533
G1 X86.969 Y48.527
G1 X86.53 Y48.434
G1 X86.175 Y48.278
G1 X85.855 Y48.059
G1 X85.548 Y47.743
G1 X85.335 Y47.408
G1 X85.192 Y47.047
G1 X85.115 Y46.614
G1 X85.125 Y46.218
G1 X85.198 Y45.874
G1 X85.369 Y45.468
G1 X85.588 Y45.148
G1 X85.905 Y44.841
G1 X86.246 Y44.624
G1 X86.565 Y44.495
G1 X86.998 Y44.411
G1 X87.386 Y44.413
G1 X87.824 Y44.506
G1 X88.179 Y44.662
G1 X88.5 Y44.881
M118 S"@sync 157"
G1 X88.807 Y45.198
G1 X89.019 Y45.532
G1 X89.162 Y45.892
G1 X89.227 Y46.221
G4
M118 S"@pump_pressure 0 0"
G1 X89.343 Y46.319
G4
M118 S"@pump_pressure 0 702"
G1 X89.338 Y46.689
G1 X89.256 Y47.097
G1 X89.076 Y47.523
G1 X88.846 Y47.86
G1 X88.508 Y48.186
G1 X88.163 Y48.405
G1 X87.783 Y48.555
G1 X87.329 Y48.636
G1 X86.958 Y48.631
G1 X86.499 Y48.533
G1 X86.125 Y48.369
G1 X85.787 Y48.139
G1 X85.466 Y47.807
G1 X85.242 Y47.455
G1 X85.092 Y47.075
G1 X85.011 Y46.622
G1 X85.022 Y46.206
G1 X85.098 Y45.843
G1 X85.278 Y45.418
G1 X85.509 Y45.08
G1 X85.84 Y44.759
G1 X86.198 Y44.532
G1 X86.535 Y44.396
G1 X86.989 Y44.307
G1 X87.398 Y44.31
G1 X87.856 Y44.407
G1 X88.23 Y44.571
G1 X88.567 Y44.802
G1 X88.888 Y45.133
G1 X89.112 Y45.484
G1 X89.262 Y45.864
G1 X89.33 Y46.213
G4
M118 S"@pump_pressure 0 0"
G1 X89.447 Y46.311
G4
M118 S"@pump_pressure 0 701"
G1 X89.441 Y46.701
G1 X89.355 Y47.128
G1 X89.271 Y47.359
G1 X89.167 Y47.573
G1 X88.925 Y47.927
G1 X88.758 Y48.107
G1 X88.572 Y48.268
G1 X88.21 Y48.497
G1 X87.812 Y48.655
G1 X87.571 Y48.711
G1 X87.337 Y48.74
G1 X86.947 Y48.734
G1 X86.704 Y48.696
G1 X86.467 Y48.632
G1 X86.074 Y48.46
G1 X85.72 Y48.218
G1 X85.384 Y47.872
G1 X85.149 Y47.502
G1 X84.992 Y47.103
G1 X84.907 Y46.629
G1 X84.919 Y46.194
G1 X84.999 Y45.812
G1 X85.083 Y45.581
G1 X85.187 Y45.367
G1 X85.429 Y45.013
G1 X85.776 Y44.677
M118 S"@sync 158"
G1 X86.151 Y44.439
G1 X86.505 Y44.296
G1 X86.743 Y44.237
G1 X86.98 Y44.203
G1 X87.409 Y44.206
G1 X87.65 Y44.245
G1 X87.888 Y44.308
G1 X88.28 Y44.48
G1 X88.634 Y44.722
G1 X88.97 Y45.069
G1 X89.204 Y45.437
G1 X89.363 Y45.836
G1 X89.434 Y46.205
G4
M118 S"@pump_pressure 0 0"
G1 X89.551 Y46.303
G4
M118 S"@pump_pressure 0 701"
G1 X89.544 Y46.712
G1 X89.455 Y47.159
G1 X89.367 Y47.4
G1 X89.258 Y47.624
G1 X89.005 Y47.994
G1 X88.83 Y48.182
G1 X88.637 Y48.35
G1 X88.257 Y48.59
G1 X87.84 Y48.756
G1 X87.589 Y48.813
G1 X87.344 Y48.844
G1 X86.935 Y48.837
G1 X86.683 Y48.797
G1 X86.435 Y48.731
G1 X86.024 Y48.551
G1 X85.653 Y48.298
G1 X85.465 Y48.122
G1 X85.303 Y47.936
G1 X85.057 Y47.549
G1 X84.891 Y47.132
G1 X84.834 Y46.882
G1 X84.804 Y46.637
G1 X84.815 Y46.181
G1 X84.899 Y45.781
G1 X84.987 Y45.54
G1 X85.096 Y45.317
G1 X85.35 Y44.946
G1 X85.525 Y44.758
G1 X85.711 Y44.596
G1 X86.103 Y44.347
G1 X86.475 Y44.197
G1 X86.723 Y44.135
G1 X86.971 Y44.1
G1 X87.42 Y44.103
G1 X87.672 Y44.143
G1 X87.919 Y44.209
G1 X88.331 Y44.389
G1 X88.701 Y44.643
G1 X88.889 Y44.818
G1 X89.052 Y45.004
G1 X89.297 Y45.39
G1 X89.463 Y45.807
G1 X89.538 Y46.197
G4
M118 S"@pump_pressure 0 0"
G1 X89.655 Y46.295
G4
M118 S"@pump_pressure 0 701"
G1 X89.648 Y46.723
G1 X89.554 Y47.19
G1 X89.463 Y47.44
G1 X89.349 Y47.674
G1 X89.084 Y48.062
G1 X88.902 Y48.256
G1 X88.701 Y48.431
G1 X88.305 Y48.683
G1 X87.868 Y48.856
G1 X87.608 Y48.916
G1 X87.352 Y48.948
G1 X86.924 Y48.941
G1 X86.661 Y48.899
G1 X86.403 Y48.83
M118 S"@sync 159"
G1 X85.973 Y48.642
G1 X85.586 Y48.377
G1 X85.39 Y48.195
G1 X85.221 Y48.001
G1 X84.964 Y47.597
G1 X84.791 Y47.16
G1 X84.731 Y46.901
G1 X84.7 Y46.645
G1 X84.712 Y46.169
G1 X84.8 Y45.75
G1 X84.891 Y45.5
G1 X85.005 Y45.266
G1 X85.27 Y44.879
G1 X85.453 Y44.683
G1 X85.647 Y44.514
G1 X86.056 Y44.254
G1 X86.445 Y44.097
G1 X86.703 Y44.033
G1 X86.962 Y43.996
G1 X87.431 Y44
G1 X87.693 Y44.041
G1 X87.951 Y44.11
G1 X88.381 Y44.298
G1 X88.769 Y44.563
G1 X88.964 Y44.746
G1 X89.133 Y44.94
G1 X89.39 Y45.343
G1 X89.563 Y45.779
G1 X89.641 Y46.189
G4
M118 S"@pump_pressure 0 0"
G1 X89.758 Y46.287
G4
M118 S"@pump_pressure 0 702"
G1 X89.751 Y46.734
G1 X89.654 Y47.221
G1 X89.559 Y47.481
G1 X89.44 Y47.724
G1 X89.163 Y48.129
G1 X88.975 Y48.331
G1 X88.765 Y48.513
G1 X88.352 Y48.775
G1 X87.896 Y48.956
G1 X87.626 Y49.018
G1 X87.36 Y49.051
G1 X86.913 Y49.044
G1 X86.639 Y49.001
G1 X86.372 Y48.929
G1 X85.923 Y48.733
G1 X85.519 Y48.456
G1 X85.315 Y48.267
G1 X85.14 Y48.065
G1 X84.871 Y47.644
G1 X84.691 Y47.188
G1 X84.629 Y46.919
G1 X84.596 Y46.653
G1 X84.609 Y46.157
G1 X84.701 Y45.719
G1 X84.796 Y45.459
G1 X84.914 Y45.216
G1 X85.191 Y44.812
G1 X85.38 Y44.608
G1 X85.582 Y44.433
G1 X86.008 Y44.162
G1 X86.415 Y43.997
G1 X86.684 Y43.93
G1 X86.952 Y43.893
G1 X87.443 Y43.896
G1 X87.715 Y43.939
G1 X87.983 Y44.011
G1 X88.432 Y44.207
G1 X88.836 Y44.484
G1 X89.039 Y44.673
M118 S"@sync 160"
G1 X89.215 Y44.875
G1 X89.482 Y45.295
G1 X89.663 Y45.751
G1 X89.745 Y46.182
G4
M118 S"@pump_pressure 0 0"
G1 X89.862 Y46.279
G4
M118 S"@pump_pressure 0 701"
G1 X89.855 Y46.746
G1 X89.753 Y47.252
G1 X89.655 Y47.522
G1 X89.531 Y47.775
G1 X89.243 Y48.196
G1 X89.047 Y48.406
G1 X88.83 Y48.595
G1 X88.399 Y48.868
G1 X87.925 Y49.056
G1 X87.644 Y49.121
G1 X87.368 Y49.155
G1 X86.901 Y49.148
G1 X86.618 Y49.103
G1 X86.34 Y49.028
G1 X85.872 Y48.824
G1 X85.451 Y48.536
G1 X85.241 Y48.339
G1 X85.058 Y48.13
G1 X84.922 Y47.94
G1 X84.779 Y47.691
G1 X84.591 Y47.217
G1 X84.527 Y46.937
G1 X84.492 Y46.661
G1 X84.505 Y46.145
G1 X84.601 Y45.689
G1 X84.7 Y45.419
G1 X84.823 Y45.165
G1 X85.112 Y44.744
G1 X85.308 Y44.534
G1 X85.518 Y44.351
G1 X85.707 Y44.215
G1 X85.96 Y44.069
G1 X86.385 Y43.898
G1 X86.664 Y43.828
G1 X86.943 Y43.789
G1 X87.454 Y43.793
G1 X87.737 Y43.838
G1 X88.014 Y43.912
G1 X88.482 Y44.116
G1 X88.903 Y44.405
G1 X89.114 Y44.601
G1 X89.296 Y44.811
G1 X89.432 Y45
G1 X89.575 Y45.248
G1 X89.763 Y45.723
G1 X89.849 Y46.174
G4
M118 S"@pump_pressure 0 0"
G1 X89.966 Y46.272
G4
M118 S"@pump_pressure 0 702"
G1 X89.958 Y46.757
G1 X89.911 Y47.056
G1 X89.852 Y47.283
G1 X89.75 Y47.562
G1 X89.622 Y47.825
G1 X89.464 Y48.078
G1 X89.322 Y48.263
G1 X89.119 Y48.481
G1 X88.894 Y48.676
G1 X88.704 Y48.812
G1 X88.446 Y48.961
G1 X88.174 Y49.082
G1 X87.953 Y49.156
G1 X87.662 Y49.223
G1 X87.376 Y49.259
G1 X86.89 Y49.251
G1 X86.596 Y49.204
G1 X86.308 Y49.127
G1 X86.09 Y49.046
G1 X85.822 Y48.915
G1 X85.569 Y48.757
M118 S"@sync 161"
G1 X85.384 Y48.615
G1 X85.166 Y48.412
G1 X84.976 Y48.194
G1 X84.835 Y47.996
G1 X84.686 Y47.739
G1 X84.569 Y47.475
G1 X84.491 Y47.245
G1 X84.424 Y46.955
G1 X84.389 Y46.669
G1 X84.382 Y46.425
G1 X84.402 Y46.133
G1 X84.502 Y45.658
G1 X84.604 Y45.378
G1 X84.732 Y45.115
G1 X84.89 Y44.862
G1 X85.032 Y44.677
G1 X85.236 Y44.459
G1 X85.453 Y44.269
G1 X85.651 Y44.128
G1 X85.913 Y43.977
G1 X86.355 Y43.798
G1 X86.644 Y43.726
G1 X86.934 Y43.685
G1 X87.222 Y43.675
G1 X87.465 Y43.689
G1 X87.758 Y43.736
G1 X88.046 Y43.813
G1 X88.265 Y43.895
G1 X88.532 Y44.025
G1 X88.785 Y44.183
G1 X88.97 Y44.325
G1 X89.189 Y44.529
G1 X89.378 Y44.746
G1 X89.519 Y44.944
G1 X89.668 Y45.201
G1 X89.789 Y45.473
G1 X89.863 Y45.694
G1 X89.953 Y46.166
G4
M118 S"@pump_pressure 0 0"
G1 X90.069 Y46.264
G4
M118 S"@pump_pressure 0 703"
G1 X90.062 Y46.768
G1 X90.013 Y47.078
G1 X89.952 Y47.313
G1 X89.846 Y47.603
G1 X89.713 Y47.876
G1 X89.55 Y48.137
G1 X89.402 Y48.33
G1 X89.191 Y48.556
G1 X88.959 Y48.758
G1 X88.761 Y48.899
G1 X88.494 Y49.054
G1 X88.212 Y49.179
G1 X87.981 Y49.256
G1 X87.68 Y49.326
G1 X87.384 Y49.362
G1 X86.879 Y49.354
G1 X86.574 Y49.306
G1 X86.277 Y49.226
G1 X86.049 Y49.141
G1 X85.771 Y49.006
G1 X85.51 Y48.843
G1 X85.317 Y48.695
G1 X85.091 Y48.484
G1 X84.895 Y48.259
G1 X84.748 Y48.053
G1 X84.593 Y47.786
G1 X84.472 Y47.513
G1 X84.391 Y47.273
G1 X84.322 Y46.973
G1 X84.285 Y46.677
G1 X84.278 Y46.423
G1 X84.299 Y46.121
G1 X84.403 Y45.627
G1 X84.508 Y45.337
G1 X84.641 Y45.064
G1 X84.805 Y44.803
G1 X84.953 Y44.61
G1 X85.163 Y44.384
G1 X85.389 Y44.188
G1 X85.595 Y44.04
G1 X85.865 Y43.884
G1 X86.325 Y43.699
G1 X86.624 Y43.624
G1 X86.925 Y43.582
M118 S"@sync 162"
G1 X87.223 Y43.571
G1 X87.476 Y43.586
G1 X87.78 Y43.634
G1 X88.078 Y43.714
G1 X88.306 Y43.799
G1 X88.583 Y43.934
G1 X88.844 Y44.098
G1 X89.037 Y44.246
G1 X89.263 Y44.456
G1 X89.46 Y44.682
G1 X89.607 Y44.888
G1 X89.761 Y45.154
G1 X89.886 Y45.436
G1 X89.963 Y45.666
G1 X90.056 Y46.158
G4
M118 S"@pump_pressure 0 0"
G1 X90.173 Y46.256
G4
M118 S"@pump_pressure 0 702"
G1 X90.165 Y46.78
G1 X90.114 Y47.099
G1 X90.051 Y47.344
G1 X89.942 Y47.644
G1 X89.804 Y47.926
G1 X89.635 Y48.197
G1 X89.481 Y48.398
G1 X89.264 Y48.631
G1 X89.023 Y48.84
G1 X88.817 Y48.987
G1 X88.541 Y49.146
G1 X88.25 Y49.276
G1 X88.009 Y49.356
G1 X87.698 Y49.428
G1 X87.391 Y49.466
G1 X86.868 Y49.458
G1 X86.553 Y49.408
G1 X86.245 Y49.326
G1 X86.008 Y49.237
G1 X85.721 Y49.097
G1 X85.451 Y48.928
G1 X85.25 Y48.774
G1 X85.016 Y48.556
G1 X84.813 Y48.323
G1 X84.66 Y48.109
G1 X84.501 Y47.833
G1 X84.375 Y47.551
G1 X84.291 Y47.302
G1 X84.219 Y46.991
G1 X84.181 Y46.684
G1 X84.174 Y46.421
G1 X84.195 Y46.109
G1 X84.303 Y45.596
G1 X84.412 Y45.297
G1 X84.55 Y45.014
G1 X84.719 Y44.744
G1 X84.873 Y44.543
G1 X85.091 Y44.309
G1 X85.324 Y44.106
G1 X85.538 Y43.953
G1 X85.817 Y43.792
G1 X86.295 Y43.599
G1 X86.604 Y43.522
G1 X86.916 Y43.478
G1 X87.225 Y43.467
G1 X87.488 Y43.483
G1 X87.802 Y43.532
G1 X88.11 Y43.615
G1 X88.347 Y43.703
G1 X88.633 Y43.843
G1 X88.904 Y44.012
G1 X89.105 Y44.166
G1 X89.338 Y44.384
G1 X89.541 Y44.617
G1 X89.694 Y44.831
G1 X89.853 Y45.107
G1 X89.983 Y45.398
G1 X90.063 Y45.638
G1 X90.135 Y45.949
G1 X90.16 Y46.15
G4
M118 S"@pump_pressure 0 0"
G1 X90.277 Y46.248
G4
M118 S"@pump_pressure 0 702"
G1 X90.268 Y46.791
G1 X90.216 Y47.12
G1 X90.15 Y47.375
G1 X90.038 Y47.684
M118 S"@sync 163"
G1 X89.895 Y47.977
G1 X89.721 Y48.256
G1 X89.56 Y48.465
G1 X89.336 Y48.705
G1 X89.087 Y48.921
G1 X88.873 Y49.074
G1 X88.588 Y49.239
G1 X88.287 Y49.373
G1 X88.038 Y49.456
G1 X87.716 Y49.531
G1 X87.399 Y49.57
G1 X86.856 Y49.561
G1 X86.531 Y49.51
G1 X86.213 Y49.425
G1 X85.966 Y49.332
G1 X85.671 Y49.188
G1 X85.391 Y49.014
G1 X85.183 Y48.853
G1 X84.941 Y48.628
G1 X84.732 Y48.388
G1 X84.573 Y48.165
G1 X84.408 Y47.881
G1 X84.278 Y47.589
G1 X84.191 Y47.33
G1 X84.117 Y47.009
G1 X84.077 Y46.692
G1 X84.07 Y46.419
G1 X84.092 Y46.097
G1 X84.204 Y45.565
G1 X84.317 Y45.256
G1 X84.459 Y44.964
G1 X84.634 Y44.684
G1 X84.794 Y44.475
G1 X85.019 Y44.234
G1 X85.26 Y44.025
G1 X85.482 Y43.866
G1 X85.77 Y43.699
G1 X86.265 Y43.499
G1 X86.584 Y43.42
G1 X86.907 Y43.374
G1 X87.226 Y43.363
G1 X87.499 Y43.379
G1 X87.823 Y43.43
G1 X88.141 Y43.516
G1 X88.388 Y43.608
G1 X88.684 Y43.752
G1 X88.963 Y43.927
G1 X89.172 Y44.087
G1 X89.413 Y44.312
G1 X89.623 Y44.553
G1 X89.782 Y44.775
G1 X89.946 Y45.059
G1 X90.08 Y45.36
G1 X90.163 Y45.61
G1 X90.238 Y45.931
G1 X90.264 Y46.142
G4
M118 S"@pump_pressure 0 0"
G1 X90.381 Y46.24
G4
M118 S"@pump_pressure 0 702"
G1 X90.372 Y46.802
G1 X90.318 Y47.141
G1 X90.25 Y47.406
G1 X90.133 Y47.725
G1 X89.986 Y48.027
G1 X89.806 Y48.315
G1 X89.64 Y48.532
G1 X89.408 Y48.78
G1 X89.152 Y49.003
G1 X88.929 Y49.162
G1 X88.635 Y49.332
G1 X88.325 Y49.47
G1 X88.066 Y49.557
G1 X87.734 Y49.633
G1 X87.407 Y49.674
G1 X86.845 Y49.665
G1 X86.509 Y49.612
G1 X86.181 Y49.524
G1 X85.925 Y49.428
G1 X85.62 Y49.279
M118 S"@sync 164"
G1 X85.332 Y49.099
G1 X85.115 Y48.933
G1 X84.867 Y48.701
G1 X84.65 Y48.452
G1 X84.485 Y48.222
G1 X84.315 Y47.928
G1 X84.181 Y47.627
G1 X84.091 Y47.358
G1 X84.014 Y47.027
G1 X83.974 Y46.7
G1 X83.966 Y46.416
G1 X83.989 Y46.085
G1 X84.105 Y45.534
G1 X84.221 Y45.215
G1 X84.368 Y44.913
G1 X84.548 Y44.625
G1 X84.715 Y44.408
G1 X84.947 Y44.16
G1 X85.195 Y43.943
G1 X85.426 Y43.778
G1 X85.722 Y43.607
G1 X86.235 Y43.4
G1 X86.564 Y43.318
G1 X86.898 Y43.271
G1 X87.227 Y43.259
G1 X87.51 Y43.276
G1 X87.845 Y43.329
G1 X88.173 Y43.417
G1 X88.429 Y43.512
G1 X88.734 Y43.661
G1 X89.022 Y43.841
G1 X89.239 Y44.008
G1 X89.488 Y44.239
G1 X89.704 Y44.488
G1 X89.869 Y44.718
G1 X90.039 Y45.012
G1 X90.177 Y45.322
G1 X90.264 Y45.582
G1 X90.34 Y45.913
G1 X90.368 Y46.134
G4
M118 S"@pump_pressure 0 0"
G1 X90.484 Y46.232
G4
M118 S"@pump_pressure 0 699"
G1 X90.493 Y46.529
G1 X90.475 Y46.814
G1 X90.42 Y47.162
G1 X90.349 Y47.437
G1 X90.229 Y47.766
G1 X90.077 Y48.078
G1 X89.892 Y48.374
G1 X89.719 Y48.599
G1 X89.48 Y48.855
G1 X89.216 Y49.085
G1 X88.986 Y49.249
G1 X88.682 Y49.424
G1 X88.363 Y49.567
G1 X88.094 Y49.657
G1 X87.753 Y49.735
G1 X87.415 Y49.777
G1 X87.119 Y49.786
G1 X86.834 Y49.768
G1 X86.488 Y49.713
G1 X86.15 Y49.623
G1 X85.884 Y49.524
G1 X85.57 Y49.37
G1 X85.273 Y49.185
G1 X85.048 Y49.012
G1 X84.792 Y48.773
G1 X84.568 Y48.517
G1 X84.398 Y48.278
G1 X84.223 Y47.975
G1 X84.084 Y47.665
G1 X83.991 Y47.386
G1 X83.912 Y47.046
G1 X83.87 Y46.708
G1 X83.862 Y46.414
G1 X83.885 Y46.073
G1 X83.934 Y45.78
G1 X84.005 Y45.504
M118 S"@sync 165"
G1 X84.125 Y45.175
G1 X84.277 Y44.863
G1 X84.463 Y44.566
G1 X84.635 Y44.341
G1 X84.874 Y44.085
G1 X85.131 Y43.861
G1 X85.369 Y43.691
G1 X85.674 Y43.514
G1 X86.205 Y43.3
G1 X86.545 Y43.215
G1 X86.889 Y43.167
G1 X87.228 Y43.155
G1 X87.521 Y43.172
G1 X87.867 Y43.227
G1 X88.205 Y43.318
G1 X88.47 Y43.417
G1 X88.785 Y43.57
G1 X89.081 Y43.756
G1 X89.306 Y43.928
G1 X89.563 Y44.167
G1 X89.786 Y44.424
G1 X89.957 Y44.662
G1 X90.131 Y44.965
G1 X90.274 Y45.285
G1 X90.364 Y45.553
G1 X90.443 Y45.895
G1 X90.471 Y46.127
G4
M118 S"@pump_pressure 0 0"
G1 X90.588 Y46.224
G4
M118 S"@pump_pressure 0 701"
G1 X90.597 Y46.53
G1 X90.579 Y46.825
G1 X90.522 Y47.184
G1 X90.448 Y47.468
G1 X90.325 Y47.806
G1 X90.168 Y48.128
G1 X89.977 Y48.434
G1 X89.799 Y48.666
G1 X89.553 Y48.93
G1 X89.281 Y49.167
G1 X89.042 Y49.337
G1 X88.73 Y49.517
G1 X88.4 Y49.664
G1 X88.122 Y49.757
G1 X87.771 Y49.838
G1 X87.423 Y49.881
G1 X87.117 Y49.89
G1 X86.822 Y49.871
G1 X86.466 Y49.815
G1 X86.118 Y49.722
G1 X85.843 Y49.619
G1 X85.519 Y49.461
G1 X85.214 Y49.27
G1 X84.981 Y49.091
G1 X84.717 Y48.845
G1 X84.487 Y48.581
G1 X84.31 Y48.334
G1 X84.13 Y48.022
G1 X83.987 Y47.702
G1 X83.89 Y47.415
G1 X83.809 Y47.064
G1 X83.766 Y46.716
G1 X83.758 Y46.412
G1 X83.782 Y46.061
G1 X83.832 Y45.759
G1 X83.906 Y45.473
G1 X84.029 Y45.134
G1 X84.186 Y44.812
G1 X84.377 Y44.507
G1 X84.556 Y44.274
G1 X84.802 Y44.01
G1 X85.066 Y43.78
G1 X85.313 Y43.603
G1 X85.627 Y43.422
G1 X85.896 Y43.299
G1 X86.175 Y43.2
G1 X86.525 Y43.113
M118 S"@sync 166"
G1 X86.879 Y43.063
G1 X87.23 Y43.051
G1 X87.533 Y43.069
G1 X87.888 Y43.125
G1 X88.236 Y43.218
G1 X88.511 Y43.321
G1 X88.835 Y43.479
G1 X89.141 Y43.67
G1 X89.373 Y43.849
G1 X89.637 Y44.095
G1 X89.868 Y44.359
G1 X90.044 Y44.606
G1 X90.224 Y44.918
G1 X90.371 Y45.247
G1 X90.464 Y45.525
G1 X90.545 Y45.877
G1 X90.575 Y46.119
G4
M118 S"@pump_pressure 0 0"
G1 X90.692 Y46.217
G4
M118 S"@pump_pressure 0 702"
G1 X90.701 Y46.532
G1 X90.682 Y46.836
G1 X90.624 Y47.205
G1 X90.548 Y47.498
G1 X90.421 Y47.847
G1 X90.259 Y48.178
G1 X90.063 Y48.493
G1 X89.878 Y48.734
G1 X89.625 Y49.005
G1 X89.345 Y49.248
G1 X89.098 Y49.424
G1 X88.777 Y49.61
G1 X88.438 Y49.761
G1 X88.15 Y49.857
G1 X87.789 Y49.94
G1 X87.431 Y49.985
G1 X87.115 Y49.994
G1 X86.811 Y49.975
G1 X86.445 Y49.917
G1 X86.086 Y49.821
G1 X85.802 Y49.715
G1 X85.469 Y49.552
G1 X85.154 Y49.356
G1 X84.914 Y49.171
G1 X84.642 Y48.918
G1 X84.405 Y48.646
G1 X84.223 Y48.391
G1 X84.037 Y48.07
G1 X83.89 Y47.74
G1 X83.79 Y47.443
G1 X83.707 Y47.082
G1 X83.663 Y46.724
G1 X83.654 Y46.41
G1 X83.679 Y46.048
G1 X83.73 Y45.737
G1 X83.807 Y45.442
G1 X83.934 Y45.093
G1 X84.095 Y44.762
G1 X84.292 Y44.447
G1 X84.476 Y44.207
G1 X84.73 Y43.935
G1 X85.002 Y43.698
G1 X85.256 Y43.516
G1 X85.579 Y43.329
G1 X85.857 Y43.203
G1 X86.145 Y43.101
G1 X86.505 Y43.011
G1 X86.87 Y42.96
G1 X87.231 Y42.947
G1 X87.544 Y42.965
G1 X87.91 Y43.023
G1 X88.268 Y43.119
G1 X88.552 Y43.226
G1 X88.886 Y43.388
G1 X89.2 Y43.585
G1 X89.441 Y43.769
M118 S"@sync 167"
G1 X89.712 Y44.023
G1 X89.949 Y44.295
G1 X90.132 Y44.549
G1 X90.317 Y44.87
G1 X90.468 Y45.209
G1 X90.564 Y45.497
G1 X90.647 Y45.859
G1 X90.679 Y46.111
G4
M118 S"@pump_pressure 0 0"
G1 X90.796 Y46.209
G4
M118 S"@pump_pressure 0 702"
G1 X90.805 Y46.534
G1 X90.785 Y46.848
G1 X90.725 Y47.226
G1 X90.647 Y47.529
G1 X90.517 Y47.888
G1 X90.35 Y48.229
G1 X90.148 Y48.552
G1 X89.957 Y48.801
G1 X89.697 Y49.08
G1 X89.409 Y49.33
G1 X89.154 Y49.512
G1 X88.824 Y49.703
G1 X88.476 Y49.858
G1 X88.179 Y49.957
G1 X87.807 Y50.043
G1 X87.439 Y50.089
G1 X87.114 Y50.098
G1 X86.8 Y50.078
G1 X86.423 Y50.019
G1 X86.055 Y49.92
G1 X85.761 Y49.81
G1 X85.418 Y49.643
G1 X85.095 Y49.441
G1 X84.846 Y49.25
G1 X84.567 Y48.99
G1 X84.324 Y48.71
G1 X84.135 Y48.447
G1 X83.945 Y48.117
G1 X83.793 Y47.778
G1 X83.69 Y47.471
G1 X83.604 Y47.1
G1 X83.559 Y46.732
G1 X83.55 Y46.408
G1 X83.575 Y46.036
G1 X83.629 Y45.716
G1 X83.707 Y45.411
G1 X83.838 Y45.053
G1 X84.004 Y44.711
G1 X84.206 Y44.388
G1 X84.397 Y44.139
G1 X84.657 Y43.86
G1 X84.937 Y43.617
G1 X85.2 Y43.428
G1 X85.532 Y43.237
G1 X85.818 Y43.106
G1 X86.115 Y43.001
G1 X86.485 Y42.909
G1 X86.861 Y42.856
G1 X87.232 Y42.843
G1 X87.555 Y42.862
G1 X87.931 Y42.922
G1 X88.3 Y43.02
G1 X88.593 Y43.13
G1 X88.936 Y43.297
G1 X89.259 Y43.499
G1 X89.508 Y43.69
G1 X89.787 Y43.95
G1 X90.031 Y44.23
G1 X90.219 Y44.493
G1 X90.41 Y44.823
G1 X90.565 Y45.172
G1 X90.664 Y45.469
M118 S"@sync 168"
G1 X90.75 Y45.84
G1 X90.782 Y46.103
G4
M118 S"@pump_pressure 0 0"
G1 X90.899 Y46.205
G4
M118 S"@pump_pressure 0 703"
G1 X90.909 Y46.535
G1 X90.889 Y46.859
G1 X90.827 Y47.247
G1 X90.746 Y47.56
G1 X90.612 Y47.928
G1 X90.441 Y48.279
G1 X90.233 Y48.612
G1 X90.037 Y48.868
G1 X89.77 Y49.155
G1 X89.474 Y49.412
G1 X89.211 Y49.599
G1 X88.871 Y49.795
G1 X88.513 Y49.955
G1 X88.207 Y50.057
G1 X87.825 Y50.145
G1 X87.446 Y50.192
G1 X87.112 Y50.201
G1 X86.788 Y50.182
G1 X86.401 Y50.12
G1 X86.023 Y50.019
G1 X85.72 Y49.906
G1 X85.368 Y49.734
G1 X85.036 Y49.526
G1 X84.779 Y49.33
G1 X84.493 Y49.062
G1 X84.242 Y48.775
G1 X84.048 Y48.504
G1 X83.852 Y48.164
G1 X83.696 Y47.816
G1 X83.59 Y47.5
G1 X83.502 Y47.118
G1 X83.455 Y46.739
G1 X83.446 Y46.406
G1 X83.472 Y46.024
G1 X83.527 Y45.694
G1 X83.608 Y45.38
G1 X83.742 Y45.012
G1 X83.913 Y44.661
G1 X84.121 Y44.329
G1 X84.318 Y44.072
G1 X84.585 Y43.786
G1 X84.873 Y43.535
G1 X85.144 Y43.341
G1 X85.484 Y43.144
G1 X85.779 Y43.01
G1 X86.085 Y42.902
G1 X86.465 Y42.807
G1 X86.852 Y42.752
G1 X87.233 Y42.739
G1 X87.566 Y42.759
G1 X87.953 Y42.82
G1 X88.332 Y42.921
G1 X88.634 Y43.034
G1 X88.986 Y43.206
G1 X89.319 Y43.414
G1 X89.575 Y43.611
G1 X89.862 Y43.878
G1 X90.112 Y44.166
G1 X90.306 Y44.437
G1 X90.502 Y44.776
G1 X90.662 Y45.134
G1 X90.764 Y45.44
G1 X90.852 Y45.822
G1 X90.887 Y46.099
G4
M118 S"@pump_pressure 0 0"
G1 X91.003 Y46.202
G4
M118 S"@pump_pressure 0 702"
G1 X91.013 Y46.537
G1 X90.992 Y46.87
M118 S"@sync 169"
G1 X90.929 Y47.268
G1 X90.846 Y47.591
G1 X90.708 Y47.969
G1 X90.532 Y48.33
G1 X90.319 Y48.671
G1 X90.116 Y48.935
G1 X89.842 Y49.229
G1 X89.538 Y49.493
G1 X89.267 Y49.687
G1 X88.919 Y49.888
G1 X88.551 Y50.052
G1 X88.235 Y50.157
G1 X87.843 Y50.248
G1 X87.454 Y50.296
G1 X87.11 Y50.305
G1 X86.777 Y50.285
G1 X86.38 Y50.222
G1 X85.991 Y50.118
G1 X85.679 Y50.001
G1 X85.318 Y49.825
G1 X84.976 Y49.612
G1 X84.712 Y49.409
G1 X84.418 Y49.135
G1 X84.16 Y48.839
G1 X83.96 Y48.56
G1 X83.759 Y48.212
G1 X83.6 Y47.854
G1 X83.49 Y47.528
G1 X83.4 Y47.136
G1 X83.351 Y46.747
G1 X83.342 Y46.404
G1 X83.369 Y46.012
G1 X83.425 Y45.672
G1 X83.509 Y45.349
G1 X83.646 Y44.971
G1 X83.822 Y44.61
G1 X84.035 Y44.269
G1 X84.238 Y44.005
G1 X84.513 Y43.711
G1 X84.808 Y43.453
G1 X85.087 Y43.253
G1 X85.436 Y43.052
G1 X85.74 Y42.914
G1 X86.055 Y42.802
G1 X86.445 Y42.705
G1 X86.843 Y42.649
G1 X87.235 Y42.635
G1 X87.578 Y42.655
G1 X87.975 Y42.718
G1 X88.363 Y42.822
G1 X88.675 Y42.939
G1 X89.037 Y43.115
G1 X89.378 Y43.328
G1 X89.642 Y43.531
G1 X89.937 Y43.806
G1 X90.194 Y44.101
G1 X90.394 Y44.38
G1 X90.595 Y44.729
G1 X90.759 Y45.096
G1 X90.864 Y45.412
G1 X90.955 Y45.804
G1 X90.991 Y46.096
G4
M118 S"@pump_pressure 0 0"
G1 X91.107 Y46.199
G4
M118 S"@pump_pressure 0 701"
G1 X91.117 Y46.539
G1 X91.096 Y46.882
G1 X91.031 Y47.29
G1 X90.945 Y47.622
G1 X90.804 Y48.01
M118 S"@sync 170"
G1 X90.623 Y48.38
G1 X90.404 Y48.73
G1 X90.195 Y49.003
G1 X89.914 Y49.304
G1 X89.603 Y49.575
G1 X89.323 Y49.774
G1 X88.966 Y49.981
G1 X88.589 Y50.148
G1 X88.263 Y50.257
G1 X87.861 Y50.35
G1 X87.462 Y50.4
G1 X87.108 Y50.409
G1 X86.766 Y50.389
G1 X86.358 Y50.324
G1 X85.959 Y50.217
G1 X85.638 Y50.097
G1 X85.267 Y49.916
G1 X84.917 Y49.697
G1 X84.645 Y49.488
G1 X84.343 Y49.207
G1 X84.079 Y48.904
G1 X83.873 Y48.616
G1 X83.667 Y48.259
G1 X83.503 Y47.892
G1 X83.39 Y47.556
G1 X83.297 Y47.154
G1 X83.248 Y46.755
G1 X83.238 Y46.402
G1 X83.265 Y46
G1 X83.323 Y45.651
G1 X83.409 Y45.318
G1 X83.55 Y44.931
G1 X83.731 Y44.56
G1 X83.95 Y44.21
G1 X84.159 Y43.938
G1 X84.44 Y43.636
G1 X84.744 Y43.372
G1 X85.031 Y43.166
G1 X85.389 Y42.96
G1 X85.701 Y42.817
G1 X86.025 Y42.702
G1 X86.425 Y42.603
G1 X86.834 Y42.545
G1 X87.236 Y42.531
G1 X87.589 Y42.552
G1 X87.996 Y42.616
G1 X88.395 Y42.723
G1 X88.716 Y42.843
G1 X89.087 Y43.024
G1 X89.437 Y43.243
G1 X89.71 Y43.452
G1 X90.011 Y43.733
G1 X90.276 Y44.037
G1 X90.481 Y44.324
G1 X90.688 Y44.681
G1 X90.856 Y45.058
G1 X90.964 Y45.384
G1 X91.057 Y45.786
G1 X91.095 Y46.093
G4
M118 S"@pump_pressure 0 0"
G1 X90.827 Y46.391
M118 S"@sync 171"
G1 X88.8 Y45.439
G1 F306.86
G4
M118 S"@pump_pressure 0 720"
G1 X88.381 Y45.02
G1 X88.091 Y44.822
G1 X87.993 Y44.779
G1 X88.875 Y45.661
G1 X88.973 Y45.906
G1 X87.741 Y44.674
G1 X87.553 Y44.634
G1 X89.014 Y46.095
G1 X89.046 Y46.274
G1 X87.366 Y44.595
G1 X87.218 Y44.594
G1 X89.056 Y46.432
G1 X89.054 Y46.578
G1 X87.069 Y44.593
G1 X86.937 Y44.608
G1 X89.042 Y46.713
G1 X89.018 Y46.836
G1 X86.813 Y44.632
G1 X86.69 Y44.656
G1 X88.993 Y46.959
G1 X88.958 Y47.071
M118 S"@sync 172"
G1 X86.574 Y44.687
G1 X86.469 Y44.73
G1 X88.914 Y47.175
G1 X88.87 Y47.278
G1 X86.364 Y44.772
G1 X86.269 Y44.825
G1 X88.826 Y47.382
G1 X88.767 Y47.47
G1 X86.179 Y44.882
G1 X86.088 Y44.939
G1 X88.707 Y47.558
G1 X88.647 Y47.645
G1 X86.001 Y45
G1 X85.927 Y45.072
M118 S"@sync 173"
G1 X88.577 Y47.723
G1 X88.502 Y47.795
G1 X85.852 Y45.145
G1 X85.777 Y45.217
G1 X88.427 Y47.868
G1 X88.352 Y47.94
G1 X85.707 Y45.295
G1 X85.647 Y45.383
G1 X88.266 Y48.002
G1 X88.176 Y48.059
G1 X85.587 Y45.47
G1 X85.528 Y45.558
M118 S"@sync 174"
G1 X88.086 Y48.116
G1 X87.989 Y48.167
G1 X85.484 Y45.662
G1 X85.44 Y45.766
G1 X87.884 Y48.209
G1 X87.778 Y48.251
G1 X85.396 Y45.869
G1 X85.36 Y45.981
G1 X87.666 Y48.287
G1 X87.541 Y48.309
G1 X85.335 Y46.103
G1 X85.309 Y46.225
G1 X87.416 Y48.331
G1 X87.288 Y48.351
G1 X85.303 Y46.366
G1 X85.299 Y46.509
M118 S"@sync 175"
G1 X87.138 Y48.348
G1 X86.988 Y48.346
G1 X85.308 Y46.666
G1 X85.34 Y46.845
G1 X86.801 Y48.306
G1 X86.613 Y48.266
G1 X85.382 Y47.035
G1 X85.479 Y47.279
G1 X86.362 Y48.162
G1 X86.263 Y48.119
G1 X85.973 Y47.92
G1 X85.554 Y47.502
G92 E0
G4
M118 S"@pump_pressure 0 0"
G1 Z.75 F300
M118 S"@pic"
G1 X89.137 Y46.342
G4
M118 S"@pump_pressure 0 700"
G1 X89.131 Y46.667
G1 X89.057 Y47.036
G1 X88.894 Y47.422
G1 X88.687 Y47.726
G1 X88.379 Y48.023
G1 X88.068 Y48.219
G1 X87.727 Y48.355
G1 X87.305 Y48.429
G1 X86.981 Y48.424
G1 X86.562 Y48.335
G1 X86.225 Y48.187
G1 X85.922 Y47.98
G1 X85.624 Y47.672
G1 X85.428 Y47.361
G1 X85.292 Y47.02
G1 X85.218 Y46.601
G1 X85.224 Y46.274
G1 X85.297 Y45.905
G1 X85.46 Y45.518
G1 X85.668 Y45.214
G1 X85.973 Y44.919
G1 X86.294 Y44.717
G1 X86.642 Y44.581
G1 X87.006 Y44.515
G1 X87.374 Y44.517
G1 X87.792 Y44.605
G1 X88.129 Y44.753
G1 X88.433 Y44.961
M118 S"@sync 176"
G1 X88.728 Y45.266
G1 X88.926 Y45.579
G1 X89.062 Y45.92
G1 X89.124 Y46.236
G4
M118 S"@pump_pressure 0 0"
G1 X89.24 Y46.334
G4
M118 S"@pump_pressure 0 701"
G1 X89.234 Y46.678
G1 X89.157 Y47.067
G1 X88.985 Y47.473
G1 X88.766 Y47.793
G1 X88.443 Y48.105
G1 X88.116 Y48.312
G1 X87.755 Y48.455
G1 X87.313 Y48.533
G1 X86.969 Y48.527
G1 X86.53 Y48.434
G1 X86.175 Y48.278
G1 X85.854 Y48.059
G1 X85.543 Y47.736
G1 X85.335 Y47.409
G1 X85.192 Y47.048
G1 X85.114 Y46.609
G1 X85.12 Y46.262
G1 X85.198 Y45.874
G1 X85.369 Y45.468
G1 X85.588 Y45.147
G1 X85.909 Y44.837
G1 X86.246 Y44.624
G1 X86.613 Y44.481
G1 X86.997 Y44.411
G1 X87.385 Y44.413
G1 X87.824 Y44.506
G1 X88.18 Y44.662
G1 X88.5 Y44.881
G1 X88.81 Y45.202
G1 X89.019 Y45.532
G1 X89.162 Y45.892
G1 X89.227 Y46.229
G4
M118 S"@pump_pressure 0 0"
G1 X89.344 Y46.327
G4
M118 S"@pump_pressure 0 703"
G1 X89.338 Y46.689
G1 X89.256 Y47.097
G1 X89.076 Y47.523
G1 X88.845 Y47.86
G1 X88.508 Y48.186
G1 X88.163 Y48.405
G1 X87.783 Y48.555
G1 X87.321 Y48.637
G1 X86.958 Y48.631
G1 X86.499 Y48.533
G1 X86.124 Y48.369
G1 X85.787 Y48.138
G1 X85.461 Y47.801
G1 X85.243 Y47.456
G1 X85.092 Y47.076
G1 X85.011 Y46.616
G1 X85.017 Y46.251
G1 X85.098 Y45.843
G1 X85.278 Y45.417
G1 X85.509 Y45.08
G1 X85.844 Y44.756
G1 X86.198 Y44.532
G1 X86.584 Y44.381
G1 X86.988 Y44.307
M118 S"@sync 177"
G1 X87.397 Y44.31
G1 X87.856 Y44.407
G1 X88.23 Y44.571
G1 X88.567 Y44.802
G1 X88.892 Y45.137
G1 X89.112 Y45.484
G1 X89.262 Y45.864
G1 X89.331 Y46.221
G4
M118 S"@pump_pressure 0 0"
G1 X89.448 Y46.319
G4
M118 S"@pump_pressure 0 702"
G1 X89.441 Y46.701
G1 X89.356 Y47.128
G1 X89.272 Y47.359
G1 X89.167 Y47.573
G1 X88.925 Y47.927
G1 X88.758 Y48.107
G1 X88.572 Y48.268
G1 X88.21 Y48.497
G1 X87.812 Y48.655
G1 X87.572 Y48.711
G1 X87.329 Y48.741
G1 X86.947 Y48.734
G1 X86.704 Y48.696
G1 X86.467 Y48.632
G1 X86.074 Y48.46
G1 X85.72 Y48.218
G1 X85.541 Y48.051
G1 X85.379 Y47.865
G1 X85.15 Y47.503
G1 X84.992 Y47.105
G1 X84.937 Y46.865
G1 X84.907 Y46.624
G1 X84.913 Y46.24
G1 X84.999 Y45.812
G1 X85.083 Y45.581
G1 X85.187 Y45.367
G1 X85.429 Y45.013
G1 X85.597 Y44.833
G1 X85.78 Y44.674
G1 X86.151 Y44.439
G1 X86.555 Y44.281
G1 X86.979 Y44.204
G1 X87.408 Y44.206
G1 X87.65 Y44.245
G1 X87.888 Y44.308
G1 X88.281 Y44.48
G1 X88.634 Y44.722
G1 X88.814 Y44.89
G1 X88.973 Y45.073
G1 X89.204 Y45.437
G1 X89.363 Y45.836
G1 X89.435 Y46.213
G4
M118 S"@pump_pressure 0 0"
G1 X89.551 Y46.311
G4
M118 S"@pump_pressure 0 701"
G1 X89.544 Y46.712
G1 X89.455 Y47.159
G1 X89.367 Y47.4
G1 X89.258 Y47.624
G1 X89.004 Y47.995
G1 X88.83 Y48.182
G1 X88.637 Y48.35
G1 X88.257 Y48.59
G1 X87.84 Y48.756
G1 X87.59 Y48.813
G1 X87.336 Y48.844
G1 X86.935 Y48.837
G1 X86.683 Y48.797
G1 X86.435 Y48.731
G1 X86.023 Y48.551
G1 X85.653 Y48.297
G1 X85.466 Y48.123
G1 X85.298 Y47.93
G1 X85.057 Y47.55
G1 X84.892 Y47.133
G1 X84.834 Y46.883
M118 S"@sync 178"
G1 X84.803 Y46.632
G1 X84.81 Y46.228
G1 X84.9 Y45.781
G1 X84.987 Y45.54
G1 X85.096 Y45.316
G1 X85.35 Y44.946
G1 X85.525 Y44.758
G1 X85.716 Y44.592
G1 X86.103 Y44.347
G1 X86.525 Y44.182
G1 X86.97 Y44.1
G1 X87.419 Y44.103
G1 X87.672 Y44.143
G1 X87.919 Y44.209
G1 X88.331 Y44.389
G1 X88.702 Y44.643
G1 X88.889 Y44.818
G1 X89.055 Y45.009
G1 X89.297 Y45.39
G1 X89.463 Y45.807
G1 X89.538 Y46.205
G4
M118 S"@pump_pressure 0 0"
G1 X89.655 Y46.303
G4
M118 S"@pump_pressure 0 701"
G1 X89.648 Y46.723
G1 X89.554 Y47.19
G1 X89.463 Y47.44
G1 X89.349 Y47.674
G1 X89.084 Y48.062
G1 X88.902 Y48.256
G1 X88.701 Y48.431
G1 X88.305 Y48.683
G1 X87.868 Y48.856
G1 X87.608 Y48.916
G1 X87.344 Y48.948
G1 X86.924 Y48.941
G1 X86.661 Y48.899
G1 X86.403 Y48.83
G1 X85.973 Y48.642
G1 X85.586 Y48.377
G1 X85.391 Y48.195
G1 X85.216 Y47.994
G1 X84.965 Y47.598
G1 X84.792 Y47.161
G1 X84.732 Y46.901
G1 X84.699 Y46.64
G1 X84.706 Y46.217
G1 X84.8 Y45.75
G1 X84.891 Y45.5
G1 X85.005 Y45.266
G1 X85.271 Y44.878
G1 X85.452 Y44.684
G1 X85.651 Y44.511
G1 X86.056 Y44.254
G1 X86.496 Y44.082
G1 X86.961 Y43.996
G1 X87.431 Y43.999
G1 X87.693 Y44.041
G1 X87.951 Y44.11
G1 X88.381 Y44.298
G1 X88.769 Y44.564
G1 X88.964 Y44.745
G1 X89.137 Y44.944
G1 X89.39 Y45.343
G1 X89.563 Y45.779
G1 X89.642 Y46.198
G4
M118 S"@pump_pressure 0 0"
G1 X89.759 Y46.296
G4
M118 S"@pump_pressure 0 703"
G1 X89.751 Y46.734
G1 X89.654 Y47.221
G1 X89.559 Y47.481
G1 X89.44 Y47.725
M118 S"@sync 179"
G1 X89.163 Y48.129
G1 X88.974 Y48.331
G1 X88.765 Y48.513
G1 X88.352 Y48.775
G1 X87.896 Y48.956
G1 X87.626 Y49.018
G1 X87.352 Y49.052
G1 X86.913 Y49.044
G1 X86.639 Y49.001
G1 X86.372 Y48.929
G1 X85.923 Y48.733
G1 X85.518 Y48.456
G1 X85.316 Y48.267
G1 X85.134 Y48.058
G1 X84.872 Y47.645
G1 X84.691 Y47.189
G1 X84.629 Y46.919
G1 X84.596 Y46.647
G1 X84.603 Y46.206
G1 X84.701 Y45.72
G1 X84.796 Y45.459
G1 X84.914 Y45.216
G1 X85.191 Y44.811
G1 X85.38 Y44.609
G1 X85.587 Y44.429
G1 X86.008 Y44.162
G1 X86.467 Y43.982
G1 X86.952 Y43.893
G1 X87.442 Y43.896
G1 X87.715 Y43.939
G1 X87.983 Y44.011
G1 X88.432 Y44.207
G1 X88.836 Y44.484
G1 X89.039 Y44.673
G1 X89.218 Y44.88
G1 X89.482 Y45.296
G1 X89.663 Y45.751
G1 X89.746 Y46.19
G4
M118 S"@pump_pressure 0 0"
G1 X89.863 Y46.288
G4
M118 S"@pump_pressure 0 702"
G1 X89.855 Y46.746
G1 X89.753 Y47.252
G1 X89.655 Y47.522
G1 X89.531 Y47.775
G1 X89.243 Y48.196
G1 X89.047 Y48.406
G1 X88.83 Y48.595
G1 X88.399 Y48.868
G1 X87.925 Y49.056
G1 X87.644 Y49.121
G1 X87.359 Y49.156
G1 X86.901 Y49.148
G1 X86.618 Y49.103
G1 X86.34 Y49.028
G1 X85.872 Y48.824
G1 X85.451 Y48.536
G1 X85.241 Y48.34
G1 X85.053 Y48.123
G1 X84.779 Y47.692
G1 X84.591 Y47.218
G1 X84.527 Y46.937
G1 X84.492 Y46.655
G1 X84.5 Y46.194
G1 X84.601 Y45.689
G1 X84.7 Y45.419
G1 X84.823 Y45.165
G1 X85.112 Y44.744
M118 S"@sync 180"
G1 X85.308 Y44.534
G1 X85.522 Y44.347
G1 X85.96 Y44.069
G1 X86.438 Y43.882
G1 X86.943 Y43.789
G1 X87.453 Y43.793
G1 X87.737 Y43.838
G1 X88.014 Y43.912
G1 X88.482 Y44.116
G1 X88.903 Y44.405
G1 X89.113 Y44.601
G1 X89.3 Y44.815
G1 X89.575 Y45.248
G1 X89.763 Y45.723
G1 X89.85 Y46.182
G4
M118 S"@pump_pressure 0 0"
G1 X89.966 Y46.28
G4
M118 S"@pump_pressure 0 702"
G1 X89.958 Y46.757
G1 X89.911 Y47.057
G1 X89.852 Y47.282
G1 X89.75 Y47.562
G1 X89.622 Y47.826
G1 X89.466 Y48.076
G1 X89.322 Y48.263
G1 X89.119 Y48.481
G1 X88.894 Y48.676
G1 X88.704 Y48.812
G1 X88.446 Y48.961
G1 X88.174 Y49.082
G1 X87.953 Y49.156
G1 X87.663 Y49.223
G1 X87.367 Y49.259
G1 X86.89 Y49.251
G1 X86.596 Y49.204
G1 X86.308 Y49.127
G1 X86.09 Y49.046
G1 X85.822 Y48.915
G1 X85.572 Y48.759
G1 X85.384 Y48.615
G1 X85.166 Y48.412
G1 X84.971 Y48.187
G1 X84.835 Y47.997
G1 X84.686 Y47.739
G1 X84.565 Y47.467
G1 X84.491 Y47.246
G1 X84.424 Y46.955
G1 X84.388 Y46.663
G1 X84.396 Y46.183
G1 X84.444 Y45.884
G1 X84.502 Y45.658
G1 X84.604 Y45.378
G1 X84.732 Y45.115
G1 X84.888 Y44.865
G1 X85.032 Y44.677
G1 X85.235 Y44.459
G1 X85.458 Y44.266
G1 X85.65 Y44.128
G1 X85.913 Y43.977
G1 X86.125 Y43.88
G1 X86.409 Y43.782
G1 X86.639 Y43.727
G1 X86.934 Y43.685
G1 X87.228 Y43.675
G1 X87.464 Y43.689
G1 X87.758 Y43.736
G1 X88.046 Y43.813
G1 X88.265 Y43.895
G1 X88.533 Y44.025
G1 X88.783 Y44.181
G1 X88.97 Y44.325
G1 X89.188 Y44.528
G1 X89.382 Y44.751
G1 X89.519 Y44.943
G1 X89.668 Y45.201
G1 X89.789 Y45.473
G1 X89.863 Y45.695
G1 X89.953 Y46.175
G4
M118 S"@pump_pressure 0 0"
G1 X90.07 Y46.273
G4
M118 S"@pump_pressure 0 703"
G1 X90.062 Y46.768
G1 X90.013 Y47.078
M118 S"@sync 181"
G1 X89.952 Y47.313
G1 X89.846 Y47.603
G1 X89.713 Y47.876
G1 X89.551 Y48.135
G1 X89.401 Y48.331
G1 X89.191 Y48.556
G1 X88.959 Y48.758
G1 X88.76 Y48.899
G1 X88.494 Y49.054
G1 X88.212 Y49.179
G1 X87.981 Y49.256
G1 X87.681 Y49.326
G1 X87.375 Y49.363
G1 X86.879 Y49.354
G1 X86.574 Y49.306
G1 X86.277 Y49.226
G1 X86.049 Y49.141
G1 X85.771 Y49.006
G1 X85.513 Y48.844
G1 X85.317 Y48.694
G1 X85.091 Y48.484
G1 X84.889 Y48.252
G1 X84.748 Y48.053
G1 X84.594 Y47.786
G1 X84.468 Y47.505
G1 X84.391 Y47.274
G1 X84.322 Y46.973
G1 X84.284 Y46.671
G1 X84.293 Y46.172
G1 X84.342 Y45.863
G1 X84.403 Y45.627
G1 X84.508 Y45.337
G1 X84.641 Y45.064
G1 X84.803 Y44.805
G1 X84.953 Y44.61
G1 X85.163 Y44.384
G1 X85.393 Y44.184
G1 X85.594 Y44.041
G1 X85.865 Y43.884
G1 X86.087 Y43.783
G1 X86.38 Y43.682
G1 X86.619 Y43.625
G1 X86.925 Y43.582
G1 X87.23 Y43.571
G1 X87.476 Y43.586
G1 X87.78 Y43.634
G1 X88.078 Y43.714
G1 X88.306 Y43.799
G1 X88.583 Y43.934
G1 X88.842 Y44.096
G1 X89.038 Y44.246
G1 X89.263 Y44.456
G1 X89.463 Y44.686
G1 X89.607 Y44.887
G1 X89.761 Y45.154
G1 X89.886 Y45.435
G1 X89.963 Y45.666
G1 X90.033 Y45.967
G1 X90.057 Y46.167
G4
M118 S"@pump_pressure 0 0"
G1 X90.174 Y46.265
G4
M118 S"@pump_pressure 0 702"
G1 X90.165 Y46.78
G1 X90.114 Y47.099
G1 X90.051 Y47.344
G1 X89.942 Y47.644
G1 X89.804 Y47.926
G1 X89.637 Y48.194
G1 X89.481 Y48.398
G1 X89.264 Y48.631
G1 X89.023 Y48.84
G1 X88.817 Y48.987
G1 X88.541 Y49.146
G1 X88.25 Y49.276
G1 X88.009 Y49.356
G1 X87.699 Y49.428
G1 X87.382 Y49.467
G1 X86.868 Y49.458
G1 X86.553 Y49.408
G1 X86.245 Y49.326
G1 X86.008 Y49.237
G1 X85.721 Y49.097
G1 X85.453 Y48.93
G1 X85.25 Y48.774
G1 X85.017 Y48.557
G1 X84.808 Y48.316
M118 S"@sync 182"
G1 X84.66 Y48.11
G1 X84.501 Y47.834
G1 X84.371 Y47.542
G1 X84.291 Y47.302
G1 X84.219 Y46.991
G1 X84.181 Y46.678
G1 X84.189 Y46.16
G1 X84.24 Y45.841
G1 X84.303 Y45.596
G1 X84.412 Y45.297
G1 X84.55 Y45.014
G1 X84.717 Y44.746
G1 X84.874 Y44.543
G1 X85.091 Y44.309
G1 X85.329 Y44.102
G1 X85.538 Y43.953
G1 X85.817 Y43.792
G1 X86.048 Y43.687
G1 X86.35 Y43.582
G1 X86.6 Y43.522
G1 X86.916 Y43.478
G1 X87.231 Y43.467
G1 X87.487 Y43.482
G1 X87.802 Y43.532
G1 X88.11 Y43.615
G1 X88.347 Y43.703
G1 X88.633 Y43.843
G1 X88.901 Y44.01
G1 X89.105 Y44.167
G1 X89.338 Y44.384
G1 X89.545 Y44.622
G1 X89.694 Y44.831
G1 X89.853 Y45.107
G1 X89.983 Y45.398
G1 X90.063 Y45.638
G1 X90.135 Y45.949
G1 X90.161 Y46.159
G4
M118 S"@pump_pressure 0 0"
G1 X90.278 Y46.257
G4
M118 S"@pump_pressure 0 702"
G1 X90.268 Y46.791
G1 X90.216 Y47.12
G1 X90.15 Y47.375
G1 X90.038 Y47.684
G1 X89.895 Y47.977
G1 X89.722 Y48.253
G1 X89.56 Y48.465
G1 X89.336 Y48.706
G1 X89.087 Y48.921
G1 X88.873 Y49.074
G1 X88.588 Y49.239
G1 X88.287 Y49.373
G1 X88.038 Y49.456
G1 X87.717 Y49.53
G1 X87.39 Y49.571
G1 X86.856 Y49.561
G1 X86.531 Y49.51
G1 X86.213 Y49.425
G1 X85.967 Y49.332
G1 X85.67 Y49.188
G1 X85.394 Y49.015
G1 X85.182 Y48.853
G1 X84.942 Y48.629
G1 X84.726 Y48.38
G1 X84.573 Y48.166
G1 X84.408 Y47.881
G1 X84.274 Y47.58
G1 X84.191 Y47.33
G1 X84.117 Y47.01
G1 X84.077 Y46.686
G1 X84.086 Y46.149
G1 X84.138 Y45.82
G1 X84.204 Y45.565
G1 X84.317 Y45.256
G1 X84.459 Y44.963
G1 X84.632 Y44.687
G1 X84.794 Y44.475
G1 X85.019 Y44.235
G1 X85.265 Y44.021
G1 X85.482 Y43.866
G1 X85.77 Y43.699
G1 X86.01 Y43.59
M118 S"@sync 183"
G1 X86.321 Y43.483
G1 X86.581 Y43.42
G1 X86.906 Y43.374
G1 X87.232 Y43.363
G1 X87.498 Y43.379
G1 X87.823 Y43.43
G1 X88.141 Y43.516
G1 X88.388 Y43.608
G1 X88.684 Y43.752
G1 X88.96 Y43.925
G1 X89.172 Y44.087
G1 X89.413 Y44.312
G1 X89.627 Y44.557
G1 X89.782 Y44.775
G1 X89.946 Y45.059
G1 X90.08 Y45.36
G1 X90.163 Y45.61
G1 X90.238 Y45.931
G1 X90.265 Y46.151
G4
M118 S"@pump_pressure 0 0"
G1 X90.381 Y46.249
G4
M118 S"@pump_pressure 0 702"
G1 X90.372 Y46.802
G1 X90.318 Y47.141
G1 X90.25 Y47.406
G1 X90.133 Y47.725
G1 X89.986 Y48.027
G1 X89.808 Y48.313
G1 X89.64 Y48.532
G1 X89.408 Y48.78
G1 X89.152 Y49.003
G1 X88.929 Y49.162
G1 X88.635 Y49.332
G1 X88.325 Y49.47
G1 X88.066 Y49.557
G1 X87.735 Y49.633
G1 X87.398 Y49.674
G1 X86.845 Y49.665
G1 X86.51 Y49.612
G1 X86.181 Y49.524
G1 X85.925 Y49.428
G1 X85.62 Y49.279
G1 X85.335 Y49.101
G1 X85.115 Y48.933
G1 X84.867 Y48.701
G1 X84.644 Y48.445
G1 X84.485 Y48.222
G1 X84.316 Y47.928
G1 X84.177 Y47.618
G1 X84.091 Y47.359
G1 X84.014 Y47.028
G1 X83.973 Y46.694
G1 X83.983 Y46.138
G1 X84.036 Y45.799
G1 X84.105 Y45.534
G1 X84.221 Y45.215
G1 X84.368 Y44.913
G1 X84.546 Y44.628
G1 X84.715 Y44.408
G1 X84.946 Y44.16
G1 X85.2 Y43.939
G1 X85.425 Y43.778
G1 X85.722 Y43.607
G1 X85.971 Y43.493
G1 X86.292 Y43.383
G1 X86.561 Y43.318
G1 X86.897 Y43.271
G1 X87.234 Y43.259
G1 X87.51 Y43.276
G1 X87.845 Y43.329
G1 X88.173 Y43.417
G1 X88.429 Y43.512
G1 X88.734 Y43.661
G1 X89.02 Y43.839
G1 X89.239 Y44.008
G1 X89.488 Y44.239
G1 X89.708 Y44.493
G1 X89.869 Y44.718
G1 X90.039 Y45.012
G1 X90.177 Y45.322
M118 S"@sync 184"
G1 X90.264 Y45.582
G1 X90.34 Y45.913
G1 X90.368 Y46.144
G4
M118 S"@pump_pressure 0 0"
G1 X90.485 Y46.242
G4
M118 S"@pump_pressure 0 701"
G1 X90.475 Y46.814
G1 X90.42 Y47.162
G1 X90.349 Y47.437
G1 X90.229 Y47.766
G1 X90.077 Y48.078
G1 X89.893 Y48.372
G1 X89.719 Y48.599
G1 X89.48 Y48.855
G1 X89.216 Y49.085
G1 X88.986 Y49.249
G1 X88.682 Y49.424
G1 X88.363 Y49.567
G1 X88.094 Y49.657
G1 X87.753 Y49.735
G1 X87.406 Y49.778
G1 X86.834 Y49.768
G1 X86.488 Y49.713
G1 X86.15 Y49.623
G1 X85.884 Y49.524
G1 X85.57 Y49.37
G1 X85.275 Y49.186
G1 X85.048 Y49.012
G1 X84.792 Y48.773
G1 X84.562 Y48.509
G1 X84.398 Y48.279
G1 X84.223 Y47.975
G1 X84.081 Y47.656
G1 X83.991 Y47.387
G1 X83.912 Y47.046
G1 X83.87 Y46.702
G1 X83.862 Y46.412
G1 X83.879 Y46.127
G1 X83.934 Y45.778
G1 X84.005 Y45.504
G1 X84.125 Y45.175
G1 X84.277 Y44.863
G1 X84.461 Y44.568
G1 X84.635 Y44.341
G1 X84.874 Y44.085
G1 X85.136 Y43.857
G1 X85.369 Y43.691
G1 X85.674 Y43.514
G1 X85.932 Y43.397
G1 X86.263 Y43.283
G1 X86.542 Y43.216
G1 X86.888 Y43.167
G1 X87.235 Y43.155
G1 X87.521 Y43.172
G1 X87.867 Y43.227
G1 X88.205 Y43.318
G1 X88.47 Y43.417
G1 X88.785 Y43.57
G1 X89.079 Y43.754
G1 X89.306 Y43.928
G1 X89.562 Y44.167
G1 X89.79 Y44.429
G1 X89.957 Y44.662
G1 X90.131 Y44.965
G1 X90.274 Y45.285
G1 X90.364 Y45.553
G1 X90.442 Y45.894
G1 X90.472 Y46.136
G4
M118 S"@pump_pressure 0 0"
G1 X90.589 Y46.234
G4
M118 S"@pump_pressure 0 701"
G1 X90.597 Y46.53
G1 X90.579 Y46.825
G1 X90.522 Y47.184
G1 X90.448 Y47.468
G1 X90.325 Y47.806
G1 X90.168 Y48.128
G1 X89.979 Y48.431
G1 X89.798 Y48.667
G1 X89.553 Y48.93
M118 S"@sync 185"
G1 X89.281 Y49.167
G1 X89.042 Y49.337
G1 X88.73 Y49.517
G1 X88.4 Y49.664
G1 X88.122 Y49.757
G1 X87.771 Y49.838
G1 X87.413 Y49.882
G1 X87.117 Y49.89
G1 X86.822 Y49.871
G1 X86.466 Y49.815
G1 X86.118 Y49.722
G1 X85.843 Y49.619
G1 X85.519 Y49.461
G1 X85.216 Y49.272
G1 X84.981 Y49.091
G1 X84.717 Y48.846
G1 X84.481 Y48.574
G1 X84.31 Y48.335
G1 X84.13 Y48.023
G1 X83.984 Y47.693
G1 X83.891 Y47.415
G1 X83.809 Y47.064
G1 X83.766 Y46.709
G1 X83.758 Y46.41
G1 X83.776 Y46.115
G1 X83.833 Y45.757
G1 X83.906 Y45.473
G1 X84.029 Y45.134
G1 X84.186 Y44.812
G1 X84.375 Y44.509
G1 X84.556 Y44.274
G1 X84.802 Y44.01
G1 X85.071 Y43.776
G1 X85.313 Y43.603
G1 X85.627 Y43.422
G1 X85.894 Y43.3
G1 X86.234 Y43.183
G1 X86.522 Y43.114
G1 X86.879 Y43.063
G1 X87.236 Y43.051
G1 X87.532 Y43.069
G1 X87.888 Y43.125
G1 X88.236 Y43.218
G1 X88.511 Y43.321
G1 X88.835 Y43.479
G1 X89.138 Y43.668
G1 X89.374 Y43.849
G1 X89.637 Y44.095
G1 X89.872 Y44.364
G1 X90.044 Y44.606
G1 X90.224 Y44.918
G1 X90.371 Y45.247
G1 X90.464 Y45.525
G1 X90.545 Y45.876
G1 X90.576 Y46.128
G4
M118 S"@pump_pressure 0 0"
G1 X90.693 Y46.226
G4
M118 S"@pump_pressure 0 699"
G1 X90.701 Y46.532
G1 X90.682 Y46.836
G1 X90.624 Y47.205
G1 X90.548 Y47.498
G1 X90.421 Y47.847
G1 X90.259 Y48.179
G1 X90.064 Y48.49
G1 X89.878 Y48.734
G1 X89.625 Y49.005
G1 X89.345 Y49.248
G1 X89.098 Y49.424
G1 X88.777 Y49.61
G1 X88.438 Y49.761
G1 X88.15 Y49.857
G1 X87.789 Y49.94
G1 X87.421 Y49.986
G1 X87.116 Y49.994
G1 X86.811 Y49.975
G1 X86.445 Y49.917
M118 S"@sync 186"
G1 X86.086 Y49.821
G1 X85.802 Y49.715
G1 X85.469 Y49.552
G1 X85.157 Y49.357
G1 X84.914 Y49.171
G1 X84.642 Y48.918
G1 X84.399 Y48.638
G1 X84.223 Y48.391
G1 X84.038 Y48.07
G1 X83.887 Y47.731
G1 X83.79 Y47.443
G1 X83.707 Y47.082
G1 X83.662 Y46.717
G1 X83.654 Y46.409
G1 X83.672 Y46.104
G1 X83.731 Y45.736
G1 X83.807 Y45.442
G1 X83.934 Y45.093
G1 X84.095 Y44.762
G1 X84.29 Y44.45
G1 X84.477 Y44.207
G1 X84.729 Y43.935
G1 X85.007 Y43.694
G1 X85.256 Y43.516
G1 X85.579 Y43.329
G1 X85.855 Y43.204
G1 X86.205 Y43.083
G1 X86.503 Y43.011
G1 X86.87 Y42.96
G1 X87.238 Y42.947
G1 X87.544 Y42.965
G1 X87.91 Y43.023
G1 X88.268 Y43.119
G1 X88.552 Y43.226
G1 X88.886 Y43.388
G1 X89.197 Y43.583
G1 X89.441 Y43.769
G1 X89.712 Y44.022
G1 X89.953 Y44.3
G1 X90.131 Y44.549
G1 X90.317 Y44.87
G1 X90.468 Y45.209
G1 X90.564 Y45.497
G1 X90.647 Y45.858
G1 X90.68 Y46.121
G4
M118 S"@pump_pressure 0 0"
G1 X90.796 Y46.224
G4
M118 S"@pump_pressure 0 703"
G1 X90.805 Y46.533
G1 X90.785 Y46.848
G1 X90.725 Y47.226
G1 X90.647 Y47.529
G1 X90.517 Y47.888
G1 X90.35 Y48.229
G1 X90.15 Y48.55
G1 X89.957 Y48.801
G1 X89.697 Y49.08
G1 X89.409 Y49.33
G1 X89.154 Y49.512
G1 X88.824 Y49.702
G1 X88.476 Y49.858
G1 X88.179 Y49.957
G1 X87.807 Y50.043
G1 X87.429 Y50.089
G1 X87.114 Y50.098
G1 X86.8 Y50.078
G1 X86.423 Y50.019
G1 X86.055 Y49.92
G1 X85.761 Y49.81
G1 X85.418 Y49.643
G1 X85.098 Y49.443
G1 X84.846 Y49.25
G1 X84.568 Y48.99
G1 X84.317 Y48.702
M118 S"@sync 187"
G1 X84.135 Y48.447
G1 X83.945 Y48.117
G1 X83.79 Y47.769
G1 X83.69 Y47.472
G1 X83.604 Y47.1
G1 X83.558 Y46.725
G1 X83.55 Y46.407
G1 X83.569 Y46.093
G1 X83.629 Y45.714
G1 X83.707 Y45.411
G1 X83.838 Y45.053
G1 X84.004 Y44.711
G1 X84.204 Y44.391
G1 X84.397 Y44.139
G1 X84.657 Y43.86
G1 X84.942 Y43.612
G1 X85.2 Y43.428
G1 X85.532 Y43.237
G1 X85.817 Y43.107
G1 X86.176 Y42.983
G1 X86.483 Y42.909
G1 X86.861 Y42.856
G1 X87.239 Y42.843
G1 X87.555 Y42.862
G1 X87.931 Y42.922
G1 X88.3 Y43.02
G1 X88.593 Y43.13
G1 X88.936 Y43.297
G1 X89.257 Y43.497
G1 X89.508 Y43.69
G1 X89.787 Y43.95
G1 X90.035 Y44.235
G1 X90.219 Y44.493
G1 X90.41 Y44.823
G1 X90.565 Y45.172
G1 X90.664 Y45.469
G1 X90.75 Y45.84
G1 X90.784 Y46.118
G4
M118 S"@pump_pressure 0 0"
G1 X90.9 Y46.221
G4
M118 S"@pump_pressure 0 702"
G1 X90.909 Y46.535
G1 X90.889 Y46.859
G1 X90.827 Y47.247
G1 X90.746 Y47.56
G1 X90.612 Y47.928
G1 X90.441 Y48.279
G1 X90.235 Y48.609
G1 X90.037 Y48.868
G1 X89.77 Y49.155
G1 X89.474 Y49.412
G1 X89.211 Y49.599
G1 X88.871 Y49.795
G1 X88.513 Y49.955
G1 X88.207 Y50.057
G1 X87.825 Y50.145
G1 X87.436 Y50.193
G1 X87.112 Y50.202
G1 X86.788 Y50.182
G1 X86.401 Y50.12
G1 X86.023 Y50.019
G1 X85.72 Y49.906
G1 X85.368 Y49.734
G1 X85.038 Y49.528
G1 X84.779 Y49.33
G1 X84.493 Y49.062
G1 X84.236 Y48.767
G1 X84.048 Y48.504
G1 X83.852 Y48.164
G1 X83.693 Y47.806
G1 X83.59 Y47.5
G1 X83.502 Y47.118
M118 S"@sync 188"
G1 X83.455 Y46.733
G1 X83.446 Y46.405
G1 X83.466 Y46.081
G1 X83.527 Y45.693
G1 X83.608 Y45.38
G1 X83.742 Y45.012
G1 X83.913 Y44.661
G1 X84.119 Y44.331
G1 X84.318 Y44.072
G1 X84.585 Y43.786
G1 X84.878 Y43.531
G1 X85.144 Y43.341
G1 X85.484 Y43.144
G1 X85.778 Y43.01
G1 X86.146 Y42.883
G1 X86.464 Y42.807
G1 X86.852 Y42.753
G1 X87.24 Y42.739
G1 X87.566 Y42.759
G1 X87.953 Y42.82
G1 X88.332 Y42.921
G1 X88.634 Y43.034
G1 X88.986 Y43.206
G1 X89.316 Y43.412
G1 X89.575 Y43.611
G1 X89.862 Y43.878
G1 X90.117 Y44.171
G1 X90.306 Y44.437
G1 X90.502 Y44.776
G1 X90.662 Y45.134
G1 X90.764 Y45.44
G1 X90.852 Y45.822
G1 X90.888 Y46.115
G4
M118 S"@pump_pressure 0 0"
G1 X91.004 Y46.218
G4
M118 S"@pump_pressure 0 701"
G1 X91.013 Y46.537
G1 X90.992 Y46.87
G1 X90.929 Y47.268
G1 X90.846 Y47.591
G1 X90.708 Y47.969
G1 X90.532 Y48.33
G1 X90.321 Y48.668
G1 X90.116 Y48.935
G1 X89.842 Y49.229
G1 X89.538 Y49.493
G1 X89.267 Y49.687
G1 X88.919 Y49.888
G1 X88.551 Y50.052
G1 X88.235 Y50.157
G1 X87.843 Y50.248
G1 X87.444 Y50.297
G1 X87.11 Y50.305
G1 X86.777 Y50.285
G1 X86.38 Y50.222
G1 X85.991 Y50.118
G1 X85.679 Y50.001
G1 X85.317 Y49.825
G1 X84.979 Y49.614
G1 X84.712 Y49.409
G1 X84.418 Y49.135
G1 X84.154 Y48.831
G1 X83.96 Y48.56
G1 X83.759 Y48.212
G1 X83.596 Y47.844
G1 X83.49 Y47.528
G1 X83.4 Y47.136
G1 X83.351 Y46.74
G1 X83.342 Y46.403
G1 X83.362 Y46.07
G1 X83.425 Y45.672
M118 S"@sync 189"
G1 X83.509 Y45.349
G1 X83.646 Y44.971
G1 X83.822 Y44.61
G1 X84.033 Y44.272
G1 X84.238 Y44.005
G1 X84.513 Y43.711
G1 X84.813 Y43.449
G1 X85.087 Y43.253
G1 X85.436 Y43.052
G1 X85.74 Y42.914
G1 X86.117 Y42.784
G1 X86.445 Y42.705
G1 X86.843 Y42.649
G1 X87.241 Y42.635
G1 X87.577 Y42.655
G1 X87.975 Y42.718
G1 X88.363 Y42.822
G1 X88.675 Y42.939
G1 X89.037 Y43.115
G1 X89.375 Y43.326
G1 X89.642 Y43.531
G1 X89.937 Y43.806
G1 X90.198 Y44.106
G1 X90.394 Y44.38
G1 X90.595 Y44.729
G1 X90.759 Y45.096
G1 X90.864 Y45.412
G1 X90.955 Y45.804
G1 X90.993 Y46.113
G4
M118 S"@pump_pressure 0 0"
G1 X91.108 Y46.216
G4
M118 S"@pump_pressure 0 702"
G1 X91.117 Y46.539
G1 X91.096 Y46.882
G1 X91.031 Y47.29
G1 X90.945 Y47.622
G1 X90.804 Y48.01
G1 X90.623 Y48.38
G1 X90.406 Y48.727
G1 X90.195 Y49.003
G1 X89.914 Y49.304
G1 X89.603 Y49.575
G1 X89.323 Y49.774
G1 X88.966 Y49.981
G1 X88.589 Y50.148
G1 X88.263 Y50.257
G1 X87.861 Y50.35
G1 X87.452 Y50.4
G1 X87.108 Y50.409
G1 X86.766 Y50.389
G1 X86.358 Y50.324
G1 X85.959 Y50.217
G1 X85.638 Y50.097
G1 X85.267 Y49.916
G1 X84.92 Y49.699
G1 X84.645 Y49.488
G1 X84.343 Y49.207
G1 X84.072 Y48.896
G1 X83.873 Y48.616
G1 X83.667 Y48.259
G1 X83.499 Y47.882
G1 X83.39 Y47.556
G1 X83.297 Y47.154
G1 X83.247 Y46.748
G1 X83.238 Y46.401
G1 X83.259 Y46.059
G1 X83.323 Y45.651
G1 X83.409 Y45.319
M118 S"@sync 190"
G1 X83.55 Y44.931
G1 X83.731 Y44.56
G1 X83.948 Y44.213
G1 X84.159 Y43.938
G1 X84.44 Y43.636
G1 X84.749 Y43.367
G1 X85.031 Y43.166
G1 X85.389 Y42.96
G1 X85.701 Y42.817
G1 X86.088 Y42.684
G1 X86.425 Y42.603
G1 X86.834 Y42.545
G1 X87.243 Y42.531
G1 X87.589 Y42.552
G1 X87.996 Y42.616
G1 X88.395 Y42.723
G1 X88.716 Y42.843
G1 X89.087 Y43.024
G1 X89.434 Y43.241
G1 X89.71 Y43.452
G1 X90.011 Y43.733
G1 X90.28 Y44.042
G1 X90.481 Y44.324
G1 X90.688 Y44.681
G1 X90.856 Y45.058
G1 X90.964 Y45.384
G1 X91.057 Y45.786
G1 X91.097 Y46.11
G4
M118 S"@pump_pressure 0 0"
G1 X90.841 Y46.398
G1 X88.207 Y48.094
G1 F306.854
G4
M118 S"@pump_pressure 0 721"
G1 X88.627 Y47.675
G1 X88.825 Y47.385
G1 X88.866 Y47.289
G1 X87.986 Y48.168
G1 X87.741 Y48.265
G1 X88.974 Y47.033
G1 X89.016 Y46.843
G1 X87.553 Y48.307
G1 X87.374 Y48.338
G1 X89.053 Y46.659
G1 X89.056 Y46.509
M118 S"@sync 191"
G1 X87.215 Y48.35
G1 X87.07 Y48.347
G1 X89.058 Y46.359
G1 X89.038 Y46.232
G1 X86.935 Y48.334
G1 X86.813 Y48.309
G1 X89.016 Y46.106
G1 X88.994 Y45.981
G1 X86.692 Y48.283
G1 X86.573 Y48.254
G1 X88.958 Y45.869
G1 X88.916 Y45.764
G1 X86.47 Y48.209
G1 X86.368 Y48.164
G1 X88.874 Y45.658
G1 X88.823 Y45.562
M118 S"@sync 192"
G1 X86.265 Y48.119
G1 X86.177 Y48.06
G1 X88.766 Y45.471
G1 X88.709 Y45.381
G1 X86.09 Y48
G1 X86.002 Y47.94
G1 X88.647 Y45.295
G1 X88.575 Y45.22
G1 X85.924 Y47.87
G1 X85.852 Y47.795
G1 X88.502 Y45.145
G1 X88.43 Y45.07
G1 X85.779 Y47.72
G1 X85.707 Y47.645
M118 S"@sync 193"
G1 X88.352 Y45
G1 X88.265 Y44.94
G1 X85.645 Y47.559
G1 X85.588 Y47.469
G1 X88.177 Y44.88
G1 X88.089 Y44.821
G1 X85.531 Y47.379
G1 X85.48 Y47.282
G1 X87.987 Y44.776
G1 X87.884 Y44.731
G1 X85.438 Y47.176
G1 X85.396 Y47.071
M118 S"@sync 194"
G1 X87.782 Y44.686
G1 X87.662 Y44.658
G1 X85.361 Y46.959
G1 X85.338 Y46.834
G1 X87.541 Y44.632
G1 X87.419 Y44.606
G1 X85.316 Y46.709
G1 X85.296 Y46.581
G1 X87.284 Y44.594
G1 X87.137 Y44.593
G1 X85.299 Y46.431
G1 X85.302 Y46.281
G1 X86.985 Y44.598
G1 X86.804 Y44.631
G1 X85.338 Y46.097
G1 X85.38 Y45.907
G1 X86.611 Y44.677
G1 X86.369 Y44.771
G1 X85.489 Y45.651
G1 X85.529 Y45.556
G1 X85.727 Y45.265
G1 X86.146 Y44.847
M107
M118 S"@pump_pressure 0 0"
G4 S2
M118 S"@pic"
M118 S"@sync 195"
M118 S"@sync 196"
G4
M118 S"@pump_pressure 0 0"
G1 Z30 F300
M118 S"@sync 197"
G1 X200 Y200 F1500
M118 S"@sync 198"
G1 Z0 F300
M84

 ;;; SLIC3R_PERIMETER_EXTRUSION_WIDTH: 0.12

 ;;; SLIC3R_EXTRA_PERIMETERS: 1

 ;;; SLIC3R_FIRST_LAYER_TEMPERATURE: 0,0,0,0

 ;;; SLIC3R_SUPPORT_MATERIAL_INTERFACE_SPACING: 0

 ;;; SLIC3R_INFILL_EVERY_LAYERS: 1

 ;;; SLIC3R_EXTRUDER_CLEARANCE_RADIUS: 20

 ;;; SLIC3R_FILAMENT_LOADING_SPEED: 28,28,28,28

 ;;; SLIC3R_SUPPORT_MATERIAL_ANGLE: 0

 ;;; SLIC3R_WIPING_VOLUMES_MATRIX: 0,140,140,140,140,0,140,140,140,140,0,140,140,140,140,0

 ;;; SLIC3R_FILAMENT_SETTINGS_ID: "Bioink Testing";"Bioink Testing";"Bioink Testing";"Bioink Testing"

 ;;; SLIC3R_BED_CUSTOM_MODEL: 

 ;;; SLIC3R_SOLID_INFILL_EVERY_LAYERS: 0

 ;;; SLIC3R_USE_VOLUMETRIC_E: 0

 ;;; SLIC3R_EXTERNAL_PERIMETER_SPEED: 0

 ;;; SLIC3R_EXTRUDER_CLEARANCE_HEIGHT: 20

 ;;; SLIC3R_FILAMENT_WIPE: nil,nil,nil,nil

 ;;; SLIC3R_PRINTHOST_APIKEY: 

 ;;; SLIC3R_SKIRT_DISTANCE: 6

 ;;; SLIC3R_INTERFACE_SHELLS: 0

 ;;; SLIC3R_GCODE_LABEL_OBJECTS: 0

 ;;; SLIC3R_MAX_PRINT_HEIGHT: 300

 ;;; SLIC3R_FIRST_LAYER_SPEED_OVER_RAFT: 30

 ;;; SLIC3R_PAUSE_PRINT_GCODE: M118 S"@pump_pressure 0 0"\nG1 Z40\nM601

 ;;; SLIC3R_WIPE_INTO_OBJECTS: 0

 ;;; SLIC3R_DUPLICATE_DISTANCE: 6

 ;;; SLIC3R_SUPPORT_MATERIAL_STYLE: grid

 ;;; SLIC3R_EXTRUSION_WIDTH: 0.12

 ;;; SLIC3R_SPIRAL_VASE: 0

 ;;; SLIC3R_RETRACT_LIFT_BELOW: 0,0,0,0

 ;;; SLIC3R_FILAMENT_COLOUR: #F94D0C;#F94D0C;#F94D0C;#F94D0C

 ;;; SLIC3R_FIRST_LAYER_HEIGHT: 0.075

 ;;; SLIC3R_SUPPORT_MATERIAL_ENFORCE_LAYERS: 0

 ;;; SLIC3R_RETRACT_RESTART_EXTRA_TOOLCHANGE: 0,0,0,0

 ;;; SLIC3R_MIN_BEAD_WIDTH: 85%

 ;;; SLIC3R_MACHINE_LIMITS_USAGE: emit_to_gcode

 ;;; SLIC3R_SMALL_PERIMETER_SPEED: 0

 ;;; SLIC3R_MIN_SKIRT_LENGTH: 0

 ;;; SLIC3R_SUPPORT_MATERIAL_INTERFACE_LAYERS: 3

 ;;; SLIC3R_PRINTER_VARIANT: 0.3

 ;;; SLIC3R_SLICE_CLOSING_RADIUS: 0.049

 ;;; SLIC3R_WIPE_TOWER_BRIM_WIDTH: 2

 ;;; SLIC3R_FIRST_LAYER_BED_TEMPERATURE: 0,0,0,0

 ;;; SLIC3R_DEFAULT_PRINT_PROFILE: "0.12 mm DETAIL (0.3 mm nozzle) @CREALITY"

 ;;; SLIC3R_SUPPORT_MATERIAL_WITH_SHEATH: 1

 ;;; SLIC3R_GAP_FILL_ENABLED: 0

 ;;; SLIC3R_REMAINING_TIMES: 0

 ;;; SLIC3R_XY_SIZE_COMPENSATION: 0

 ;;; SLIC3R_MACHINE_MAX_ACCELERATION_TRAVEL: 500

 ;;; SLIC3R_WIPE_TOWER_BRIDGING: 10

 ;;; SLIC3R_FILAMENT_RETRACT_LIFT_ABOVE: nil,nil,nil,nil

 ;;; SLIC3R_OOZE_PREVENTION: 0

 ;;; SLIC3R_INFILL_ACCELERATION: 0

 ;;; SLIC3R_PRINTER_MODEL: 

 ;;; SLIC3R_BED_SHAPE: 0x0,220x0,220x220,0x220

 ;;; SLIC3R_FIRST_LAYER_SPEED: 20

 ;;; SLIC3R_PERIMETER_GENERATOR: classic

 ;;; SLIC3R_COMPLETE_OBJECTS: 0

 ;;; SLIC3R_FILAMENT_LOADING_SPEED_START: 3,3,3,3

 ;;; SLIC3R_TRAVEL_SPEED: 5

 ;;; SLIC3R_FAN_BELOW_LAYER_TIME: 100,100,100,100

 ;;; SLIC3R_MAX_VOLUMETRIC_EXTRUSION_RATE_SLOPE_POSITIVE: 0

 ;;; SLIC3R_FIRST_LAYER_ACCELERATION: 0

 ;;; SLIC3R_MAX_VOLUMETRIC_SPEED: 0.04

 ;;; SLIC3R_GCODE_RESOLUTION: 0.0125

 ;;; SLIC3R_PHYSICAL_PRINTER_SETTINGS_ID: 

 ;;; SLIC3R_FUZZY_SKIN: none

 ;;; SLIC3R_BED_CUSTOM_TEXTURE: /home/pi/bed.svg

 ;;; SLIC3R_EXTRUDER_OFFSET: 0x0,0x0,0x0,0x0

 ;;; SLIC3R_FILAMENT_RAMMING_PARAMETERS: "120 100 6.6 6.8 7.2 7.6 7.9 8.2 8.7 9.4 9.9 10.0| 0.05 6.6 0.45 6.8 0.95 7.8 1.45 8.3 1.95 9.7 2.45 10 2.95 7.6 3.45 7.6 3.95 7.6 4.45 7.6 4.95 7.6";"120 100 6.6 6.8 7.2 7.6 7.9 8.2 8.7 9.4 9.9 10.0| 0.05 6.6 0.45 6.8 0.95 7.8 1.45 8.3 1.95 9.7 2.45 10 2.95 7.6 3.45 7.6 3.95 7.6 4.45 7.6 4.95 7.6";"120 100 6.6 6.8 7.2 7.6 7.9 8.2 8.7 9.4 9.9 10.0| 0.05 6.6 0.45 6.8 0.95 7.8 1.45 8.3 1.95 9.7 2.45 10 2.95 7.6 3.45 7.6 3.95 7.6 4.45 7.6 4.95 7.6";"120 100 6.6 6.8 7.2 7.6 7.9 8.2 8.7 9.4 9.9 10.0| 0.05 6.6 0.45 6.8 0.95 7.8 1.45 8.3 1.95 9.7 2.45 10 2.95 7.6 3.45 7.6 3.95 7.6 4.45 7.6 4.95 7.6"

 ;;; SLIC3R_COOLING_TUBE_LENGTH: 5

 ;;; SLIC3R_FILAMENT_MINIMAL_PURGE_ON_WIPE_TOWER: 15,15,15,15

 ;;; SLIC3R_FAN_ALWAYS_ON: 0,0,0,0

 ;;; SLIC3R_MACHINE_MAX_ACCELERATION_RETRACTING: 1000

 ;;; SLIC3R_SUPPORT_MATERIAL_THRESHOLD: 0

 ;;; SLIC3R_MIN_FAN_SPEED: 100,100,100,100

 ;;; SLIC3R_USE_FIRMWARE_RETRACTION: 0

 ;;; SLIC3R_SUPPORT_MATERIAL_EXTRUDER: 1

 ;;; SLIC3R_FUZZY_SKIN_POINT_DIST: 0.8

 ;;; SLIC3R_GCODE_SUBSTITUTIONS: 

 ;;; SLIC3R_NOTES: 

 ;;; SLIC3R_RAFT_CONTACT_DISTANCE: 0.1

 ;;; SLIC3R_FIRST_LAYER_EXTRUSION_WIDTH: 0.12

 ;;; SLIC3R_TOP_SOLID_MIN_THICKNESS: 0

 ;;; SLIC3R_SUPPORT_MATERIAL_SPACING: 2.5

 ;;; SLIC3R_SUPPORT_MATERIAL_BOTTOM_INTERFACE_LAYERS: -1

 ;;; SLIC3R_FILAMENT_DERETRACT_SPEED: nil,nil,nil,nil

 ;;; SLIC3R_WIPE: 1,1,1,1

 ;;; SLIC3R_FILAMENT_SPOOL_WEIGHT: 0,0,0,0

 ;;; SLIC3R_MACHINE_MAX_FEEDRATE_E: 60

 ;;; SLIC3R_BRIDGE_FAN_SPEED: 0,0,0,0

 ;;; SLIC3R_SKIRTS: 0

 ;;; SLIC3R_MACHINE_MAX_FEEDRATE_Z: 5

 ;;; SLIC3R_MACHINE_MAX_FEEDRATE_X: 500

 ;;; SLIC3R_FILAMENT_DIAMETER: 1,1,1,1

 ;;; SLIC3R_MACHINE_MAX_FEEDRATE_Y: 500

 ;;; SLIC3R_END_FILAMENT_GCODE: "; Filament-specific end gcode \n;END gcode for filament\n";"; Filament-specific end gcode \n;END gcode for filament\n";"; Filament-specific end gcode \n;END gcode for filament\n";"; Filament-specific end gcode \n;END gcode for filament\n"

 ;;; SLIC3R_SUPPORT_MATERIAL_INTERFACE_CONTACT_LOOPS: 0

 ;;; SLIC3R_RETRACT_BEFORE_WIPE: 70%,70%,70%,70%

 ;;; SLIC3R_INFILL_OVERLAP: 25%

 ;;; SLIC3R_THICK_BRIDGES: 1

 ;;; SLIC3R_PRINT_SETTINGS_ID: BioPrinter

 ;;; SLIC3R_END_GCODE: M118 S"@pump_pressure 0 0"\nG4 S2\nM118 S"@pic"\nG1 Z30 F300\nG1 X200 Y200 F1500\nG1 Z0 F300\nM84 ; disable motors\n

 ;;; SLIC3R_DEFAULT_ACCELERATION: 0

 ;;; SLIC3R_FILAMENT_RETRACT_BEFORE_WIPE: nil,nil,nil,nil

 ;;; SLIC3R_ENSURE_VERTICAL_SHELL_THICKNESS: 0

 ;;; SLIC3R_BRIDGE_SPEED: 0

 ;;; SLIC3R_TOOLCHANGE_GCODE: 

 ;;; SLIC3R_RAFT_EXPANSION: 1.5

 ;;; SLIC3R_SUPPORT_MATERIAL_CONTACT_DISTANCE: 0.2

 ;;; SLIC3R_FILAMENT_RETRACT_BEFORE_TRAVEL: nil,nil,nil,nil

 ;;; SLIC3R_RAFT_LAYERS: 0

 ;;; SLIC3R_PERIMETER_EXTRUDER: 1

 ;;; SLIC3R_SUPPORT_MATERIAL_CLOSING_RADIUS: 2

 ;;; SLIC3R_EXTRUDER_COLOUR: #FCE94F;#FF3500;#3622FF;#009D1C

 ;;; SLIC3R_Z_OFFSET: 0

 ;;; SLIC3R_FILAMENT_RETRACT_SPEED: nil,nil,nil,nil

 ;;; SLIC3R_MAX_LAYER_HEIGHT: 0.24,0.24,0.24,0.24

 ;;; SLIC3R_WIPING_VOLUMES_EXTRUDERS: 70,70,70,70,70,70,70,70

 ;;; SLIC3R_SUPPORT_MATERIAL_AUTO: 0

 ;;; SLIC3R_PERIMETER_ACCELERATION: 0

 ;;; SLIC3R_DEFAULT_FILAMENT_PROFILE: "Generic PLA @CREALITY"

 ;;; SLIC3R_BED_TEMPERATURE: 0,0,0,0

 ;;; SLIC3R_TOP_SOLID_LAYERS: 0

 ;;; SLIC3R_FILAMENT_TOOLCHANGE_DELAY: 0,0,0,0

 ;;; SLIC3R_BEFORE_LAYER_GCODE: ;BEFORE_LAYER_CHANGE\nG92 E0\n;{layer_z}\n\n

 ;;; SLIC3R_MIN_FEATURE_SIZE: 25%

 ;;; SLIC3R_LAYER_GCODE: ;AFTER_LAYER_CHANGE\nM118 S"@pic"\n;{layer_z}

 ;;; SLIC3R_COLORPRINT_HEIGHTS: 

 ;;; SLIC3R_PRINTER_NOTES: Don't remove the following keywords! These keywords are used in the "compatible printer" condition of the print and filament profiles to link the particular print and filament profiles to this printer profile.\nPRINTER_VENDOR_CREALITY\nPRINTER_MODEL_ENDER5PRO

 ;;; SLIC3R_LAYER_HEIGHT: 0.075

 ;;; SLIC3R_DISABLE_FAN_FIRST_LAYERS: 1,1,1,1

 ;;; SLIC3R_FILAMENT_COOLING_MOVES: 4,4,4,4

 ;;; SLIC3R_FILL_DENSITY: 100%

 ;;; SLIC3R_BRIDGE_ACCELERATION: 0

 ;;; SLIC3R_SUPPORT_MATERIAL_XY_SPACING: 50%

 ;;; SLIC3R_INFILL_ANCHOR_MAX: 50

 ;;; SLIC3R_WIPE_TOWER_NO_SPARSE_LAYERS: 0

 ;;; SLIC3R_SINGLE_EXTRUDER_MULTI_MATERIAL: 0

 ;;; SLIC3R_PRINTER_VENDOR: 

 ;;; SLIC3R_PERIMETER_SPEED: 0

 ;;; SLIC3R_MACHINE_MIN_TRAVEL_RATE: 0

 ;;; SLIC3R_PERIMETERS: 20

 ;;; SLIC3R_FILAMENT_RETRACT_LIFT_BELOW: nil,nil,nil,nil

 ;;; SLIC3R_MIN_LAYER_HEIGHT: 0.06,0.06,0.06,0.06

 ;;; SLIC3R_FILAMENT_NOTES: ;;;

 ;;; SLIC3R_INFILL_FIRST: 0

 ;;; SLIC3R_RETRACT_LIFT_ABOVE: 0.2,0.2,0.2,0.2

 ;;; SLIC3R_USE_RELATIVE_E_DISTANCES: 1

 ;;; SLIC3R_SLICING_MODE: regular

 ;;; SLIC3R_SUPPORT_MATERIAL_INTERFACE_SPEED: 100%

 ;;; SLIC3R_MACHINE_MIN_EXTRUDING_RATE: 0

 ;;; SLIC3R_MAX_FAN_SPEED: 100,100,100,100

 ;;; SLIC3R_DERETRACT_SPEED: 40,40,40,40

 ;;; SLIC3R_PARKING_POS_RETRACTION: 92

 ;;; SLIC3R_INHERITS_CUMMULATIVE: ;"Prusament PLA @CREALITY";"Prusament PLA @CREALITY";"Prusament PLA @CREALITY";"Prusament PLA @CREALITY";

 ;;; SLIC3R_THREADS: 4

 ;;; SLIC3R_IRONING_SPACING: 0.1

 ;;; SLIC3R_FILAMENT_RETRACT_LAYER_CHANGE: nil,nil,nil,nil

 ;;; SLIC3R_POST_PROCESS: "/home/pi/postProcessPrusaSlicer.py\r\n"

 ;;; SLIC3R_FILL_PATTERN: concentric

 ;;; SLIC3R_FILAMENT_UNLOAD_TIME: 0,0,0,0

 ;;; SLIC3R_FILAMENT_SOLUBLE: 0,0,0,0

 ;;; SLIC3R_THUMBNAILS_FORMAT: PNG

 ;;; SLIC3R_INFILL_EXTRUDER: 1

 ;;; SLIC3R_TEMPLATE_CUSTOM_GCODE: 

 ;;; SLIC3R_SINGLE_EXTRUDER_MULTI_MATERIAL_PRIMING: 1

 ;;; SLIC3R_FILAMENT_RETRACT_LENGTH: nil,nil,nil,nil

 ;;; SLIC3R_FULL_FAN_SPEED_LAYER: 0,0,0,0

 ;;; SLIC3R_OVERHANGS: 1

 ;;; SLIC3R_SOLID_INFILL_SPEED: 20

 ;;; SLIC3R_SILENT_MODE: 0

 ;;; SLIC3R_FILAMENT_LOAD_TIME: 0,0,0,0

 ;;; SLIC3R_BOTTOM_FILL_PATTERN: monotonic

 ;;; SLIC3R_SUPPORT_MATERIAL_SPEED: 0

 ;;; SLIC3R_HOST_TYPE: prusalink

 ;;; SLIC3R_FILAMENT_TYPE: PLA;PLA;PLA;PLA

 ;;; SLIC3R_ELEFANT_FOOT_COMPENSATION: 0

 ;;; SLIC3R_FILAMENT_MAX_VOLUMETRIC_SPEED: 15,15,15,15

 ;;; SLIC3R_HIGH_CURRENT_ON_FILAMENT_SWAP: 0

 ;;; SLIC3R_SUPPORT_MATERIAL_BOTTOM_CONTACT_DISTANCE: 0

 ;;; SLIC3R_PP_HOST: File

 ;;; SLIC3R_DRAFT_SHIELD: disabled

 ;;; SLIC3R_MIN_PRINT_SPEED: 15,15,15,15

 ;;; SLIC3R_BETWEEN_OBJECTS_GCODE: 

 ;;; SLIC3R_FIRST_LAYER_ACCELERATION_OVER_RAFT: 0

 ;;; SLIC3R_FILL_ANGLE: 45

 ;;; SLIC3R_BRIDGE_ANGLE: 0

 ;;; SLIC3R_FILAMENT_RETRACT_LIFT: nil,nil,nil,nil

 ;;; SLIC3R_PRINT_HOST: 

 ;;; SLIC3R_SUPPORT_MATERIAL_INTERFACE_EXTRUDER: 1

 ;;; SLIC3R_WIPE_TOWER: 0

 ;;; SLIC3R_TRAVEL_SPEED_Z: 5

 ;;; SLIC3R_FILAMENT_COST: 0,0,0,0

 ;;; SLIC3R_MACHINE_MAX_ACCELERATION_EXTRUDING: 500

 ;;; SLIC3R_BOTTOM_SOLID_LAYERS: 0

 ;;; SLIC3R_PRINTHOST_CAFILE: 

 ;;; SLIC3R_COOLING: 0,0,0,0

 ;;; SLIC3R_TOP_INFILL_EXTRUSION_WIDTH: 0.12

 ;;; SLIC3R_FILAMENT_DENSITY: 0,0,0,0

 ;;; SLIC3R_FUZZY_SKIN_THICKNESS: 0.3

 ;;; SLIC3R_FILAMENT_COOLING_INITIAL_SPEED: 2.2,2.2,2.2,2.2

 ;;; SLIC3R_FILAMENT_UNLOADING_SPEED: 90,90,90,90

 ;;; SLIC3R_TEMPERATURE: 0,0,0,0

 ;;; SLIC3R_WALL_TRANSITION_ANGLE: 10

 ;;; SLIC3R_OUTPUT_FILENAME_FORMAT: [input_filename_base].gcode

 ;;; SLIC3R_STANDBY_TEMPERATURE_DELTA: -5

 ;;; SLIC3R_WALL_TRANSITION_LENGTH: 100%

 ;;; SLIC3R_IRONING_TYPE: top

 ;;; SLIC3R_GAP_FILL_SPEED: 0

 ;;; SLIC3R_EXTRA_LOADING_MOVE: -2

 ;;; SLIC3R_WALL_TRANSITION_FILTER_DEVIATION: 25%

 ;;; SLIC3R_RETRACT_LAYER_CHANGE: 1,1,1,1

 ;;; SLIC3R_COLOR_CHANGE_GCODE: M600

 ;;; SLIC3R_BRIM_SEPARATION: 0

 ;;; SLIC3R_TOP_FILL_PATTERN: monotonic

 ;;; SLIC3R_IRONING_SPEED: 15

 ;;; SLIC3R_GCODE_COMMENTS: 0

 ;;; SLIC3R_RAFT_FIRST_LAYER_EXPANSION: 3

 ;;; SLIC3R_THIN_WALLS: 1

 ;;; SLIC3R_EXTRUSION_AXIS: E

 ;;; SLIC3R_INFILL_SPEED: 0

 ;;; SLIC3R_FILAMENT_COOLING_FINAL_SPEED: 3.4,3.4,3.4,3.4

 ;;; SLIC3R_RETRACT_RESTART_EXTRA: 0,0,0,0

 ;;; SLIC3R_SUPPORT_MATERIAL_SYNCHRONIZE_LAYERS: 0

 ;;; SLIC3R_FILAMENT_UNLOADING_SPEED_START: 100,100,100,100

 ;;; SLIC3R_RETRACT_BEFORE_TRAVEL: 2,2,2,2

 ;;; SLIC3R_SUPPORT_MATERIAL_BUILDPLATE_ONLY: 0

 ;;; SLIC3R_DONT_SUPPORT_BRIDGES: 1

 ;;; SLIC3R_WIPE_TOWER_ROTATION_ANGLE: 0

 ;;; SLIC3R_START_FILAMENT_GCODE: "; Filament gcode\n";"; Filament gcode\n";"; Filament gcode\n";"; Filament gcode\n"

 ;;; SLIC3R_WIPE_INTO_INFILL: 0

 ;;; SLIC3R_EXTERNAL_PERIMETERS_FIRST: 0

 ;;; SLIC3R_BRIM_WIDTH: 0

 ;;; SLIC3R_RAFT_FIRST_LAYER_DENSITY: 90%

 ;;; SLIC3R_WIPE_TOWER_X: 180

 ;;; SLIC3R_WIPE_TOWER_Y: 140

 ;;; SLIC3R_ONLY_RETRACT_WHEN_CROSSING_PERIMETERS: 1

 ;;; SLIC3R_AVOID_CROSSING_PERIMETERS: 0

 ;;; SLIC3R_RETRACT_LENGTH: 0,0,0,0

 ;;; SLIC3R_SEAM_POSITION: aligned

 ;;; SLIC3R_GCODE_FLAVOR: reprapfirmware

 ;;; SLIC3R_START_GCODE: G90 ; use absolute coordinates\nM83 ; extruder relative mode\n\nG92 Z0\nG1 Z30\n\nG28 X Y ; home x and y\nG28 Z ; home z\nG4\nG92 Z0\nG1 Z30\nG1 X88.563 Y46.587

 ;;; SLIC3R_BOTTOM_SOLID_MIN_THICKNESS: 0

 ;;; SLIC3R_MAX_VOLUMETRIC_EXTRUSION_RATE_SLOPE_NEGATIVE: 0

 ;;; SLIC3R_PP_OUTPUT_NAME: /home/pi/Downloads/Shape-Cylinder.gcode

 ;;; SLIC3R_MACHINE_MAX_ACCELERATION_X: 500

 ;;; SLIC3R_MACHINE_MAX_ACCELERATION_Y: 500

 ;;; SLIC3R_MACHINE_MAX_ACCELERATION_Z: 100

 ;;; SLIC3R_MACHINE_MAX_ACCELERATION_E: 1000

 ;;; SLIC3R_IRONING_FLOWRATE: 15%

 ;;; SLIC3R_VARIABLE_LAYER_HEIGHT: 1

 ;;; SLIC3R_SOLID_INFILL_EXTRUDER: 1

 ;;; SLIC3R_FILAMENT_VENDOR: Prusa Polymers

 ;;; SLIC3R_SUPPORT_MATERIAL_INTERFACE_PATTERN: rectilinear

 ;;; SLIC3R_INFILL_ANCHOR: 600%

 ;;; SLIC3R_INFILL_EXTRUSION_WIDTH: 0.12

 ;;; SLIC3R_PRINTER_TECHNOLOGY: FFF

 ;;; SLIC3R_WIPE_TOWER_WIDTH: 60

 ;;; SLIC3R_FILAMENT_RETRACT_RESTART_EXTRA: nil,nil,nil,nil

 ;;; SLIC3R_WALL_DISTRIBUTION_COUNT: 1

 ;;; SLIC3R_RESOLUTION: 0

 ;;; SLIC3R_RETRACT_SPEED: 60,60,60,60

 ;;; SLIC3R_SOLID_INFILL_BELOW_AREA: 70

 ;;; SLIC3R_COOLING_TUBE_RETRACTION: 91.5

 ;;; SLIC3R_EXTRUSION_MULTIPLIER: 1.1,1.1,1.1,1.1

 ;;; SLIC3R_BRIDGE_FLOW_RATIO: 1

 ;;; SLIC3R_PRINTER_SETTINGS_ID: BioPrinter

 ;;; SLIC3R_MMU_SEGMENTED_REGION_MAX_WIDTH: 0

 ;;; SLIC3R_SLOWDOWN_BELOW_LAYER_TIME: 20,20,20,20

 ;;; SLIC3R_SKIRT_HEIGHT: 1

 ;;; SLIC3R_BRIM_TYPE: outer_only

 ;;; SLIC3R_MACHINE_MAX_JERK_Z: 0.4

 ;;; SLIC3R_SOLID_INFILL_EXTRUSION_WIDTH: 0.12

 ;;; SLIC3R_MACHINE_MAX_JERK_X: 8

 ;;; SLIC3R_MACHINE_MAX_JERK_Y: 8

 ;;; SLIC3R_COMPATIBLE_PRINTERS_CONDITION_CUMMULATIVE: ;printer_notes=~/.*PRINTER_VENDOR_CREALITY.*/;printer_notes=~/.*PRINTER_VENDOR_CREALITY.*/;printer_notes=~/.*PRINTER_VENDOR_CREALITY.*/;printer_notes=~/.*PRINTER_VENDOR_CREALITY.*/

 ;;; SLIC3R_SUPPORT_MATERIAL_PATTERN: rectilinear

 ;;; SLIC3R_AVOID_CROSSING_PERIMETERS_MAX_DETOUR: 0

 ;;; SLIC3R_MACHINE_MAX_JERK_E: 5

 ;;; SLIC3R_RETRACT_LIFT: 0,0,0,0

 ;;; SLIC3R_IRONING: 0

 ;;; SLIC3R_TOP_SOLID_INFILL_SPEED: 15

 ;;; SLIC3R_CLIP_MULTIPART_OBJECTS: 1

 ;;; SLIC3R_THUMBNAILS: 

 ;;; SLIC3R_INFILL_ONLY_WHERE_NEEDED: 0

 ;;; SLIC3R_SUPPORT_MATERIAL_EXTRUSION_WIDTH: 0.35

 ;;; SLIC3R_NOZZLE_DIAMETER: 0.71,0.71,0.71,0.71

 ;;; SLIC3R_MAX_PRINT_SPEED: 5

 ;;; SLIC3R_EXTERNAL_PERIMETER_EXTRUSION_WIDTH: 0.12

 ;;; SLIC3R_SUPPORT_MATERIAL: 0

 ;;; SLIC3R_RETRACT_LENGTH_TOOLCHANGE: 1,1,1,1
